model_name	compartment	branch_length_transformation	AIC	AICc	estimated_parameter	parameter_value	R2	slope	intercept	x_trait_slope_95CI	x_trait_slope_stdev	p	x_trait	y_trait	best_model
BM	-	lambda=1 delta=1kappa=1	-29.5312287809593	-28.6081518578823	None	All parameters fixed	0.0052651270549949	0.000820054953713048	0.105377838493726	-0.00508446036630451 - 0.00672457027373061	0.00301250781633549	0.789428960277093	skeleton_D_0__Bacteria___D_1__Proteobacteria___D_2__Alphaproteobacteria___D_3__Rhodobacterales___D_4__Rhodobacteraceae___D_5__Ruegeria	growth_rate_mm_per_year	FALSE
BM_Lambda	-	lambda=ML delta=1kappa=1	-40.9163972180325	-39.9933202949556	lambda	lambda : 0.412555787155228 (95% CI  NA  -  0.892510355094076 )	0.00504083195394147	-0.000565989337230199	0.122001741999249	-0.00473134243294332 - 0.00359936375848292	0.00212518015087404	0.793870981130028	skeleton_D_0__Bacteria___D_1__Proteobacteria___D_2__Alphaproteobacteria___D_3__Rhodobacterales___D_4__Rhodobacteraceae___D_5__Ruegeria	growth_rate_mm_per_year	TRUE
BM_Kappa	-	lambda=1 delta=1kappa=ML	-40.237887952288	-39.3148110292111	kappa	kappa : 1e-06 (95% CI  NA  -  0.495307483915833 )	0.000972337836489071	-0.000238496631199692	0.121318283287747	-0.00424305350856928 - 0.0037660602461699	0.00204314126396408	0.908731730253	skeleton_D_0__Bacteria___D_1__Proteobacteria___D_2__Alphaproteobacteria___D_3__Rhodobacterales___D_4__Rhodobacteraceae___D_5__Ruegeria	growth_rate_mm_per_year	FALSE
BM_Delta	-	lambda=1 delta=MLkappa=1	-29.5312287809593	-28.6081518578823	delta	delta : 1 (95% CI  0.296181694564284  -  NA )	0.0052651270549949	0.000820054953713048	0.105377838493726	-0.00508446036630451 - 0.00672457027373061	0.00301250781633549	0.789428960277093	skeleton_D_0__Bacteria___D_1__Proteobacteria___D_2__Alphaproteobacteria___D_3__Rhodobacterales___D_4__Rhodobacteraceae___D_5__Ruegeria	growth_rate_mm_per_year	FALSE
