model_name	compartment	branch_length_transformation	AIC	AICc	estimated_parameter	parameter_value	R2	slope	intercept	x_trait_slope_95CI	x_trait_slope_stdev	p	x_trait	y_trait	best_model
BM	-	lambda=1 delta=1kappa=1	-29.8879354547552	-29.6270658895378	None	All parameters fixed	0.079491964835379	0.00162762963987573	0.164924148030418	4.4141159178956e-05 - 0.0032111181205725	0.000807902286069781	0.0496842683791903	all_D_0__Bacteria___D_1__Proteobacteria___D_2__Alphaproteobacteria___D_3__Rhizobiales___D_4__Stappiaceae___D_5__Pseudovibrio	dominance_all	FALSE
BM_Lambda	-	lambda=ML delta=1kappa=1	-81.0812270604496	-80.8203574952322	lambda	lambda : 1e-06 (95% CI  NA  -  0.304485527887128 )	0.0285338306048031	0.000744037052029837	0.153365541459279	-0.000497145057520587 - 0.00198521916158026	0.000633256178342053	0.245937665394842	all_D_0__Bacteria___D_1__Proteobacteria___D_2__Alphaproteobacteria___D_3__Rhizobiales___D_4__Stappiaceae___D_5__Pseudovibrio	dominance_all	TRUE
BM_Kappa	-	lambda=1 delta=1kappa=ML	-63.0954178565465	-62.8345482913291	kappa	kappa : 1e-06 (95% CI  NA  -  0.279592903417927 )	0.09446593222291	0.00140761296277465	0.19889246617422	0.000161649836968252 - 0.00265357608858105	0.000635695472350204	0.0316955386902245	all_D_0__Bacteria___D_1__Proteobacteria___D_2__Alphaproteobacteria___D_3__Rhizobiales___D_4__Stappiaceae___D_5__Pseudovibrio	dominance_all	FALSE
BM_Delta	-	lambda=1 delta=MLkappa=1	-29.8879354547552	-29.6270658895378	delta	delta : 1 (95% CI  0.466899560936892  -  NA )	0.079491964835379	0.00162762963987573	0.164924148030418	4.4141159178956e-05 - 0.0032111181205725	0.000807902286069781	0.0496842683791903	all_D_0__Bacteria___D_1__Proteobacteria___D_2__Alphaproteobacteria___D_3__Rhizobiales___D_4__Stappiaceae___D_5__Pseudovibrio	dominance_all	FALSE
