model_name	compartment	branch_length_transformation	AIC	AICc	estimated_parameter	parameter_value	R2	slope	intercept	x_trait_slope_95CI	x_trait_slope_stdev	p	x_trait	y_trait	best_model
BM	-	lambda=1 delta=1kappa=1	111.634368470123	112.156107600558	None	All parameters fixed	0.0010718938527106	0.00031500990949442	4.14516930461896	-0.00353237726284856 - 0.0041623970818374	0.0019629526389505	0.873847978317234	mucus_D_0__Bacteria___D_1__Proteobacteria___D_2__Gammaproteobacteria___D_3__Alteromonadales___D_4__Pseudoalteromonadaceae___D_5__Pseudoalteromonas	depth	FALSE
BM_Lambda	-	lambda=ML delta=1kappa=1	108.147005512547	108.668744642981	lambda	lambda : 1e-06 (95% CI  NA  -  NA )	0.00155562481164023	-0.000702608195591091	3.98811555432627	-0.00782413590579639 - 0.0064189195146142	0.00363343250520678	0.848293979058443	mucus_D_0__Bacteria___D_1__Proteobacteria___D_2__Gammaproteobacteria___D_3__Alteromonadales___D_4__Pseudoalteromonadaceae___D_5__Pseudoalteromonas	depth	FALSE
BM_Kappa	-	lambda=1 delta=1kappa=ML	104.4181193399	104.939858470335	kappa	kappa : 0.0542102904355527 (95% CI  NA  -  0.732763702823739 )	0.00354103805012884	0.000787339916796472	4.08163408488417	-0.00449683435864117 - 0.00607151419223411	0.00269600728338655	0.772766221531186	mucus_D_0__Bacteria___D_1__Proteobacteria___D_2__Gammaproteobacteria___D_3__Alteromonadales___D_4__Pseudoalteromonadaceae___D_5__Pseudoalteromonas	depth	TRUE
BM_Delta	-	lambda=1 delta=MLkappa=1	111.634368470123	112.156107600558	delta	delta : 1 (95% CI  0.302112322670577  -  NA )	0.0010718938527106	0.00031500990949442	4.14516930461896	-0.00353237726284856 - 0.0041623970818374	0.0019629526389505	0.873847978317234	mucus_D_0__Bacteria___D_1__Proteobacteria___D_2__Gammaproteobacteria___D_3__Alteromonadales___D_4__Pseudoalteromonadaceae___D_5__Pseudoalteromonas	depth	FALSE
