model_name	compartment	branch_length_transformation	AIC	AICc	estimated_parameter	parameter_value	R2	slope	intercept	x_trait_slope_95CI	x_trait_slope_stdev	p	x_trait	y_trait	best_model
BM	-	lambda=1 delta=1kappa=1	254.660028487845	254.984352812169	None	All parameters fixed	0.00108381048511874	0.00122492208910757	3.53949654232305	-0.0105989736418872 - 0.0130488178201024	0.00603259986275245	0.840178968105773	mucus_D_0__Bacteria___D_1__Proteobacteria___D_2__Alphaproteobacteria___D_3__Sphingomonadales___D_4__Sphingomonadaceae___D_5__Sphingobium	perc_dis	FALSE
BM_Lambda	-	lambda=ML delta=1kappa=1	237.377929374607	237.702253698931	lambda	lambda : 1e-06 (95% CI  NA  -  0.274423686477967 )	0.00734758342070217	0.00605866471209827	2.64233937827308	-0.0163320280935091 - 0.0284493575177057	0.0114238228600038	0.598952636561727	mucus_D_0__Bacteria___D_1__Proteobacteria___D_2__Alphaproteobacteria___D_3__Sphingomonadales___D_4__Sphingomonadaceae___D_5__Sphingobium	perc_dis	TRUE
BM_Kappa	-	lambda=1 delta=1kappa=ML	252.669759493427	252.994083817751	kappa	kappa : 0.563745727266587 (95% CI  NA  -  NA )	0.00378364343590001	0.00332561682819342	3.31746993439559	-0.0138320493907269 - 0.0204832830471137	0.00875391133618384	0.706134221408029	mucus_D_0__Bacteria___D_1__Proteobacteria___D_2__Alphaproteobacteria___D_3__Sphingomonadales___D_4__Sphingomonadaceae___D_5__Sphingobium	perc_dis	FALSE
BM_Delta	-	lambda=1 delta=MLkappa=1	254.660028487845	254.984352812169	delta	delta : 1 (95% CI  0.38158654707157  -  NA )	0.00108381048511874	0.00122492208910757	3.53949654232305	-0.0105989736418872 - 0.0130488178201024	0.00603259986275245	0.840178968105773	mucus_D_0__Bacteria___D_1__Proteobacteria___D_2__Alphaproteobacteria___D_3__Sphingomonadales___D_4__Sphingomonadaceae___D_5__Sphingobium	perc_dis	FALSE
