model_name	compartment	branch_length_transformation	AIC	AICc	estimated_parameter	parameter_value	R2	slope	intercept	x_trait_slope_95CI	x_trait_slope_stdev	p	x_trait	y_trait	best_model
BM	-	lambda=1 delta=1kappa=1	0.736390832327857	1.02210511804214	None	All parameters fixed	0.000386308842443449	-2.10446951069658e-05	0.888667730462078	-0.000341017637543218 - 0.000298928247329287	0.000163251501242986	0.898030213461171	tissue_D_0__Bacteria___D_1__Proteobacteria___D_2__Gammaproteobacteria___D_3__Oceanospirillales___D_4__Endozoicomonadaceae___D_5__Endozoicomonas	gini_index_tissue	FALSE
BM_Lambda	-	lambda=ML delta=1kappa=1	-73.097740939438	-72.8120266537237	lambda	lambda : 1e-06 (95% CI  NA  -  0.533765461558564 )	0.0400518771647035	0.000133240474353175	0.861697249892284	-6.17307225621437e-05 - 0.000328211671268493	9.94751004669991e-05	0.187465902398838	tissue_D_0__Bacteria___D_1__Proteobacteria___D_2__Gammaproteobacteria___D_3__Oceanospirillales___D_4__Endozoicomonadaceae___D_5__Endozoicomonas	gini_index_tissue	TRUE
BM_Kappa	-	lambda=1 delta=1kappa=ML	-68.8014934915612	-68.5157792058469	kappa	kappa : 1e-06 (95% CI  NA  -  0.121362864741749 )	0.00325455137014446	3.09491655011235e-05	0.896769387683219	-0.000130939838878172 - 0.000192838169880419	8.2596430805763e-05	0.709722751977061	tissue_D_0__Bacteria___D_1__Proteobacteria___D_2__Gammaproteobacteria___D_3__Oceanospirillales___D_4__Endozoicomonadaceae___D_5__Endozoicomonas	gini_index_tissue	FALSE
BM_Delta	-	lambda=1 delta=MLkappa=1	0.736390832327857	1.02210511804214	delta	delta : 1 (95% CI  0.493262414950923  -  NA )	0.000386308842443449	-2.10446951069658e-05	0.888667730462078	-0.000341017637543218 - 0.000298928247329287	0.000163251501242986	0.898030213461171	tissue_D_0__Bacteria___D_1__Proteobacteria___D_2__Gammaproteobacteria___D_3__Oceanospirillales___D_4__Endozoicomonadaceae___D_5__Endozoicomonas	gini_index_tissue	FALSE
