model_name	compartment	branch_length_transformation	AIC	AICc	estimated_parameter	parameter_value	R2	slope	intercept	x_trait_slope_95CI	x_trait_slope_stdev	p	x_trait	y_trait	best_model
BM	-	lambda=1 delta=1kappa=1	-71.6738840962985	-71.3881698105842	None	All parameters fixed	0.137440743444209	0.000271537823875811	0.174909122241665	6.82137049526707e-05 - 0.000474861942798951	0.000103736795368949	0.0121761967101779	tissue_D_0__Bacteria___D_1__Proteobacteria___D_2__Alphaproteobacteria___D_3__Rhodospirillales___D_4__Terasakiellaceae___D_5__uncultured	dominance_all	FALSE
BM_Lambda	-	lambda=ML delta=1kappa=1	-91.0880734461492	-90.8023591604349	lambda	lambda : 1e-06 (95% CI  NA  -  0.527954201167689 )	0.0376846861635185	0.000240259418919237	0.152955310220371	-0.000122633515937284 - 0.000603152353775759	0.00018514945655945	0.201325630858014	tissue_D_0__Bacteria___D_1__Proteobacteria___D_2__Alphaproteobacteria___D_3__Rhodospirillales___D_4__Terasakiellaceae___D_5__uncultured	dominance_all	TRUE
BM_Kappa	-	lambda=1 delta=1kappa=ML	-76.3532369663331	-76.0675226806188	kappa	kappa : 0.532579773054443 (95% CI  0.0988390169054667  -  0.956439565068508 )	0.0791482017181682	0.000255132847656042	0.189748549548852	-4.98045556696254e-06 - 0.000515246150879047	0.000132710868991329	0.0611870656885012	tissue_D_0__Bacteria___D_1__Proteobacteria___D_2__Alphaproteobacteria___D_3__Rhodospirillales___D_4__Terasakiellaceae___D_5__uncultured	dominance_all	FALSE
BM_Delta	-	lambda=1 delta=MLkappa=1	-71.6738840962985	-71.3881698105842	delta	delta : 1 (95% CI  0.38339743583638  -  NA )	0.137440743444209	0.000271537823875811	0.174909122241665	6.82137049526707e-05 - 0.000474861942798951	0.000103736795368949	0.0121761967101779	tissue_D_0__Bacteria___D_1__Proteobacteria___D_2__Alphaproteobacteria___D_3__Rhodospirillales___D_4__Terasakiellaceae___D_5__uncultured	dominance_all	FALSE
