model_name	compartment	branch_length_transformation	AIC	AICc	estimated_parameter	parameter_value	R2	slope	intercept	x_trait_slope_95CI	x_trait_slope_stdev	p	x_trait	y_trait	best_model
BM	-	lambda=1 delta=1kappa=1	-39.9276883275983	-39.0046114045214	None	All parameters fixed	0.480587938661345	0.000425548337111934	0.0824577684506184	0.000193803251708751 - 0.000657293422515117	0.000118237288471012	0.00290363773841262	all_D_0__Bacteria___D_1__Proteobacteria___D_2__Gammaproteobacteria___D_3__Oceanospirillales___D_4__Endozoicomonadaceae___D_5__Endozoicomonas	growth_rate_mm_per_year	FALSE
BM_Lambda	-	lambda=ML delta=1kappa=1	-47.5642530113565	-46.6411760882796	lambda	lambda : 0.412688869803789 (95% CI  NA  -  0.951209318809315 )	0.343310600507604	0.000405827851391574	0.0894273391371291	0.000111812302556838 - 0.00069984340022631	0.000150007933078947	0.0170759045714153	all_D_0__Bacteria___D_1__Proteobacteria___D_2__Gammaproteobacteria___D_3__Oceanospirillales___D_4__Endozoicomonadaceae___D_5__Endozoicomonas	growth_rate_mm_per_year	TRUE
BM_Kappa	-	lambda=1 delta=1kappa=ML	-46.0457883033437	-45.1227113802668	kappa	kappa : 0.143822828237338 (95% CI  NA  -  0.813119765935264 )	0.334747703187316	0.000344317401151199	0.0911436217253009	9.00530857593017e-05 - 0.000598581716543096	0.000129726691526478	0.0188745961975165	all_D_0__Bacteria___D_1__Proteobacteria___D_2__Gammaproteobacteria___D_3__Oceanospirillales___D_4__Endozoicomonadaceae___D_5__Endozoicomonas	growth_rate_mm_per_year	FALSE
BM_Delta	-	lambda=1 delta=MLkappa=1	-39.9276883275983	-39.0046114045214	delta	delta : 1 (95% CI  0.275092703373555  -  NA )	0.480587938661345	0.000425548337111934	0.0824577684506184	0.000193803251708751 - 0.000657293422515117	0.000118237288471012	0.00290363773841262	all_D_0__Bacteria___D_1__Proteobacteria___D_2__Gammaproteobacteria___D_3__Oceanospirillales___D_4__Endozoicomonadaceae___D_5__Endozoicomonas	growth_rate_mm_per_year	FALSE
