model_name	compartment	branch_length_transformation	AIC	AICc	estimated_parameter	parameter_value	R2	slope	intercept	x_trait_slope_95CI	x_trait_slope_stdev	p	x_trait	y_trait	best_model
BM	-	lambda=1 delta=1kappa=1	567.315102853572	567.5878301263	None	All parameters fixed	0.00106081270444474	-0.0680369096263634	149.104239579804	-0.678057595692604 - 0.541983776439878	0.311235043911347	0.827947736823434	skeleton_D_0__Bacteria___D_1__Bacteroidetes___D_2__Chlorobia___D_3__Chlorobiales___D_4__Chlorobiaceae___D_5__Prosthecochloris	observed_features_all	FALSE
BM_Lambda	-	lambda=ML delta=1kappa=1	542.51448656848	542.787213841207	lambda	lambda : 1e-06 (95% CI  NA  -  0.499424741772037 )	0.000194308441908677	0.0405753982798625	149.620122528345	-0.809827190574196 - 0.890977987133921	0.433878871864316	0.925907349350654	skeleton_D_0__Bacteria___D_1__Bacteroidetes___D_2__Chlorobia___D_3__Chlorobiales___D_4__Chlorobiaceae___D_5__Prosthecochloris	observed_features_all	TRUE
BM_Kappa	-	lambda=1 delta=1kappa=ML	556.164453647574	556.437180920301	kappa	kappa : 0.194888615279049 (95% CI  NA  -  0.669948308786574 )	0.000117761631320395	0.0285599830008723	138.755235521617	-0.740358462652107 - 0.797478428653852	0.392305329414785	0.942287583310939	skeleton_D_0__Bacteria___D_1__Bacteroidetes___D_2__Chlorobia___D_3__Chlorobiales___D_4__Chlorobiaceae___D_5__Prosthecochloris	observed_features_all	FALSE
BM_Delta	-	lambda=1 delta=MLkappa=1	567.315102853572	567.5878301263	delta	delta : 1 (95% CI  0.419417912192757  -  NA )	0.00106081270444474	-0.0680369096263634	149.104239579804	-0.678057595692604 - 0.541983776439878	0.311235043911347	0.827947736823434	skeleton_D_0__Bacteria___D_1__Bacteroidetes___D_2__Chlorobia___D_3__Chlorobiales___D_4__Chlorobiaceae___D_5__Prosthecochloris	observed_features_all	FALSE
