model_name	compartment	branch_length_transformation	AIC	AICc	estimated_parameter	parameter_value	R2	slope	intercept	x_trait_slope_95CI	x_trait_slope_stdev	p	x_trait	y_trait	best_model
BM	-	lambda=1 delta=1kappa=1	257.151950629819	257.476274954144	None	All parameters fixed	0.0125717552142944	-0.00421423622999735	3.85036455443899	-0.0160893550629895 - 0.00766088260299484	0.0060587340984654	0.490934198723504	tissue_D_0__Bacteria___D_1__Proteobacteria___D_2__Alphaproteobacteria___D_3__Sphingomonadales___D_4__Sphingomonadaceae___D_5__Sphingobium	perc_dis	FALSE
BM_Lambda	-	lambda=ML delta=1kappa=1	236.047059164396	236.371383488721	lambda	lambda : 1e-06 (95% CI  NA  -  0.247682631455691 )	0.0464125937612115	-0.0182410108355046	4.22461076268462	-0.0445300980984194 - 0.00804807642741024	0.0134127996239361	0.181853729680187	tissue_D_0__Bacteria___D_1__Proteobacteria___D_2__Alphaproteobacteria___D_3__Sphingomonadales___D_4__Sphingomonadaceae___D_5__Sphingobium	perc_dis	TRUE
BM_Kappa	-	lambda=1 delta=1kappa=ML	252.920617877303	253.244942201627	kappa	kappa : 0.322028964253289 (95% CI  NA  -  0.965467407184088 )	0.0639513740285062	-0.0186386993697862	4.52125736485167	-0.0413114463574595 - 0.004034047617887	0.0115677280549353	0.115397848219559	tissue_D_0__Bacteria___D_1__Proteobacteria___D_2__Alphaproteobacteria___D_3__Sphingomonadales___D_4__Sphingomonadaceae___D_5__Sphingobium	perc_dis	FALSE
BM_Delta	-	lambda=1 delta=MLkappa=1	257.151950629819	257.476274954144	delta	delta : 1 (95% CI  0.388547822269541  -  NA )	0.0125717552142944	-0.00421423622999735	3.85036455443899	-0.0160893550629895 - 0.00766088260299484	0.0060587340984654	0.490934198723504	tissue_D_0__Bacteria___D_1__Proteobacteria___D_2__Alphaproteobacteria___D_3__Sphingomonadales___D_4__Sphingomonadaceae___D_5__Sphingobium	perc_dis	FALSE
