model_name	compartment	branch_length_transformation	AIC	AICc	estimated_parameter	parameter_value	R2	slope	intercept	x_trait_slope_95CI	x_trait_slope_stdev	p	x_trait	y_trait	best_model
BM	-	lambda=1 delta=1kappa=1	264.942044283781	265.249736591474	None	All parameters fixed	0.0232711379923862	-0.0166973793227068	3.76929562462001	-0.0502211289854946 - 0.016826370340081	0.0171039539095856	0.33481824952718	skeleton_D_0__Bacteria___D_1__Bacteroidetes___D_2__Chlorobia___D_3__Chlorobiales___D_4__Chlorobiaceae___D_5__Prosthecochloris	perc_dis	FALSE
BM_Lambda	-	lambda=ML delta=1kappa=1	248.192684705247	248.500377012939	lambda	lambda : 1e-06 (95% CI  NA  -  0.240432355737608 )	0.00335165406007488	0.00956062698168124	3.02075668137538	-0.0415314821979492 - 0.0606527361613117	0.0260674026426686	0.715726970217337	skeleton_D_0__Bacteria___D_1__Bacteroidetes___D_2__Chlorobia___D_3__Chlorobiales___D_4__Chlorobiaceae___D_5__Prosthecochloris	perc_dis	TRUE
BM_Kappa	-	lambda=1 delta=1kappa=ML	264.065621751267	264.373314058959	kappa	kappa : 0.688892066023665 (95% CI  0.0411613881584948  -  NA )	0.00755523484828345	-0.0112105022706901	3.66347436304502	-0.0510285841243453 - 0.0286075795829651	0.0203153478845179	0.584138793117676	skeleton_D_0__Bacteria___D_1__Bacteroidetes___D_2__Chlorobia___D_3__Chlorobiales___D_4__Chlorobiaceae___D_5__Prosthecochloris	perc_dis	FALSE
BM_Delta	-	lambda=1 delta=MLkappa=1	264.942044283781	265.249736591474	delta	delta : 1 (95% CI  0.376088697456029  -  NA )	0.0232711379923862	-0.0166973793227068	3.76929562462001	-0.0502211289854946 - 0.016826370340081	0.0171039539095856	0.33481824952718	skeleton_D_0__Bacteria___D_1__Bacteroidetes___D_2__Chlorobia___D_3__Chlorobiales___D_4__Chlorobiaceae___D_5__Prosthecochloris	perc_dis	FALSE
