model_name	compartment	branch_length_transformation	AIC	AICc	estimated_parameter	parameter_value	R2	slope	intercept	x_trait_slope_95CI	x_trait_slope_stdev	p	x_trait	y_trait	best_model
BM	-	lambda=1 delta=1kappa=1	-71.7556969522241	-71.4699826665098	None	All parameters fixed	0.139007506246299	-0.00138781934708895	0.198112485512836	-0.00242018925636873 - -0.000355449437809177	0.000526719341469273	0.0116568612378443	tissue_D_0__Archaea___D_1__Thaumarchaeota___D_2__Nitrososphaeria___D_3__Nitrosopumilales___D_4__Nitrosopumilaceae___D_5__Candidatus_Nitrosopumilus	dominance_all	FALSE
BM_Lambda	-	lambda=ML delta=1kappa=1	-95.6807854295606	-95.3950711438463	lambda	lambda : 1e-06 (95% CI  NA  -  0.527951021336915 )	0.131053203366817	-0.00149302136777116	0.180270554537985	-0.00264212881596201 - -0.000343913919580301	0.000586279310301457	0.01454011749377	tissue_D_0__Archaea___D_1__Thaumarchaeota___D_2__Nitrososphaeria___D_3__Nitrosopumilales___D_4__Nitrosopumilaceae___D_5__Candidatus_Nitrosopumilus	dominance_all	TRUE
BM_Kappa	-	lambda=1 delta=1kappa=ML	-79.2786198407969	-78.9929055550826	kappa	kappa : 0.429174149925347 (95% CI  0.00266039655015099  -  0.838937933540334 )	0.131076961871468	-0.00149037708712914	0.218807289106476	-0.00263732971661923 - -0.000343424457639044	0.00058517991300515	0.0145305359878598	tissue_D_0__Archaea___D_1__Thaumarchaeota___D_2__Nitrososphaeria___D_3__Nitrosopumilales___D_4__Nitrosopumilaceae___D_5__Candidatus_Nitrosopumilus	dominance_all	FALSE
BM_Delta	-	lambda=1 delta=MLkappa=1	-71.7556969522241	-71.4699826665098	delta	delta : 1 (95% CI  0.397966898813407  -  NA )	0.139007506246299	-0.00138781934708895	0.198112485512836	-0.00242018925636873 - -0.000355449437809177	0.000526719341469273	0.0116568612378443	tissue_D_0__Archaea___D_1__Thaumarchaeota___D_2__Nitrososphaeria___D_3__Nitrosopumilales___D_4__Nitrosopumilaceae___D_5__Candidatus_Nitrosopumilus	dominance_all	FALSE
