model_name	compartment	branch_length_transformation	AIC	AICc	estimated_parameter	parameter_value	R2	slope	intercept	x_trait_slope_95CI	x_trait_slope_stdev	p	x_trait	y_trait	best_model
BM	-	lambda=1 delta=1kappa=1	254.664522947241	254.988847271565	None	All parameters fixed	0.000971564403515254	-0.00732453471635606	3.66943558179999	-0.0820033539260253 - 0.0673542844933132	0.0381014383722802	0.848579638376025	mucus_D_0__Bacteria___D_1__Proteobacteria___D_2__Gammaproteobacteria___D_3__Vibrionales___D_4__Vibrionaceae___D_5__Photobacterium	perc_dis	FALSE
BM_Lambda	-	lambda=ML delta=1kappa=1	237.38524639632	237.709570720644	lambda	lambda : 1e-06 (95% CI  NA  -  0.273422700100009 )	0.00716598536974995	-0.0421624544364883	3.33584105154056	-0.199956468149454 - 0.115631559276477	0.080507149853554	0.60352098206475	mucus_D_0__Bacteria___D_1__Proteobacteria___D_2__Gammaproteobacteria___D_3__Vibrionales___D_4__Vibrionaceae___D_5__Photobacterium	perc_dis	TRUE
BM_Kappa	-	lambda=1 delta=1kappa=ML	252.792342337145	253.116666661469	kappa	kappa : 0.576629635192769 (95% CI  NA  -  NA )	0.000688300316884116	-0.00849309750957286	3.61527403270903	-0.111387531992028 - 0.0944013369728825	0.0524971604502323	0.872334657388731	mucus_D_0__Bacteria___D_1__Proteobacteria___D_2__Gammaproteobacteria___D_3__Vibrionales___D_4__Vibrionaceae___D_5__Photobacterium	perc_dis	FALSE
BM_Delta	-	lambda=1 delta=MLkappa=1	254.664522947241	254.988847271565	delta	delta : 1 (95% CI  0.381545965871954  -  NA )	0.000971564403515254	-0.00732453471635606	3.66943558179999	-0.0820033539260253 - 0.0673542844933132	0.0381014383722802	0.848579638376025	mucus_D_0__Bacteria___D_1__Proteobacteria___D_2__Gammaproteobacteria___D_3__Vibrionales___D_4__Vibrionaceae___D_5__Photobacterium	perc_dis	FALSE
