model_name	compartment	branch_length_transformation	AIC	AICc	estimated_parameter	parameter_value	R2	slope	intercept	x_trait_slope_95CI	x_trait_slope_stdev	p	x_trait	y_trait	best_model
BM	-	lambda=1 delta=1kappa=1	544.101930905274	544.387645190988	None	All parameters fixed	0.000671887672688337	0.0479086466731985	148.124601342516	-0.504348649784658 - 0.600165943131055	0.281763926764212	0.865783102032441	tissue_D_0__Bacteria___D_1__Bacteroidetes___D_2__Bacteroidia___D_3__Flavobacteriales___D_4__Flavobacteriaceae___D_5__Maritimimonas	observed_features_all	FALSE
BM_Lambda	-	lambda=ML delta=1kappa=1	517.313850418166	517.59956470388	lambda	lambda : 1e-06 (95% CI  NA  -  0.486723686215043 )	0.0306703936096607	-0.468763921499953	152.901414705762	-1.25644803486946 - 0.318920191869549	0.401879649678317	0.249869820153856	tissue_D_0__Bacteria___D_1__Bacteroidetes___D_2__Bacteroidia___D_3__Flavobacteriales___D_4__Flavobacteriaceae___D_5__Maritimimonas	observed_features_all	TRUE
BM_Kappa	-	lambda=1 delta=1kappa=ML	533.146434076325	533.432148362039	kappa	kappa : 0.199901145609065 (95% CI  NA  -  0.676407290834585 )	0.00493903902346267	-0.166498331361543	139.188880095172	-0.872873370179854 - 0.539876707456769	0.360395427968526	0.646418977411618	tissue_D_0__Bacteria___D_1__Bacteroidetes___D_2__Bacteroidia___D_3__Flavobacteriales___D_4__Flavobacteriaceae___D_5__Maritimimonas	observed_features_all	FALSE
BM_Delta	-	lambda=1 delta=MLkappa=1	544.101930905274	544.387645190988	delta	delta : 1 (95% CI  0.417549779829355  -  NA )	0.000671887672688337	0.0479086466731985	148.124601342516	-0.504348649784658 - 0.600165943131055	0.281763926764212	0.865783102032441	tissue_D_0__Bacteria___D_1__Bacteroidetes___D_2__Bacteroidia___D_3__Flavobacteriales___D_4__Flavobacteriaceae___D_5__Maritimimonas	observed_features_all	FALSE
