model_name	compartment	branch_length_transformation	AIC	AICc	estimated_parameter	parameter_value	R2	slope	intercept	x_trait_slope_95CI	x_trait_slope_stdev	p	x_trait	y_trait	best_model
BM	-	lambda=1 delta=1kappa=1	-69.8309764833146	-69.5452621976003	None	All parameters fixed	0.101382606823611	0.000446514513034881	0.170530074271259	4.91737640706183e-05 - 0.000843855261999145	0.000202724871920542	0.0330352369816662	tissue_D_0__Bacteria___D_1__Bacteroidetes___D_2__Bacteroidia___D_3__Bacteroidales___D_4__Rikenellaceae___D_5__Rikenellaceae_RC9_gut_group	dominance_all	FALSE
BM_Lambda	-	lambda=ML delta=1kappa=1	-93.8890557360889	-93.6033414503747	lambda	lambda : 1e-06 (95% CI  NA  -  0.697229297737241 )	0.0957570130625428	0.000375890574913314	0.153947100304726	3.06351119396175e-05 - 0.00072114603788701	0.000176150746415151	0.0385940493012995	tissue_D_0__Bacteria___D_1__Bacteroidetes___D_2__Bacteroidia___D_3__Bacteroidales___D_4__Rikenellaceae___D_5__Rikenellaceae_RC9_gut_group	dominance_all	TRUE
BM_Kappa	-	lambda=1 delta=1kappa=ML	-78.9256903060617	-78.6399760203474	kappa	kappa : 0.405763847041168 (95% CI  0.0100125210990866  -  0.790946318462298 )	0.124189353392655	0.000447398907490046	0.18740560786866	9.22751804133339e-05 - 0.000802522634566759	0.000181185575039139	0.0175867739866709	tissue_D_0__Bacteria___D_1__Bacteroidetes___D_2__Bacteroidia___D_3__Bacteroidales___D_4__Rikenellaceae___D_5__Rikenellaceae_RC9_gut_group	dominance_all	FALSE
BM_Delta	-	lambda=1 delta=MLkappa=1	-69.8309764833146	-69.5452621976003	delta	delta : 1 (95% CI  0.401461690762102  -  NA )	0.101382606823611	0.000446514513034881	0.170530074271259	4.91737640706183e-05 - 0.000843855261999145	0.000202724871920542	0.0330352369816662	tissue_D_0__Bacteria___D_1__Bacteroidetes___D_2__Bacteroidia___D_3__Bacteroidales___D_4__Rikenellaceae___D_5__Rikenellaceae_RC9_gut_group	dominance_all	FALSE
