model_name	compartment	branch_length_transformation	AIC	AICc	estimated_parameter	parameter_value	R2	slope	intercept	x_trait_slope_95CI	x_trait_slope_stdev	p	x_trait	y_trait	best_model
BM	-	lambda=1 delta=1kappa=1	27.4559398497652	39.4559398497652	None	All parameters fixed	0.0469206323242814	-0.00272208799087928	8.40693654657363	-0.0197250991159197 - 0.0142809231341612	0.00867500567604105	0.783388291349978	tissue_D_0__Bacteria___D_1__Bacteroidetes___D_2__Bacteroidia___D_3__Bacteroidales___D_4__Rikenellaceae___D_5__Rikenellaceae_RC9_gut_group	perc_dis	FALSE
BM_Lambda	-	lambda=ML delta=1kappa=1	27.4559398497652	39.4559398497652	lambda	lambda : 1 (95% CI  NA  -  NA )	0.0469206323242814	-0.00272208799087928	8.40693654657363	-0.0197250991159197 - 0.0142809231341612	0.00867500567604105	0.783388291349978	tissue_D_0__Bacteria___D_1__Bacteroidetes___D_2__Bacteroidia___D_3__Bacteroidales___D_4__Rikenellaceae___D_5__Rikenellaceae_RC9_gut_group	perc_dis	FALSE
BM_Kappa	-	lambda=1 delta=1kappa=ML	29.6648896755718	41.6648896755718	kappa	kappa : 1 (95% CI  NA  -  NA )	-0.224133002873978	-0.00374029749752594	14.0899170501276	-0.0278912268543351 - 0.0204106318592833	0.0123219027330659	0.790138481434679	tissue_D_0__Bacteria___D_1__Bacteroidetes___D_2__Bacteroidia___D_3__Bacteroidales___D_4__Rikenellaceae___D_5__Rikenellaceae_RC9_gut_group	perc_dis	FALSE
BM_Delta	-	lambda=1 delta=MLkappa=1	25.5968677819346	37.5968677819346	delta	delta : 0.11704671575865 (95% CI  0.00461370764819178  -  NA )	0.0663738374591695	-0.00150548362674112	8.96604979701515	-0.0093308585266741 - 0.00631989127319185	0.00399253821425152	0.742368795641581	tissue_D_0__Bacteria___D_1__Bacteroidetes___D_2__Bacteroidia___D_3__Bacteroidales___D_4__Rikenellaceae___D_5__Rikenellaceae_RC9_gut_group	perc_dis	TRUE
