model_name	compartment	branch_length_transformation	AIC	AICc	estimated_parameter	parameter_value	R2	slope	intercept	x_trait_slope_95CI	x_trait_slope_stdev	p	x_trait	y_trait	best_model
BM	-	lambda=1 delta=1kappa=1	253.415136330547	253.739460654871	None	All parameters fixed	0.0316935895721397	8.26771867731745	-3.80142458580375	-6.26244988084349 - 22.7978872354784	7.41335130518415	0.271748054549546	gini_index_mucus	perc_dis	FALSE
BM_Lambda	-	lambda=ML delta=1kappa=1	234.888224819655	235.212549143979	lambda	lambda : 1e-06 (95% CI  NA  -  0.243692382427815 )	0.0672493068757395	12.5833338964772	-7.95229460608363	-2.31709871540465 - 27.4837665083591	7.60226153667441	0.106119238083092	gini_index_mucus	perc_dis	TRUE
BM_Kappa	-	lambda=1 delta=1kappa=ML	251.503721424522	251.828045748846	kappa	kappa : 0.56080400159632 (95% CI  NA  -  NA )	0.0324256650714941	9.51141827921212	-5.00907932551246	-7.00847653359239 - 26.0313130920166	8.42851776163495	0.266191412979371	gini_index_mucus	perc_dis	FALSE
BM_Delta	-	lambda=1 delta=MLkappa=1	253.415136330547	253.739460654871	delta	delta : 1 (95% CI  0.384136006562489  -  NA )	0.0316935895721397	8.26771867731745	-3.80142458580375	-6.26244988084349 - 22.7978872354784	7.41335130518415	0.271748054549546	gini_index_mucus	perc_dis	FALSE
