model_name	compartment	branch_length_transformation	AIC	AICc	estimated_parameter	parameter_value	R2	slope	intercept	x_trait_slope_95CI	x_trait_slope_stdev	p	x_trait	y_trait	best_model
BM	-	lambda=1 delta=1kappa=1	456.311780939149	456.645114272482	None	All parameters fixed	5.59372879522243e-05	0.0161535392974225	144.366456036279	-0.679767636712699 - 0.712074715307544	0.35506182449496	0.963957420347081	mucus_D_0__Bacteria___D_1__Cyanobacteria___D_2__Oxyphotobacteria___D_3__Synechococcales___D_4__Cyanobiaceae___D_5__Synechococcus_CC9902	observed_features_all	FALSE
BM_Lambda	-	lambda=ML delta=1kappa=1	444.013229525884	444.346562859218	lambda	lambda : 1e-06 (95% CI  NA  -  0.869111095973092 )	7.27503134261108e-05	-0.0300267760739423	138.338754896799	-1.16433395858988 - 1.10428040644199	0.578728154344864	0.95890017095974	mucus_D_0__Bacteria___D_1__Cyanobacteria___D_2__Oxyphotobacteria___D_3__Synechococcales___D_4__Cyanobiaceae___D_5__Synechococcus_CC9902	observed_features_all	TRUE
BM_Kappa	-	lambda=1 delta=1kappa=ML	444.82349460917	445.156827942503	kappa	kappa : 0.282335366551668 (95% CI  NA  -  0.700942730952196 )	0.000521888749331221	0.0603083548634058	136.10223009876	-0.790105578908172 - 0.910722288634983	0.433884660087539	0.890206890909566	mucus_D_0__Bacteria___D_1__Cyanobacteria___D_2__Oxyphotobacteria___D_3__Synechococcales___D_4__Cyanobiaceae___D_5__Synechococcus_CC9902	observed_features_all	FALSE
BM_Delta	-	lambda=1 delta=MLkappa=1	456.311780939149	456.645114272482	delta	delta : 1 (95% CI  0.379306742820157  -  NA )	5.59372879522243e-05	0.0161535392974225	144.366456036279	-0.679767636712699 - 0.712074715307544	0.35506182449496	0.963957420347081	mucus_D_0__Bacteria___D_1__Cyanobacteria___D_2__Oxyphotobacteria___D_3__Synechococcales___D_4__Cyanobiaceae___D_5__Synechococcus_CC9902	observed_features_all	FALSE
