model_name	compartment	branch_length_transformation	AIC	AICc	estimated_parameter	parameter_value	R2	slope	intercept	x_trait_slope_95CI	x_trait_slope_stdev	p	x_trait	y_trait	best_model
BM	-	lambda=1 delta=1kappa=1	136.952898965634	137.584477913002	None	All parameters fixed	0.0523208230284989	-0.00671992572843571	4.22256571216384	-0.0192541924548624 - 0.00581434099799104	0.00639503404409528	0.305880571089071	mucus_D_0__Bacteria___D_1__Proteobacteria___D_2__Alphaproteobacteria___D_3__Rhodospirillales___D_4__Terasakiellaceae___D_5__uncultured	perc_dis	FALSE
BM_Lambda	-	lambda=ML delta=1kappa=1	127.669204402216	128.300783349585	lambda	lambda : 1e-06 (95% CI  NA  -  0.791408426994047 )	0.0480868471966332	-0.0100812576789463	3.71681613578923	-0.0297393468650966 - 0.00957683150720405	0.0100296373398726	0.32683307866195	mucus_D_0__Bacteria___D_1__Proteobacteria___D_2__Alphaproteobacteria___D_3__Rhodospirillales___D_4__Terasakiellaceae___D_5__uncultured	perc_dis	TRUE
BM_Kappa	-	lambda=1 delta=1kappa=ML	135.877442470727	136.509021418096	kappa	kappa : 0.614037351762469 (95% CI  NA  -  NA )	0.0395624257596998	-0.00680877428955296	4.06116947127164	-0.0215116784388569 - 0.00789412985975099	0.00750148170882854	0.374866580901434	mucus_D_0__Bacteria___D_1__Proteobacteria___D_2__Alphaproteobacteria___D_3__Rhodospirillales___D_4__Terasakiellaceae___D_5__uncultured	perc_dis	FALSE
BM_Delta	-	lambda=1 delta=MLkappa=1	136.952898965634	137.584477913002	delta	delta : 1 (95% CI  0.293176185642394  -  NA )	0.0523208230284989	-0.00671992572843571	4.22256571216384	-0.0192541924548624 - 0.00581434099799104	0.00639503404409528	0.305880571089071	mucus_D_0__Bacteria___D_1__Proteobacteria___D_2__Alphaproteobacteria___D_3__Rhodospirillales___D_4__Terasakiellaceae___D_5__uncultured	perc_dis	FALSE
