model_name	compartment	branch_length_transformation	AIC	AICc	estimated_parameter	parameter_value	R2	slope	intercept	x_trait_slope_95CI	x_trait_slope_stdev	p	x_trait	y_trait	best_model
BM	-	lambda=1 delta=1kappa=1	149.400440440266	149.971869011695	None	All parameters fixed	0.405781265232965	10.9037762469864	2.83241709117583	5.39000383582923 - 16.4175486581435	2.81314918936588	0.000815694449208149	dominance_tissue	perc_dis	FALSE
BM_Lambda	-	lambda=ML delta=1kappa=1	137.248495170652	137.81992374208	lambda	lambda : 0.0723257536864812 (95% CI  NA  -  0.661526491391795 )	0.480112129779631	14.0603645812711	0.974053812380522	7.94637328496198 - 20.1743558775802	3.11938331444343	0.000174678494101244	dominance_tissue	perc_dis	TRUE
BM_Kappa	-	lambda=1 delta=1kappa=ML	144.252305168684	144.823733740113	kappa	kappa : 0.105637582599873 (95% CI  NA  -  0.865034265030119 )	0.515727663997471	13.2574437678578	2.20718357881233	7.88911455518161 - 18.625772980534	2.7389434758552	7.76042812971056e-05	dominance_tissue	perc_dis	FALSE
BM_Delta	-	lambda=1 delta=MLkappa=1	149.400440440266	149.971869011695	delta	delta : 1 (95% CI  0.303862455307446  -  NA )	0.405781265232965	10.9037762469864	2.83241709117583	5.39000383582923 - 16.4175486581435	2.81314918936588	0.000815694449208149	dominance_tissue	perc_dis	FALSE
