model_name	compartment	branch_length_transformation	AIC	AICc	estimated_parameter	parameter_value	R2	slope	intercept	x_trait_slope_95CI	x_trait_slope_stdev	p	x_trait	y_trait	best_model
BM	-	lambda=1 delta=1kappa=1	-17.3925385377253	-16.1925385377253	None	All parameters fixed	0.00732064193952696	1.17819272495371e-05	0.142606264288298	-6.92966237063401e-05 - 9.28604782054143e-05	4.13666076305496e-05	0.781074840601694	Skeleton_enriched_Endozoicomonas_ASV_count	growth_rate_mm_per_year	FALSE
BM_Lambda	-	lambda=ML delta=1kappa=1	-28.0479045808931	-26.8479045808931	lambda	lambda : 1e-06 (95% CI  NA  -  0.788896714563371 )	0.0628325532084683	3.28993319286814e-05	0.149417959453045	-4.218737385087e-05 - 0.000107986037708233	3.83095437650773e-05	0.408787914075746	Skeleton_enriched_Endozoicomonas_ASV_count	growth_rate_mm_per_year	TRUE
BM_Kappa	-	lambda=1 delta=1kappa=ML	-24.756968000153	-23.556968000153	kappa	kappa : 1e-06 (95% CI  NA  -  0.672949441626802 )	0.0346385227673675	2.35771264627589e-05	0.13534634479887	-4.99785006881889e-05 - 9.71327536137067e-05	3.75283811994632e-05	0.542665380464781	Skeleton_enriched_Endozoicomonas_ASV_count	growth_rate_mm_per_year	FALSE
BM_Delta	-	lambda=1 delta=MLkappa=1	-17.3925385377253	-16.1925385377253	delta	delta : 1 (95% CI  0.268491581811032  -  NA )	0.00732064193952696	1.17819272495371e-05	0.142606264288298	-6.92966237063401e-05 - 9.28604782054143e-05	4.13666076305496e-05	0.781074840601694	Skeleton_enriched_Endozoicomonas_ASV_count	growth_rate_mm_per_year	FALSE
