model_name	compartment	branch_length_transformation	AIC	AICc	estimated_parameter	parameter_value	R2	slope	intercept	x_trait_slope_95CI	x_trait_slope_stdev	p	x_trait	y_trait	best_model
BM	-	lambda=1 delta=1kappa=1	444.941597937306	445.284455080163	None	All parameters fixed	0.190255533440257	-0.390881876538125	156.33551142468	-0.654306095846783 - -0.127457657229467	0.134400111892172	0.0061891349512555	skeleton_D_0__Bacteria___D_1__Spirochaetes___D_2__Spirochaetia___D_3__Spirochaetales___D_4__Spirochaetaceae___D_5__Spirochaeta_2	observed_features_all	FALSE
BM_Lambda	-	lambda=ML delta=1kappa=1	427.666728573431	428.009585716288	lambda	lambda : 1e-06 (95% CI  NA  -  0.778746524413209 )	0.090181017178367	-0.257550543050157	161.599968538859	-0.524781780711495 - 0.00968069461118043	0.13634246819456	0.0669688235537804	skeleton_D_0__Bacteria___D_1__Spirochaetes___D_2__Spirochaetia___D_3__Spirochaetales___D_4__Spirochaetaceae___D_5__Spirochaeta_2	observed_features_all	TRUE
BM_Kappa	-	lambda=1 delta=1kappa=ML	432.16865170068	432.511508843537	kappa	kappa : 0.095539527387547 (95% CI  NA  -  0.603398125962158 )	0.2456848389932	-0.413789074744527	145.457427778261	-0.650637815715599 - -0.176940333773456	0.120841194372996	0.00155409783139238	skeleton_D_0__Bacteria___D_1__Spirochaetes___D_2__Spirochaetia___D_3__Spirochaetales___D_4__Spirochaetaceae___D_5__Spirochaeta_2	observed_features_all	FALSE
BM_Delta	-	lambda=1 delta=MLkappa=1	444.941597937306	445.284455080163	delta	delta : 1 (95% CI  0.37641002579178  -  NA )	0.190255533440257	-0.390881876538125	156.33551142468	-0.654306095846783 - -0.127457657229467	0.134400111892172	0.0061891349512555	skeleton_D_0__Bacteria___D_1__Spirochaetes___D_2__Spirochaetia___D_3__Spirochaetales___D_4__Spirochaetaceae___D_5__Spirochaeta_2	observed_features_all	FALSE
