model_name	compartment	branch_length_transformation	AIC	AICc	estimated_parameter	parameter_value	R2	slope	intercept	x_trait_slope_95CI	x_trait_slope_stdev	p	x_trait	y_trait	best_model
BM	-	lambda=1 delta=1kappa=1	26.255619132763	29.255619132763	None	All parameters fixed	0.0099845259811703	-0.680860890067072	2.6418940669219	-6.62360079592142 - 5.26187901578728	3.03201015604814	0.831211712851685	gini_index_skeleton	perc_dis	FALSE
BM_Lambda	-	lambda=ML delta=1kappa=1	26.255619132763	29.255619132763	lambda	lambda : 1 (95% CI  0.0576365621994755  -  NA )	0.0099845259811703	-0.680860890067072	2.6418940669219	-6.62360079592142 - 5.26187901578728	3.03201015604814	0.831211712851685	gini_index_skeleton	perc_dis	FALSE
BM_Kappa	-	lambda=1 delta=1kappa=ML	26.255619132763	29.255619132763	kappa	kappa : 1 (95% CI  NA  -  NA )	0.00998452598117001	-0.680860890067072	2.6418940669219	-6.62360079592142 - 5.26187901578728	3.03201015604814	0.831211712851685	gini_index_skeleton	perc_dis	FALSE
BM_Delta	-	lambda=1 delta=MLkappa=1	26.2540981312081	29.2540981312081	delta	delta : 0.958560426783391 (95% CI  0.0511166579915341  -  NA )	0.0100939316057506	-0.68038559723373	2.63930828939479	-6.58637951382056 - 5.2256083193531	3.01326220234022	0.830298783950391	gini_index_skeleton	perc_dis	TRUE
