model_name	compartment	branch_length_transformation	AIC	AICc	estimated_parameter	parameter_value	R2	slope	intercept	x_trait_slope_95CI	x_trait_slope_stdev	p	x_trait	y_trait	best_model
BM	-	lambda=1 delta=1kappa=1	-31.9369357148371	-31.1369357148371	None	All parameters fixed	0.0791138690589896	-0.00149546669219419	0.135175090454094	-0.00399552120685167 - 0.00100458782246329	0.00127553801768239	0.258189610313961	all_D_0__Bacteria___D_1__Proteobacteria___D_2__Gammaproteobacteria___D_3__Vibrionales___D_4__Vibrionaceae___D_5__Vibrio	growth_rate_mm_per_year	FALSE
BM_Lambda	-	lambda=ML delta=1kappa=1	-40.0155168437622	-39.2155168437622	lambda	lambda : 0.0284266254139602 (95% CI  NA  -  0.935113561519625 )	0.0970480481347897	-0.00280713671841271	0.154216673481025	-0.00700278005916636 - 0.00138850662234093	0.00214063435752737	0.208244824882631	all_D_0__Bacteria___D_1__Proteobacteria___D_2__Gammaproteobacteria___D_3__Vibrionales___D_4__Vibrionaceae___D_5__Vibrio	growth_rate_mm_per_year	TRUE
BM_Kappa	-	lambda=1 delta=1kappa=ML	-36.1197234347763	-35.3197234347763	kappa	kappa : 0.255005936031597 (95% CI  NA  -  0.96872078659276 )	0.0720235987552763	-0.00190374364695938	0.137895373873022	-0.00525213031668398 - 0.00144464302276521	0.00170836054577785	0.281581116324115	all_D_0__Bacteria___D_1__Proteobacteria___D_2__Gammaproteobacteria___D_3__Vibrionales___D_4__Vibrionaceae___D_5__Vibrio	growth_rate_mm_per_year	FALSE
BM_Delta	-	lambda=1 delta=MLkappa=1	-31.9369357148371	-31.1369357148371	delta	delta : 1 (95% CI  0.278486292387533  -  NA )	0.0791138690589896	-0.00149546669219419	0.135175090454094	-0.00399552120685167 - 0.00100458782246329	0.00127553801768239	0.258189610313961	all_D_0__Bacteria___D_1__Proteobacteria___D_2__Gammaproteobacteria___D_3__Vibrionales___D_4__Vibrionaceae___D_5__Vibrio	growth_rate_mm_per_year	FALSE
