model_name	compartment	branch_length_transformation	AIC	AICc	estimated_parameter	parameter_value	R2	slope	intercept	x_trait_slope_95CI	x_trait_slope_stdev	p	x_trait	y_trait	best_model
BM	-	lambda=1 delta=1kappa=1	-67.3006024282308	-67.0148881425165	None	All parameters fixed	0.0494052067195677	-0.000168846766528216	0.183734729168812	-0.000390220427323644 - 5.25268942672124e-05	0.00011294574530379	0.142234178483241	tissue_D_0__Bacteria___D_1__Proteobacteria___D_2__Alphaproteobacteria___D_3__Sphingomonadales___D_4__Sphingomonadaceae___D_5__Sphingobium	dominance_all	FALSE
BM_Lambda	-	lambda=ML delta=1kappa=1	-89.8495864938722	-89.5638722081579	lambda	lambda : 1e-06 (95% CI  NA  -  0.516304002900429 )	0.0108320865086746	-0.000162742968661429	0.166352246820233	-0.000627582471174131 - 0.000302096533851273	0.000237163011486072	0.496266114870387	tissue_D_0__Bacteria___D_1__Proteobacteria___D_2__Alphaproteobacteria___D_3__Sphingomonadales___D_4__Sphingomonadaceae___D_5__Sphingobium	dominance_all	TRUE
BM_Kappa	-	lambda=1 delta=1kappa=ML	-73.8498351977378	-73.5641209120235	kappa	kappa : 0.435669470944242 (95% CI  0.00724927123606754  -  0.864536564591961 )	0.0197767307480577	-0.000168819612029312	0.201202174543488	-0.00052406626511266 - 0.000186427041054037	0.000181248292389463	0.356832860601413	tissue_D_0__Bacteria___D_1__Proteobacteria___D_2__Alphaproteobacteria___D_3__Sphingomonadales___D_4__Sphingomonadaceae___D_5__Sphingobium	dominance_all	FALSE
BM_Delta	-	lambda=1 delta=MLkappa=1	-67.3006024282308	-67.0148881425165	delta	delta : 1 (95% CI  0.395855230159777  -  NA )	0.0494052067195677	-0.000168846766528216	0.183734729168812	-0.000390220427323644 - 5.25268942672124e-05	0.00011294574530379	0.142234178483241	tissue_D_0__Bacteria___D_1__Proteobacteria___D_2__Alphaproteobacteria___D_3__Sphingomonadales___D_4__Sphingomonadaceae___D_5__Sphingobium	dominance_all	FALSE
