model_name	compartment	branch_length_transformation	AIC	AICc	estimated_parameter	parameter_value	R2	slope	intercept	x_trait_slope_95CI	x_trait_slope_stdev	p	x_trait	y_trait	best_model
BM	-	lambda=1 delta=1kappa=1	275.652771408574	275.945454335404	None	All parameters fixed	0.000412705670502065	-0.00209709731683525	3.60608866742508	-0.033310431082541 - 0.0291162364488705	0.0159251702886254	0.89586269262951	all_D_0__Bacteria___D_1__Spirochaetes___D_2__Spirochaetia___D_3__Spirochaetales___D_4__Spirochaetaceae___D_5__Spirochaeta_2	perc_dis	FALSE
BM_Lambda	-	lambda=ML delta=1kappa=1	258.201179379008	258.493862305837	lambda	lambda : 1e-06 (95% CI  NA  -  0.239316706967025 )	0.00581784050235854	-0.0105397455107591	3.15995196003253	-0.0522087982901878 - 0.0311293072686695	0.021259720805831	0.62264719791375	all_D_0__Bacteria___D_1__Spirochaetes___D_2__Spirochaetia___D_3__Spirochaetales___D_4__Spirochaetaceae___D_5__Spirochaeta_2	perc_dis	TRUE
BM_Kappa	-	lambda=1 delta=1kappa=ML	274.207479340709	274.500162267538	kappa	kappa : 0.658853243740148 (95% CI  0.117845660385396  -  NA )	0.000339187831861717	-0.0021116823947302	3.5636633943158	-0.0367826711570573 - 0.0325593063675969	0.0176892799807791	0.905546352138983	all_D_0__Bacteria___D_1__Spirochaetes___D_2__Spirochaetia___D_3__Spirochaetales___D_4__Spirochaetaceae___D_5__Spirochaeta_2	perc_dis	FALSE
BM_Delta	-	lambda=1 delta=MLkappa=1	275.652771408574	275.945454335404	delta	delta : 1 (95% CI  0.384624594141599  -  NA )	0.000412705670502065	-0.00209709731683525	3.60608866742508	-0.033310431082541 - 0.0291162364488705	0.0159251702886254	0.89586269262951	all_D_0__Bacteria___D_1__Spirochaetes___D_2__Spirochaetia___D_3__Spirochaetales___D_4__Spirochaetaceae___D_5__Spirochaeta_2	perc_dis	FALSE
