model_name	compartment	branch_length_transformation	AIC	AICc	estimated_parameter	parameter_value	R2	slope	intercept	x_trait_slope_95CI	x_trait_slope_stdev	p	x_trait	y_trait	best_model
BM	-	lambda=1 delta=1kappa=1	192.83662968853	193.31662968853	None	All parameters fixed	0.00110938766724458	-0.00348315103486424	4.03104648820667	-0.0436584394220242 - 0.0366921373522957	0.0204975961158979	0.866380729239761	all_D_0__Bacteria___D_1__Proteobacteria___D_2__Alphaproteobacteria___D_3__Rickettsiales___D_4__Midichloriaceae___D_5__MD3_55	perc_dis	FALSE
BM_Lambda	-	lambda=ML delta=1kappa=1	173.937834055656	174.417834055656	lambda	lambda : 1e-06 (95% CI  NA  -  0.2708748019132 )	0.00320160580057608	-0.0025722577327325	3.61011598794557	-0.0200185689186152 - 0.0148740534531502	0.00890117917647077	0.774888763517106	all_D_0__Bacteria___D_1__Proteobacteria___D_2__Alphaproteobacteria___D_3__Rickettsiales___D_4__Midichloriaceae___D_5__MD3_55	perc_dis	TRUE
BM_Kappa	-	lambda=1 delta=1kappa=ML	188.207090981601	188.687090981601	kappa	kappa : 1e-06 (95% CI  NA  -  0.894709897602597 )	0.00444396092268848	-0.00340383495111784	4.0812405109787	-0.0229871238418855 - 0.0161794539396499	0.00999147392386107	0.736086492554646	all_D_0__Bacteria___D_1__Proteobacteria___D_2__Alphaproteobacteria___D_3__Rickettsiales___D_4__Midichloriaceae___D_5__MD3_55	perc_dis	FALSE
BM_Delta	-	lambda=1 delta=MLkappa=1	192.83662968853	193.31662968853	delta	delta : 1 (95% CI  0.355390153238849  -  NA )	0.00110938766724458	-0.00348315103486424	4.03104648820667	-0.0436584394220242 - 0.0366921373522957	0.0204975961158979	0.866380729239761	all_D_0__Bacteria___D_1__Proteobacteria___D_2__Alphaproteobacteria___D_3__Rickettsiales___D_4__Midichloriaceae___D_5__MD3_55	perc_dis	FALSE
