model_name	compartment	branch_length_transformation	AIC	AICc	estimated_parameter	parameter_value	R2	slope	intercept	x_trait_slope_95CI	x_trait_slope_stdev	p	x_trait	y_trait	best_model
BM	-	lambda=1 delta=1kappa=1	109.229994202093	109.751733332528	None	All parameters fixed	0.0893060631646867	0.0128492549452163	4.06382770901192	-0.00356700221625041 - 0.029265512106683	0.00837564140891159	0.138078013426485	all_D_0__Bacteria___D_1__Proteobacteria___D_2__Alphaproteobacteria___D_3__Rhizobiales___D_4__Stappiaceae___D_5__Pseudovibrio	depth	FALSE
BM_Lambda	-	lambda=ML delta=1kappa=1	101.655390647838	102.177129778272	lambda	lambda : 0.030140254422133 (95% CI  NA  -  0.847663816965673 )	0.22934989928535	0.0277578910772454	3.65613263132639	0.00740077464340995 - 0.0481150075110809	0.010386283894814	0.0133174296030834	all_D_0__Bacteria___D_1__Proteobacteria___D_2__Alphaproteobacteria___D_3__Rhizobiales___D_4__Stappiaceae___D_5__Pseudovibrio	depth	TRUE
BM_Kappa	-	lambda=1 delta=1kappa=ML	102.957289195481	103.479028325916	kappa	kappa : 0.140341204715856 (95% CI  NA  -  0.806585268686081 )	0.0600872320259247	0.0113891787872512	4.04503152408144	-0.00663251210907916 - 0.0294108696835815	0.00919474025322975	0.227449211713206	all_D_0__Bacteria___D_1__Proteobacteria___D_2__Alphaproteobacteria___D_3__Rhizobiales___D_4__Stappiaceae___D_5__Pseudovibrio	depth	FALSE
BM_Delta	-	lambda=1 delta=MLkappa=1	109.229994202093	109.751733332528	delta	delta : 1 (95% CI  0.310873623022701  -  NA )	0.0893060631646867	0.0128492549452163	4.06382770901192	-0.00356700221625041 - 0.029265512106683	0.00837564140891159	0.138078013426485	all_D_0__Bacteria___D_1__Proteobacteria___D_2__Alphaproteobacteria___D_3__Rhizobiales___D_4__Stappiaceae___D_5__Pseudovibrio	depth	FALSE
