model_name	compartment	branch_length_transformation	AIC	AICc	estimated_parameter	parameter_value	R2	slope	intercept	x_trait_slope_95CI	x_trait_slope_stdev	p	x_trait	y_trait	best_model
BM	-	lambda=1 delta=1kappa=1	111.444248739517	111.965987869952	None	All parameters fixed	0.00834971196367032	-0.00499760265927321	4.26759021843458	-0.0267875258153226 - 0.0167923204967762	0.0111173077326783	0.657080458704554	mucus_D_0__Bacteria___D_1__Cyanobacteria___D_2__Oxyphotobacteria___D_3__Synechococcales___D_4__Cyanobiaceae___D_5__Synechococcus_CC9902	depth	FALSE
BM_Lambda	-	lambda=ML delta=1kappa=1	107.412640608007	107.934379738441	lambda	lambda : 1e-06 (95% CI  NA  -  0.997916257656725 )	0.0293619498531521	-0.016503098833254	4.38727815489554	-0.0544653677100321 - 0.0214591700435241	0.0193685045289684	0.402604363055708	mucus_D_0__Bacteria___D_1__Cyanobacteria___D_2__Oxyphotobacteria___D_3__Synechococcales___D_4__Cyanobiaceae___D_5__Synechococcus_CC9902	depth	FALSE
BM_Kappa	-	lambda=1 delta=1kappa=ML	103.332191742858	103.853930873293	kappa	kappa : 0.0476412559445061 (95% CI  NA  -  0.686710614729154 )	0.044334833251856	-0.0141723193657612	4.36797020331244	-0.0404975217997786 - 0.0121528830682562	0.0134312257316415	0.301851417272863	mucus_D_0__Bacteria___D_1__Cyanobacteria___D_2__Oxyphotobacteria___D_3__Synechococcales___D_4__Cyanobiaceae___D_5__Synechococcus_CC9902	depth	TRUE
BM_Delta	-	lambda=1 delta=MLkappa=1	111.444248739517	111.965987869952	delta	delta : 1 (95% CI  0.303906560114685  -  NA )	0.00834971196367032	-0.00499760265927321	4.26759021843458	-0.0267875258153226 - 0.0167923204967762	0.0111173077326783	0.657080458704554	mucus_D_0__Bacteria___D_1__Cyanobacteria___D_2__Oxyphotobacteria___D_3__Synechococcales___D_4__Cyanobiaceae___D_5__Synechococcus_CC9902	depth	FALSE
