model_name	compartment	branch_length_transformation	AIC	AICc	estimated_parameter	parameter_value	R2	slope	intercept	x_trait_slope_95CI	x_trait_slope_stdev	p	x_trait	y_trait	best_model
BM	-	lambda=1 delta=1kappa=1	91.7631536824039	92.6862306054808	None	All parameters fixed	0.0218293699838976	-4.64481385340646	6.48156993032143	-20.9320380982388 - 11.6424103914259	8.30980828817978	0.585022764257658	mucus_unweighted_unifrac_ordination_PC2	perc_dis	TRUE
BM_Lambda	-	lambda=ML delta=1kappa=1	91.7631536824039	92.6862306054808	lambda	lambda : 1 (95% CI  0.673015667468664  -  NA )	0.0218293699838976	-4.64481385340646	6.48156993032143	-20.9320380982388 - 11.6424103914259	8.30980828817978	0.585022764257658	mucus_unweighted_unifrac_ordination_PC2	perc_dis	FALSE
BM_Kappa	-	lambda=1 delta=1kappa=ML	91.7631536824039	92.6862306054808	kappa	kappa : 1 (95% CI  0.552991674203436  -  NA )	0.0218293699838978	-4.64481385340646	6.48156993032143	-20.9320380982388 - 11.6424103914259	8.30980828817978	0.585022764257658	mucus_unweighted_unifrac_ordination_PC2	perc_dis	FALSE
BM_Delta	-	lambda=1 delta=MLkappa=1	91.7631536824039	92.6862306054808	delta	delta : 1 (95% CI  0.158222219164655  -  NA )	0.0218293699838976	-4.64481385340646	6.48156993032143	-20.9320380982388 - 11.6424103914259	8.30980828817978	0.585022764257658	mucus_unweighted_unifrac_ordination_PC2	perc_dis	FALSE
