model_name	compartment	branch_length_transformation	AIC	AICc	estimated_parameter	parameter_value	R2	slope	intercept	x_trait_slope_95CI	x_trait_slope_stdev	p	x_trait	y_trait	best_model
BM	-	lambda=1 delta=1kappa=1	-54.9817522533683	-54.709024980641	None	All parameters fixed	0.00330968919125555	0.000311294634656031	0.168812074237671	-0.00126707225632437 - 0.00188966152563644	0.000805289230092043	0.700902022714464	skeleton_D_0__Bacteria___D_1__Proteobacteria___D_2__Deltaproteobacteria___D_3__Myxococcales___D_4__P3OB_42___D_5__uncultured_bacterium	dominance_all	FALSE
BM_Lambda	-	lambda=ML delta=1kappa=1	-92.6251485612092	-92.3524212884819	lambda	lambda : 1e-06 (95% CI  NA  -  0.38684066473697 )	0.0161909899406276	0.000330300308777213	0.150311065443949	-0.000421976182887254 - 0.00108257680044168	0.000383814536563503	0.394035486623421	skeleton_D_0__Bacteria___D_1__Proteobacteria___D_2__Deltaproteobacteria___D_3__Myxococcales___D_4__P3OB_42___D_5__uncultured_bacterium	dominance_all	TRUE
BM_Kappa	-	lambda=1 delta=1kappa=ML	-69.2319918018446	-68.9592645291174	kappa	kappa : 0.19512651558215 (95% CI  NA  -  0.602352747448939 )	0.0153037362859948	0.000418440739836291	0.192347066370173	-0.000562259280097622 - 0.0013991407597702	0.000500357153027506	0.407414023243124	skeleton_D_0__Bacteria___D_1__Proteobacteria___D_2__Deltaproteobacteria___D_3__Myxococcales___D_4__P3OB_42___D_5__uncultured_bacterium	dominance_all	FALSE
BM_Delta	-	lambda=1 delta=MLkappa=1	-54.9817522533683	-54.709024980641	delta	delta : 1 (95% CI  0.435988393065155  -  NA )	0.00330968919125555	0.000311294634656031	0.168812074237671	-0.00126707225632437 - 0.00188966152563644	0.000805289230092043	0.700902022714464	skeleton_D_0__Bacteria___D_1__Proteobacteria___D_2__Deltaproteobacteria___D_3__Myxococcales___D_4__P3OB_42___D_5__uncultured_bacterium	dominance_all	FALSE
