model_name	compartment	branch_length_transformation	AIC	AICc	estimated_parameter	parameter_value	R2	slope	intercept	x_trait_slope_95CI	x_trait_slope_stdev	p	x_trait	y_trait	best_model
BM	-	lambda=1 delta=1kappa=1	-32.7593891714601	-31.8363122483832	None	All parameters fixed	0.187012106824456	0.00262230934796812	0.0890289203342705	-0.000241757526579566 - 0.0054863762225158	0.0014612586094631	0.0943397040676262	all_D_0__Bacteria___D_1__Cyanobacteria___D_2__Oxyphotobacteria___D_3__Synechococcales___D_4__Cyanobiaceae___D_5__Synechococcus_CC9902	growth_rate_mm_per_year	FALSE
BM_Lambda	-	lambda=ML delta=1kappa=1	-41.233539792827	-40.3104628697501	lambda	lambda : 0.496805602486837 (95% CI  NA  -  0.928128449513185 )	0.0277332582064677	0.00149272776225325	0.103031384186667	-0.00313710102647213 - 0.00612255655097864	0.00236215754526805	0.537613315648702	all_D_0__Bacteria___D_1__Cyanobacteria___D_2__Oxyphotobacteria___D_3__Synechococcales___D_4__Cyanobiaceae___D_5__Synechococcus_CC9902	growth_rate_mm_per_year	TRUE
BM_Kappa	-	lambda=1 delta=1kappa=ML	-40.8488624804773	-39.9257855574004	kappa	kappa : 1e-06 (95% CI  NA  -  0.64373762196662 )	0.0384019267311946	0.00149066673628185	0.105651922155392	-0.00241677848973151 - 0.00539811196229521	0.00199359450306804	0.466998993973899	all_D_0__Bacteria___D_1__Cyanobacteria___D_2__Oxyphotobacteria___D_3__Synechococcales___D_4__Cyanobiaceae___D_5__Synechococcus_CC9902	growth_rate_mm_per_year	FALSE
BM_Delta	-	lambda=1 delta=MLkappa=1	-32.7593891714601	-31.8363122483832	delta	delta : 1 (95% CI  0.277619136129273  -  NA )	0.187012106824456	0.00262230934796812	0.0890289203342705	-0.000241757526579566 - 0.0054863762225158	0.0014612586094631	0.0943397040676262	all_D_0__Bacteria___D_1__Cyanobacteria___D_2__Oxyphotobacteria___D_3__Synechococcales___D_4__Cyanobiaceae___D_5__Synechococcus_CC9902	growth_rate_mm_per_year	FALSE
