model_name	compartment	branch_length_transformation	AIC	AICc	estimated_parameter	parameter_value	R2	slope	intercept	x_trait_slope_95CI	x_trait_slope_stdev	p	x_trait	y_trait	best_model
BM	-	lambda=1 delta=1kappa=1	238.148035621126	238.500976797596	None	All parameters fixed	0.00135224520983657	-0.00359857403337497	4.38829009968136	-0.0359975236257157 - 0.0288003755589658	0.0165300763226228	0.828928200563218	all_D_0__Bacteria___D_1__Spirochaetes___D_2__Spirochaetia___D_3__Spirochaetales___D_4__Spirochaetaceae___D_5__Spirochaeta_2	perc_dis	FALSE
BM_Lambda	-	lambda=ML delta=1kappa=1	222.500317698909	222.853258875379	lambda	lambda : 1e-06 (95% CI  NA  -  0.288070455777309 )	0.009928587174985	-0.0135920992790577	3.52832398478607	-0.0585595348430571 - 0.0313753362849417	0.0229425691653058	0.557364313377138	all_D_0__Bacteria___D_1__Spirochaetes___D_2__Spirochaetia___D_3__Spirochaetales___D_4__Spirochaetaceae___D_5__Spirochaeta_2	perc_dis	TRUE
BM_Kappa	-	lambda=1 delta=1kappa=ML	235.674839628828	236.027780805299	kappa	kappa : 0.522069804057279 (95% CI  NA  -  NA )	0.00142508265730764	-0.00431493568735119	4.64180882925712	-0.0421562903715514 - 0.033526418996849	0.0193068136143879	0.824451282200205	all_D_0__Bacteria___D_1__Spirochaetes___D_2__Spirochaetia___D_3__Spirochaetales___D_4__Spirochaetaceae___D_5__Spirochaeta_2	perc_dis	FALSE
BM_Delta	-	lambda=1 delta=MLkappa=1	238.148035621126	238.500976797596	delta	delta : 1 (95% CI  0.369174722164515  -  NA )	0.00135224520983657	-0.00359857403337497	4.38829009968136	-0.0359975236257157 - 0.0288003755589658	0.0165300763226228	0.828928200563218	all_D_0__Bacteria___D_1__Spirochaetes___D_2__Spirochaetia___D_3__Spirochaetales___D_4__Spirochaetaceae___D_5__Spirochaeta_2	perc_dis	FALSE
