model_name	compartment	branch_length_transformation	AIC	AICc	estimated_parameter	parameter_value	R2	slope	intercept	x_trait_slope_95CI	x_trait_slope_stdev	p	x_trait	y_trait	best_model
BM	-	lambda=1 delta=1kappa=1	-29.5488383576557	-28.6257614345787	None	All parameters fixed	0.00635932855860869	0.000422431028115446	0.111073602730866	-0.00234359913494397 - 0.00318846119117486	0.00141123987911195	0.769083492221445	skeleton_D_0__Bacteria___D_1__Proteobacteria___D_2__Deltaproteobacteria___D_3__Myxococcales___D_4__P3OB_42___D_5__uncultured_bacterium	growth_rate_mm_per_year	FALSE
BM_Lambda	-	lambda=ML delta=1kappa=1	-42.284310056388	-41.3612331333111	lambda	lambda : 0.274880030774292 (95% CI  NA  -  0.854401153265633 )	0.0954147558102768	0.00138046512420483	0.112720841374714	-0.0008460952242314 - 0.00360702547264106	0.00113600017777359	0.244387394265066	skeleton_D_0__Bacteria___D_1__Proteobacteria___D_2__Deltaproteobacteria___D_3__Myxococcales___D_4__P3OB_42___D_5__uncultured_bacterium	growth_rate_mm_per_year	TRUE
BM_Kappa	-	lambda=1 delta=1kappa=ML	-41.3413728974151	-40.4182959743382	kappa	kappa : 1e-06 (95% CI  NA  -  0.43338362191391 )	0.0675508128436657	0.00106311979160612	0.109427099685798	-0.00100593291775304 - 0.00313217250096528	0.00105563913742814	0.330983186907226	skeleton_D_0__Bacteria___D_1__Proteobacteria___D_2__Deltaproteobacteria___D_3__Myxococcales___D_4__P3OB_42___D_5__uncultured_bacterium	growth_rate_mm_per_year	FALSE
BM_Delta	-	lambda=1 delta=MLkappa=1	-29.5488383576557	-28.6257614345787	delta	delta : 1 (95% CI  0.300622812778368  -  NA )	0.00635932855860869	0.000422431028115446	0.111073602730866	-0.00234359913494397 - 0.00318846119117486	0.00141123987911195	0.769083492221445	skeleton_D_0__Bacteria___D_1__Proteobacteria___D_2__Deltaproteobacteria___D_3__Myxococcales___D_4__P3OB_42___D_5__uncultured_bacterium	growth_rate_mm_per_year	FALSE
