model_name	compartment	branch_length_transformation	AIC	AICc	estimated_parameter	parameter_value	R2	slope	intercept	x_trait_slope_95CI	x_trait_slope_stdev	p	x_trait	y_trait	best_model
BM	-	lambda=1 delta=1kappa=1	160.946996276227	161.518424847656	None	All parameters fixed	0.0844096995693798	-0.0481182404948902	4.69809190326649	-0.114341245474902 - 0.0181047644851219	0.0337872474387817	0.168432356125677	all_D_0__Bacteria___D_1__Bacteroidetes___D_2__Chlorobia___D_3__Chlorobiales___D_4__Chlorobiaceae___D_5__Prosthecochloris	perc_dis	FALSE
BM_Lambda	-	lambda=ML delta=1kappa=1	151.517244066221	152.088672637649	lambda	lambda : 1e-06 (95% CI  NA  -  0.427740791524082 )	0.000396170533858665	-0.00586005646114959	3.77726389570222	-0.128864103769242 - 0.117143990846943	0.0627571669939246	0.926449481758937	all_D_0__Bacteria___D_1__Bacteroidetes___D_2__Chlorobia___D_3__Chlorobiales___D_4__Chlorobiaceae___D_5__Prosthecochloris	perc_dis	TRUE
BM_Kappa	-	lambda=1 delta=1kappa=ML	160.504188117807	161.075616689236	kappa	kappa : 0.672691025957358 (95% CI  NA  -  NA )	0.0436725266104327	-0.0431670018430476	4.55274889378208	-0.127577366009396 - 0.041243362323301	0.0430665123297697	0.327080526256802	all_D_0__Bacteria___D_1__Bacteroidetes___D_2__Chlorobia___D_3__Chlorobiales___D_4__Chlorobiaceae___D_5__Prosthecochloris	perc_dis	FALSE
BM_Delta	-	lambda=1 delta=MLkappa=1	160.946996276227	161.518424847656	delta	delta : 1 (95% CI  0.287532896801551  -  NA )	0.0844096995693798	-0.0481182404948902	4.69809190326649	-0.114341245474902 - 0.0181047644851219	0.0337872474387817	0.168432356125677	all_D_0__Bacteria___D_1__Bacteroidetes___D_2__Chlorobia___D_3__Chlorobiales___D_4__Chlorobiaceae___D_5__Prosthecochloris	perc_dis	FALSE
