model_name	compartment	branch_length_transformation	AIC	AICc	estimated_parameter	parameter_value	R2	slope	intercept	x_trait_slope_95CI	x_trait_slope_stdev	p	x_trait	y_trait	best_model
BM	-	lambda=1 delta=1kappa=1	111.659015459261	112.180754589695	None	All parameters fixed	0.000124499870360916	0.000151645167918859	4.1285343142734	-0.00528545758708686 - 0.00558874792292458	0.00277403201786006	0.956857102325572	mucus_D_0__Bacteria___D_1__Proteobacteria___D_2__Gammaproteobacteria___D_3__Pseudomonadales___D_4__Pseudomonadaceae___D_5__Pseudomonas	depth	FALSE
BM_Lambda	-	lambda=ML delta=1kappa=1	107.04129626467	107.563035395105	lambda	lambda : 1e-06 (95% CI  NA  -  0.958703947874116 )	0.043126533148414	-0.00505115409588633	4.55144987872918	-0.0145702576337051 - 0.00446794944193242	0.00485668547847895	0.308685460084604	mucus_D_0__Bacteria___D_1__Proteobacteria___D_2__Gammaproteobacteria___D_3__Pseudomonadales___D_4__Pseudomonadaceae___D_5__Pseudomonas	depth	FALSE
BM_Kappa	-	lambda=1 delta=1kappa=ML	104.04213937896	104.563878509395	kappa	kappa : 1e-06 (95% CI  NA  -  0.695080760564211 )	0.0189731864739496	-0.00277013401017688	4.44386316919322	-0.0107394588788111 - 0.00519919085845737	0.0040659820758338	0.502206285733485	mucus_D_0__Bacteria___D_1__Proteobacteria___D_2__Gammaproteobacteria___D_3__Pseudomonadales___D_4__Pseudomonadaceae___D_5__Pseudomonas	depth	TRUE
BM_Delta	-	lambda=1 delta=MLkappa=1	111.659015459261	112.180754589695	delta	delta : 1 (95% CI  0.301609564079302  -  NA )	0.000124499870360916	0.000151645167918859	4.1285343142734	-0.00528545758708686 - 0.00558874792292458	0.00277403201786006	0.956857102325572	mucus_D_0__Bacteria___D_1__Proteobacteria___D_2__Gammaproteobacteria___D_3__Pseudomonadales___D_4__Pseudomonadaceae___D_5__Pseudomonas	depth	FALSE
