model_name	compartment	branch_length_transformation	AIC	AICc	estimated_parameter	parameter_value	R2	slope	intercept	x_trait_slope_95CI	x_trait_slope_stdev	p	x_trait	y_trait	best_model
BM	-	lambda=1 delta=1kappa=1	237.69118880143	238.015513125755	None	All parameters fixed	0.346429839353011	0.0468890633572097	1.48506159954358	0.0264116879474001 - 0.0673664387670193	0.010447640515209	6.47673446869668e-05	mucus_D_0__Bacteria___D_1__Proteobacteria___D_2__Gammaproteobacteria___D_3__Oceanospirillales___D_4__Endozoicomonadaceae___D_5__Endozoicomonas	perc_dis	FALSE
BM_Lambda	-	lambda=ML delta=1kappa=1	215.374781767203	215.699106091528	lambda	lambda : 1e-06 (95% CI  NA  -  0.282067052276017 )	0.427334441435859	0.0536879471879052	1.23522371656375	0.0339270046383841 - 0.0734488897374262	0.010082113545674	4.79053795521267e-06	mucus_D_0__Bacteria___D_1__Proteobacteria___D_2__Gammaproteobacteria___D_3__Oceanospirillales___D_4__Endozoicomonadaceae___D_5__Endozoicomonas	perc_dis	TRUE
BM_Kappa	-	lambda=1 delta=1kappa=ML	233.195062956021	233.519387280346	kappa	kappa : 0.400954128166485 (95% CI  NA  -  0.953569953450582 )	0.392874962955014	0.052016006303414	1.0388067467166	0.031456476752678 - 0.07257553585415	0.0104895558932326	1.50968084571268e-05	mucus_D_0__Bacteria___D_1__Proteobacteria___D_2__Gammaproteobacteria___D_3__Oceanospirillales___D_4__Endozoicomonadaceae___D_5__Endozoicomonas	perc_dis	FALSE
BM_Delta	-	lambda=1 delta=MLkappa=1	237.69118880143	238.015513125755	delta	delta : 1 (95% CI  0.394494711084833  -  NA )	0.346429839353011	0.0468890633572097	1.48506159954358	0.0264116879474001 - 0.0673664387670193	0.010447640515209	6.47673446869668e-05	mucus_D_0__Bacteria___D_1__Proteobacteria___D_2__Gammaproteobacteria___D_3__Oceanospirillales___D_4__Endozoicomonadaceae___D_5__Endozoicomonas	perc_dis	FALSE
