model_name	compartment	branch_length_transformation	AIC	AICc	estimated_parameter	parameter_value	R2	slope	intercept	x_trait_slope_95CI	x_trait_slope_stdev	p	x_trait	y_trait	best_model
BM	-	lambda=1 delta=1kappa=1	256.429370160158	256.753694484482	None	All parameters fixed	0.0302490180642149	0.0444481195798271	3.42774074594603	-0.0355706997066284 - 0.124466938866283	0.0408259282073752	0.283132929579813	tissue_D_0__Archaea___D_1__Thaumarchaeota___D_2__Nitrososphaeria___D_3__Nitrosopumilales___D_4__Nitrosopumilaceae___D_5__uncultured_archaeon	perc_dis	FALSE
BM_Lambda	-	lambda=ML delta=1kappa=1	237.716025883715	238.040350208039	lambda	lambda : 1e-06 (95% CI  NA  -  0.241473167159014 )	0.00578323366845181	0.0206059490599258	3.15035753690802	-0.0652977897685024 - 0.106509687888354	0.0438284381777695	0.640934914699518	tissue_D_0__Archaea___D_1__Thaumarchaeota___D_2__Nitrososphaeria___D_3__Nitrosopumilales___D_4__Nitrosopumilaceae___D_5__uncultured_archaeon	perc_dis	TRUE
BM_Kappa	-	lambda=1 delta=1kappa=ML	253.988157575646	254.31248189997	kappa	kappa : 0.517989431251727 (95% CI  NA  -  NA )	0.0287591297021921	0.0439398511655919	3.40108618481865	-0.0372493857521636 - 0.125129088083347	0.0414230800600794	0.29549574965367	tissue_D_0__Archaea___D_1__Thaumarchaeota___D_2__Nitrososphaeria___D_3__Nitrosopumilales___D_4__Nitrosopumilaceae___D_5__uncultured_archaeon	perc_dis	FALSE
BM_Delta	-	lambda=1 delta=MLkappa=1	256.429370160158	256.753694484482	delta	delta : 1 (95% CI  0.384317189412592  -  NA )	0.0302490180642149	0.0444481195798271	3.42774074594603	-0.0355706997066284 - 0.124466938866283	0.0408259282073752	0.283132929579813	tissue_D_0__Archaea___D_1__Thaumarchaeota___D_2__Nitrososphaeria___D_3__Nitrosopumilales___D_4__Nitrosopumilaceae___D_5__uncultured_archaeon	perc_dis	FALSE
