model_name	compartment	branch_length_transformation	AIC	AICc	estimated_parameter	parameter_value	R2	slope	intercept	x_trait_slope_95CI	x_trait_slope_stdev	p	x_trait	y_trait	best_model
BM	-	lambda=1 delta=1kappa=1	-31.1862361669444	-30.2631592438675	None	All parameters fixed	0.103015770361586	0.000457455614488982	0.0846470359323381	-0.000249645565840998 - 0.00116455679481896	0.000360765908331623	0.225476051061978	all_D_0__Bacteria___D_1__Proteobacteria___D_2__Gammaproteobacteria___D_3__Pseudomonadales___D_4__Pseudomonadaceae___D_5__Pseudomonas	growth_rate_mm_per_year	FALSE
BM_Lambda	-	lambda=ML delta=1kappa=1	-46.1697786186577	-45.2467016955808	lambda	lambda : 0.283806569334168 (95% CI  NA  -  0.798200873483782 )	0.289578072178208	0.000672511010608315	0.074443345078103	0.000120729942726277 - 0.00122429207849035	0.00028152095300104	0.0315349445978548	all_D_0__Bacteria___D_1__Proteobacteria___D_2__Gammaproteobacteria___D_3__Pseudomonadales___D_4__Pseudomonadaceae___D_5__Pseudomonas	growth_rate_mm_per_year	TRUE
BM_Kappa	-	lambda=1 delta=1kappa=ML	-44.2835174674719	-43.360440544395	kappa	kappa : 1e-06 (95% CI  NA  -  0.364672161533885 )	0.224172172785596	0.000568200539164198	0.0839752266993953	1.44865181539493e-05 - 0.00112191456017445	0.000282507153576658	0.0639581840486625	all_D_0__Bacteria___D_1__Proteobacteria___D_2__Gammaproteobacteria___D_3__Pseudomonadales___D_4__Pseudomonadaceae___D_5__Pseudomonas	growth_rate_mm_per_year	FALSE
BM_Delta	-	lambda=1 delta=MLkappa=1	-31.1862361669444	-30.2631592438675	delta	delta : 1 (95% CI  0.308322137137061  -  NA )	0.103015770361586	0.000457455614488982	0.0846470359323381	-0.000249645565840998 - 0.00116455679481896	0.000360765908331623	0.225476051061978	all_D_0__Bacteria___D_1__Proteobacteria___D_2__Gammaproteobacteria___D_3__Pseudomonadales___D_4__Pseudomonadaceae___D_5__Pseudomonas	growth_rate_mm_per_year	FALSE
