model_name	compartment	branch_length_transformation	AIC	AICc	estimated_parameter	parameter_value	R2	slope	intercept	x_trait_slope_95CI	x_trait_slope_stdev	p	x_trait	y_trait	best_model
BM	-	lambda=1 delta=1kappa=1	251.563468084976	251.8877924093	None	All parameters fixed	0.0754964684770317	-0.0866210457576873	4.37384741197472	-0.182999213223025 - 0.00975712170765047	0.0491725344210907	0.0861859114783208	mucus_D_0__Bacteria___D_1__Proteobacteria___D_2__Gammaproteobacteria___D_3__Pseudomonadales___D_4__Moraxellaceae___D_5__Enhydrobacter	perc_dis	FALSE
BM_Lambda	-	lambda=ML delta=1kappa=1	237.167616060323	237.491940384647	lambda	lambda : 1e-06 (95% CI  NA  -  0.358455900698735 )	0.0125530871260133	-0.0226691029672116	3.2924005485686	-0.0865954980916631 - 0.0412572921572398	0.0326155077165569	0.491258300883436	mucus_D_0__Bacteria___D_1__Proteobacteria___D_2__Gammaproteobacteria___D_3__Pseudomonadales___D_4__Moraxellaceae___D_5__Enhydrobacter	perc_dis	TRUE
BM_Kappa	-	lambda=1 delta=1kappa=ML	248.185917112866	248.51024143719	kappa	kappa : 0.420474603443392 (95% CI  NA  -  NA )	0.115261943800113	-0.0818406686318186	4.2758244649939	-0.153934453538196 - -0.00974688372544116	0.0367825433195803	0.032094916354048	mucus_D_0__Bacteria___D_1__Proteobacteria___D_2__Gammaproteobacteria___D_3__Pseudomonadales___D_4__Moraxellaceae___D_5__Enhydrobacter	perc_dis	FALSE
BM_Delta	-	lambda=1 delta=MLkappa=1	251.563468084976	251.8877924093	delta	delta : 1 (95% CI  0.37018590468762  -  NA )	0.0754964684770317	-0.0866210457576873	4.37384741197472	-0.182999213223025 - 0.00975712170765047	0.0491725344210907	0.0861859114783208	mucus_D_0__Bacteria___D_1__Proteobacteria___D_2__Gammaproteobacteria___D_3__Pseudomonadales___D_4__Moraxellaceae___D_5__Enhydrobacter	perc_dis	FALSE
