model_name	compartment	branch_length_transformation	AIC	AICc	estimated_parameter	parameter_value	R2	slope	intercept	x_trait_slope_95CI	x_trait_slope_stdev	p	x_trait	y_trait	best_model
BM	-	lambda=1 delta=1kappa=1	109.859411961743	110.381151092178	None	All parameters fixed	0.0669906220168184	0.00808279575157842	3.67628334455973	-0.00398555862538757 - 0.0201511501285444	0.00615732366171734	0.201694857911988	tissue_D_0__Bacteria___D_1__Proteobacteria___D_2__Gammaproteobacteria___D_3__Pseudomonadales___D_4__Pseudomonadaceae___D_5__Pseudomonas	depth	FALSE
BM_Lambda	-	lambda=ML delta=1kappa=1	108.186999395905	108.708738526339	lambda	lambda : 1e-06 (95% CI  NA  -  NA )	1.8609596082779e-05	0.00014194109639884	3.95841473153873	-0.0130220048851244 - 0.0133058870779221	0.00671629897016492	0.983313627754973	tissue_D_0__Bacteria___D_1__Proteobacteria___D_2__Gammaproteobacteria___D_3__Pseudomonadales___D_4__Pseudomonadaceae___D_5__Pseudomonas	depth	FALSE
BM_Kappa	-	lambda=1 delta=1kappa=ML	103.625594546282	104.147333676717	kappa	kappa : 0.13078653820753 (95% CI  NA  -  0.809905065362653 )	0.0351388709240759	0.0049829416072347	3.85833571373094	-0.0054636532551607 - 0.0154295364696301	0.00532989533795684	0.359149755950948	tissue_D_0__Bacteria___D_1__Proteobacteria___D_2__Gammaproteobacteria___D_3__Pseudomonadales___D_4__Pseudomonadaceae___D_5__Pseudomonas	depth	TRUE
BM_Delta	-	lambda=1 delta=MLkappa=1	109.859411961743	110.381151092178	delta	delta : 1 (95% CI  0.279195810789046  -  NA )	0.0669906220168184	0.00808279575157842	3.67628334455973	-0.00398555862538757 - 0.0201511501285444	0.00615732366171734	0.201694857911988	tissue_D_0__Bacteria___D_1__Proteobacteria___D_2__Gammaproteobacteria___D_3__Pseudomonadales___D_4__Pseudomonadaceae___D_5__Pseudomonas	depth	FALSE
