model_name	compartment	branch_length_transformation	AIC	AICc	estimated_parameter	parameter_value	R2	slope	intercept	x_trait_slope_95CI	x_trait_slope_stdev	p	x_trait	y_trait	best_model
BM	-	lambda=1 delta=1kappa=1	588.551479110268	588.812348675486	None	All parameters fixed	0.00784537534109539	-0.271073104422775	149.004300299055	-1.14259116078085 - 0.600444951935304	0.444652069570449	0.545043245457044	all_D_0__Bacteria___D_1__Proteobacteria___D_2__Alphaproteobacteria___D_3__Rhizobiales___D_4__Stappiaceae___D_5__Pseudovibrio	observed_features_all	FALSE
BM_Lambda	-	lambda=ML delta=1kappa=1	566.395571367176	566.656440932393	lambda	lambda : 1e-06 (95% CI  NA  -  0.540196283984608 )	0.00187187586264194	0.139160700044148	145.842342988419	-0.779549147353725 - 1.05787054744202	0.468729513978507	0.767859297510988	all_D_0__Bacteria___D_1__Proteobacteria___D_2__Alphaproteobacteria___D_3__Rhizobiales___D_4__Stappiaceae___D_5__Pseudovibrio	observed_features_all	TRUE
BM_Kappa	-	lambda=1 delta=1kappa=ML	577.144496248102	577.405365813319	kappa	kappa : 0.216107918283755 (95% CI  NA  -  0.674385005060425 )	0.00147214241004701	-0.113974130368338	137.931102386698	-0.962604579386847 - 0.734656318650172	0.432974718886995	0.793520012788485	all_D_0__Bacteria___D_1__Proteobacteria___D_2__Alphaproteobacteria___D_3__Rhizobiales___D_4__Stappiaceae___D_5__Pseudovibrio	observed_features_all	FALSE
BM_Delta	-	lambda=1 delta=MLkappa=1	588.551479110268	588.812348675486	delta	delta : 1 (95% CI  0.417654003897872  -  NA )	0.00784537534109539	-0.271073104422775	149.004300299055	-1.14259116078085 - 0.600444951935304	0.444652069570449	0.545043245457044	all_D_0__Bacteria___D_1__Proteobacteria___D_2__Alphaproteobacteria___D_3__Rhizobiales___D_4__Stappiaceae___D_5__Pseudovibrio	observed_features_all	FALSE
