model_name	compartment	branch_length_transformation	AIC	AICc	estimated_parameter	parameter_value	R2	slope	intercept	x_trait_slope_95CI	x_trait_slope_stdev	p	x_trait	y_trait	best_model
BM	-	lambda=1 delta=1kappa=1	-26.7121875838962	-26.4513180186788	None	All parameters fixed	0.0178570079853371	0.000590438845660134	0.136135576728214	-0.000661448010011558 - 0.00184232570133183	0.000638717783505966	0.359993457133484	all_D_0__Bacteria___D_1__Proteobacteria___D_2__Alphaproteobacteria___D_3__Rickettsiales___D_4__Midichloriaceae___D_5__MD3_55	dominance_all	FALSE
BM_Lambda	-	lambda=ML delta=1kappa=1	-87.600503961138	-87.3396343959206	lambda	lambda : 1e-06 (95% CI  NA  -  0.291913966245693 )	0.149554799392176	0.00047139572117239	0.152568196252321	0.000150017998821399 - 0.000792773443523381	0.000163968225689281	0.00605349293420909	all_D_0__Bacteria___D_1__Proteobacteria___D_2__Alphaproteobacteria___D_3__Rickettsiales___D_4__Midichloriaceae___D_5__MD3_55	dominance_all	TRUE
BM_Kappa	-	lambda=1 delta=1kappa=ML	-66.7065813421479	-66.4457117769305	kappa	kappa : 1e-06 (95% CI  NA  -  0.155303655086001 )	0.158801478860577	0.00053128337624553	0.147804429816388	0.00018169631648732 - 0.000880870436003741	0.000178360744774597	0.0045683782886301	all_D_0__Bacteria___D_1__Proteobacteria___D_2__Alphaproteobacteria___D_3__Rickettsiales___D_4__Midichloriaceae___D_5__MD3_55	dominance_all	FALSE
BM_Delta	-	lambda=1 delta=MLkappa=1	-26.7121875838962	-26.4513180186788	delta	delta : 1 (95% CI  0.48225917933878  -  NA )	0.0178570079853371	0.000590438845660134	0.136135576728214	-0.000661448010011558 - 0.00184232570133183	0.000638717783505966	0.359993457133484	all_D_0__Bacteria___D_1__Proteobacteria___D_2__Alphaproteobacteria___D_3__Rickettsiales___D_4__Midichloriaceae___D_5__MD3_55	dominance_all	FALSE
