model_name	compartment	branch_length_transformation	AIC	AICc	estimated_parameter	parameter_value	R2	slope	intercept	x_trait_slope_95CI	x_trait_slope_stdev	p	x_trait	y_trait	best_model
BM	-	lambda=1 delta=1kappa=1	-31.3520914317571	-30.4290145086802	None	All parameters fixed	0.112265841933016	-0.000333514281791577	0.116192339105553	-0.000824788684371964 - 0.000157760120788811	0.000250650205398157	0.204589073904533	skeleton_D_0__Bacteria___D_1__Bacteroidetes___D_2__Chlorobia___D_3__Chlorobiales___D_4__Chlorobiaceae___D_5__Prosthecochloris	growth_rate_mm_per_year	FALSE
BM_Lambda	-	lambda=ML delta=1kappa=1	-42.289904229825	-41.3668273067481	lambda	lambda : 0.354575869642384 (95% CI  NA  -  0.88677971021934 )	0.0885361098333984	-0.000518405310667187	0.124500744440186	-0.0013897119260542 - 0.000352901304719823	0.000444544191523985	0.263036011867953	skeleton_D_0__Bacteria___D_1__Bacteroidetes___D_2__Chlorobia___D_3__Chlorobiales___D_4__Chlorobiaceae___D_5__Prosthecochloris	growth_rate_mm_per_year	TRUE
BM_Kappa	-	lambda=1 delta=1kappa=ML	-40.8160706943323	-39.8929937712554	kappa	kappa : 1e-06 (95% CI  NA  -  0.553484705218711 )	0.036429123406211	-0.000289751939318887	0.120010000534964	-0.00107036511453324 - 0.000490861235895472	0.000398272028170591	0.478896833912404	skeleton_D_0__Bacteria___D_1__Bacteroidetes___D_2__Chlorobia___D_3__Chlorobiales___D_4__Chlorobiaceae___D_5__Prosthecochloris	growth_rate_mm_per_year	FALSE
BM_Delta	-	lambda=1 delta=MLkappa=1	-31.3520914317571	-30.4290145086802	delta	delta : 1 (95% CI  0.293698557508506  -  NA )	0.112265841933016	-0.000333514281791577	0.116192339105553	-0.000824788684371964 - 0.000157760120788811	0.000250650205398157	0.204589073904533	skeleton_D_0__Bacteria___D_1__Bacteroidetes___D_2__Chlorobia___D_3__Chlorobiales___D_4__Chlorobiaceae___D_5__Prosthecochloris	growth_rate_mm_per_year	FALSE
