model_name	compartment	branch_length_transformation	AIC	AICc	estimated_parameter	parameter_value	R2	slope	intercept	x_trait_slope_95CI	x_trait_slope_stdev	p	x_trait	y_trait	best_model
BM	-	lambda=1 delta=1kappa=1	232.497039026761	232.860675390397	None	All parameters fixed	0.000124438598200867	-0.000727635003567125	4.67000421257854	-0.0226519290232189 - 0.0211966590160847	0.0111858642957407	0.948515555683481	skeleton_D_0__Bacteria___D_1__Bacteroidetes___D_2__Bacteroidia___D_3__Cytophagales___D_4__Amoebophilaceae___D_5__Candidatus_Amoebophilus	perc_dis	FALSE
BM_Lambda	-	lambda=ML delta=1kappa=1	216.751777005325	217.115413368961	lambda	lambda : 1e-06 (95% CI  NA  -  0.378167297053325 )	1.16076287655547e-05	-0.000271329465834878	3.52467774637851	-0.0270407701399119 - 0.0264981112082422	0.0136578778949373	0.984266276717042	skeleton_D_0__Bacteria___D_1__Bacteroidetes___D_2__Bacteroidia___D_3__Cytophagales___D_4__Amoebophilaceae___D_5__Candidatus_Amoebophilus	perc_dis	TRUE
BM_Kappa	-	lambda=1 delta=1kappa=ML	229.690309528541	230.053945892177	kappa	kappa : 0.490170000970931 (95% CI  NA  -  NA )	0.000574398421464199	0.00181132472574568	4.7048474627562	-0.0235856241460452 - 0.0272082735975366	0.0129576269754035	0.88965206387113	skeleton_D_0__Bacteria___D_1__Bacteroidetes___D_2__Bacteroidia___D_3__Cytophagales___D_4__Amoebophilaceae___D_5__Candidatus_Amoebophilus	perc_dis	FALSE
BM_Delta	-	lambda=1 delta=MLkappa=1	232.497039026761	232.860675390397	delta	delta : 1 (95% CI  0.343294133151057  -  NA )	0.000124438598200867	-0.000727635003567125	4.67000421257854	-0.0226519290232189 - 0.0211966590160847	0.0111858642957407	0.948515555683481	skeleton_D_0__Bacteria___D_1__Bacteroidetes___D_2__Bacteroidia___D_3__Cytophagales___D_4__Amoebophilaceae___D_5__Candidatus_Amoebophilus	perc_dis	FALSE
