model_name	compartment	branch_length_transformation	AIC	AICc	estimated_parameter	parameter_value	R2	slope	intercept	x_trait_slope_95CI	x_trait_slope_stdev	p	x_trait	y_trait	best_model
BM	-	lambda=1 delta=1kappa=1	-29.6571995179126	-28.7341225948357	None	All parameters fixed	0.0130660953931506	0.000130618298894352	0.110248510863912	-0.000464039609601498 - 0.000725276207390202	0.000303396892089719	0.673371692964588	skeleton_D_0__Bacteria___D_1__Firmicutes___D_2__Clostridia___D_3__Clostridiales___D_4__Clostridiaceae_4___D_5__Paramaledivibacter	growth_rate_mm_per_year	FALSE
BM_Lambda	-	lambda=ML delta=1kappa=1	-41.8553960329131	-40.9323191098361	lambda	lambda : 0.364790941589533 (95% CI  NA  -  0.865198788434877 )	0.0629271784151557	-0.000384435957523984	0.126211165281367	-0.00116154792462391 - 0.000392676009575939	0.000396485697499961	0.348695623569306	skeleton_D_0__Bacteria___D_1__Firmicutes___D_2__Clostridia___D_3__Clostridiales___D_4__Clostridiaceae_4___D_5__Paramaledivibacter	growth_rate_mm_per_year	TRUE
BM_Kappa	-	lambda=1 delta=1kappa=ML	-40.3909164839926	-39.4678395609156	kappa	kappa : 1e-06 (95% CI  NA  -  0.481644900266671 )	0.0104817733960941	-0.000145536838999828	0.121828087292371	-0.000886266110964513 - 0.000595192432964857	0.000377923097941166	0.705953268539786	skeleton_D_0__Bacteria___D_1__Firmicutes___D_2__Clostridia___D_3__Clostridiales___D_4__Clostridiaceae_4___D_5__Paramaledivibacter	growth_rate_mm_per_year	FALSE
BM_Delta	-	lambda=1 delta=MLkappa=1	-29.6571995179126	-28.7341225948357	delta	delta : 1 (95% CI  0.294490890823241  -  NA )	0.0130660953931506	0.000130618298894352	0.110248510863912	-0.000464039609601498 - 0.000725276207390202	0.000303396892089719	0.673371692964588	skeleton_D_0__Bacteria___D_1__Firmicutes___D_2__Clostridia___D_3__Clostridiales___D_4__Clostridiaceae_4___D_5__Paramaledivibacter	growth_rate_mm_per_year	FALSE
