model_name	compartment	branch_length_transformation	AIC	AICc	estimated_parameter	parameter_value	R2	slope	intercept	x_trait_slope_95CI	x_trait_slope_stdev	p	x_trait	y_trait	best_model
BM	-	lambda=1 delta=1kappa=1	265.500154208351	265.807846516044	None	All parameters fixed	0.0102054225336771	0.0591921178748686	3.4908841626449	-0.121461637817525 - 0.239845873567262	0.0921702835165273	0.524404594702587	skeleton_D_0__Bacteria___D_1__Chloroflexi___D_2__Chloroflexia___D_3__Chloroflexales___D_4__Chloroflexaceae___D_5__Candidatus_Chlorothrix	perc_dis	FALSE
BM_Lambda	-	lambda=ML delta=1kappa=1	248.299910399268	248.60760270696	lambda	lambda : 1e-06 (95% CI  NA  -  0.242657010859576 )	0.000803967364666152	-0.0152337278220494	3.16359643960997	-0.181666331797618 - 0.15119887615352	0.0849145938650862	0.858528864160561	skeleton_D_0__Bacteria___D_1__Chloroflexi___D_2__Chloroflexia___D_3__Chloroflexales___D_4__Chloroflexaceae___D_5__Candidatus_Chlorothrix	perc_dis	TRUE
BM_Kappa	-	lambda=1 delta=1kappa=ML	264.136395306769	264.444087614462	kappa	kappa : 0.632781473768679 (95% CI  0.0521348979887373  -  NA )	0.00445318941003856	0.0400425821919553	3.49299935266634	-0.145499920485713 - 0.225585084869624	0.0946645421824838	0.674564817304855	skeleton_D_0__Bacteria___D_1__Chloroflexi___D_2__Chloroflexia___D_3__Chloroflexales___D_4__Chloroflexaceae___D_5__Candidatus_Chlorothrix	perc_dis	FALSE
BM_Delta	-	lambda=1 delta=MLkappa=1	265.500154208351	265.807846516044	delta	delta : 1 (95% CI  0.37943453121286  -  NA )	0.0102054225336771	0.0591921178748686	3.4908841626449	-0.121461637817525 - 0.239845873567262	0.0921702835165273	0.524404594702587	skeleton_D_0__Bacteria___D_1__Chloroflexi___D_2__Chloroflexia___D_3__Chloroflexales___D_4__Chloroflexaceae___D_5__Candidatus_Chlorothrix	perc_dis	FALSE
