model_name	compartment	branch_length_transformation	AIC	AICc	estimated_parameter	parameter_value	R2	slope	intercept	x_trait_slope_95CI	x_trait_slope_stdev	p	x_trait	y_trait	best_model
BM	-	lambda=1 delta=1kappa=1	-66.9084259226233	-66.622711636909	None	All parameters fixed	0.0410845364955787	0.000500528554122007	0.145263302385281	-0.000222244023582697 - 0.00122330113182671	0.000368761519237094	0.181760316765555	tissue_D_0__Bacteria___D_1__Proteobacteria___D_2__Alphaproteobacteria___D_3__Rickettsiales___D_4__Midichloriaceae___D_5__MD3_55	dominance_all	FALSE
BM_Lambda	-	lambda=ML delta=1kappa=1	-101.771528779141	-101.485814493427	lambda	lambda : 0.00664746144512129 (95% CI  NA  -  0.392037657814968 )	0.243284812293149	0.000462399437221397	0.150828625705966	0.000218647617376534 - 0.000706151257066261	0.000124363173390237	0.000576084915212771	tissue_D_0__Bacteria___D_1__Proteobacteria___D_2__Alphaproteobacteria___D_3__Rickettsiales___D_4__Midichloriaceae___D_5__MD3_55	dominance_all	TRUE
BM_Kappa	-	lambda=1 delta=1kappa=ML	-81.9045599067549	-81.6188456210406	kappa	kappa : 0.0471870906399122 (95% CI  NA  -  0.529389827304943 )	0.233050247378676	0.00050983613324969	0.153427857412167	0.00023338961345179 - 0.000786282653047589	0.00014104414275403	0.000783294786260935	tissue_D_0__Bacteria___D_1__Proteobacteria___D_2__Alphaproteobacteria___D_3__Rickettsiales___D_4__Midichloriaceae___D_5__MD3_55	dominance_all	FALSE
BM_Delta	-	lambda=1 delta=MLkappa=1	-66.9084259226233	-66.622711636909	delta	delta : 1 (95% CI  0.438879997363022  -  NA )	0.0410845364955787	0.000500528554122007	0.145263302385281	-0.000222244023582697 - 0.00122330113182671	0.000368761519237094	0.181760316765555	tissue_D_0__Bacteria___D_1__Proteobacteria___D_2__Alphaproteobacteria___D_3__Rickettsiales___D_4__Midichloriaceae___D_5__MD3_55	dominance_all	FALSE
