model_name	compartment	branch_length_transformation	AIC	AICc	estimated_parameter	parameter_value	R2	slope	intercept	x_trait_slope_95CI	x_trait_slope_stdev	p	x_trait	y_trait	best_model
BM	-	lambda=1 delta=1kappa=1	-37.8058221162588	-37.5201078305445	None	All parameters fixed	0.265583394749793	-0.000726609659932369	0.239038766533764	-0.00108776479631809 - -0.000365454523546646	0.000184262824686594	0.000291580161714489	mucus_D_0__Bacteria___D_1__Proteobacteria___D_2__Gammaproteobacteria___D_3__Betaproteobacteriales___D_4__Burkholderiaceae___D_5__Aquabacterium	dominance_all	FALSE
BM_Lambda	-	lambda=ML delta=1kappa=1	-77.6865311595781	-77.4008168738638	lambda	lambda : 1e-06 (95% CI  NA  -  0.324937870577249 )	0.056319893755836	-0.000460284008712868	0.208270915014591	-0.00102344065871559 - 0.00010287264128985	0.000287324821429958	0.116485362566674	mucus_D_0__Bacteria___D_1__Proteobacteria___D_2__Gammaproteobacteria___D_3__Betaproteobacteriales___D_4__Burkholderiaceae___D_5__Aquabacterium	dominance_all	TRUE
BM_Kappa	-	lambda=1 delta=1kappa=ML	-60.7594387051073	-60.473724419393	kappa	kappa : 0.080758507671574 (95% CI  NA  -  0.459390841451953 )	0.119291062788814	-0.000671076109726715	0.256781178965701	-0.00121608786502311 - -0.000126064354430319	0.000278067222089998	0.0201397620396984	mucus_D_0__Bacteria___D_1__Proteobacteria___D_2__Gammaproteobacteria___D_3__Betaproteobacteriales___D_4__Burkholderiaceae___D_5__Aquabacterium	dominance_all	FALSE
BM_Delta	-	lambda=1 delta=MLkappa=1	-37.8058221162588	-37.5201078305445	delta	delta : 1 (95% CI  0.448365527376886  -  NA )	0.265583394749793	-0.000726609659932369	0.239038766533764	-0.00108776479631809 - -0.000365454523546646	0.000184262824686594	0.000291580161714489	mucus_D_0__Bacteria___D_1__Proteobacteria___D_2__Gammaproteobacteria___D_3__Betaproteobacteriales___D_4__Burkholderiaceae___D_5__Aquabacterium	dominance_all	FALSE
