model_name	compartment	branch_length_transformation	AIC	AICc	estimated_parameter	parameter_value	R2	slope	intercept	x_trait_slope_95CI	x_trait_slope_stdev	p	x_trait	y_trait	best_model
BM	-	lambda=1 delta=1kappa=1	-36.25700138573	-35.9961318205126	None	All parameters fixed	0.191690691839317	-0.000976703796653359	0.222438089405207	-0.00155010459844416 - -0.000403302994862554	0.000292551429485104	0.00165445461394365	all_D_0__Bacteria___D_1__Proteobacteria___D_2__Gammaproteobacteria___D_3__Betaproteobacteriales___D_4__Burkholderiaceae___D_5__Aquabacterium	dominance_all	FALSE
BM_Lambda	-	lambda=ML delta=1kappa=1	-80.5821707127715	-80.3213011475541	lambda	lambda : 1e-06 (95% CI  NA  -  0.315875875051236 )	0.018589062319191	-0.000375329993855524	0.17772143433772	-0.00115501129592705 - 0.000404351308215999	0.000397796582689553	0.350238847840677	all_D_0__Bacteria___D_1__Proteobacteria___D_2__Gammaproteobacteria___D_3__Betaproteobacteriales___D_4__Burkholderiaceae___D_5__Aquabacterium	dominance_all	TRUE
BM_Kappa	-	lambda=1 delta=1kappa=ML	-62.4574954844553	-62.1966259192379	kappa	kappa : 1e-06 (95% CI  NA  -  0.354012958555651 )	0.0825998701519309	-0.000811660780102137	0.240936823970682	-0.00158500246422009 - -3.83190959841879e-05	0.000394562083733648	0.0452478250195378	all_D_0__Bacteria___D_1__Proteobacteria___D_2__Gammaproteobacteria___D_3__Betaproteobacteriales___D_4__Burkholderiaceae___D_5__Aquabacterium	dominance_all	FALSE
BM_Delta	-	lambda=1 delta=MLkappa=1	-36.25700138573	-35.9961318205126	delta	delta : 1 (95% CI  0.457620131235055  -  NA )	0.191690691839317	-0.000976703796653359	0.222438089405207	-0.00155010459844416 - -0.000403302994862554	0.000292551429485104	0.00165445461394365	all_D_0__Bacteria___D_1__Proteobacteria___D_2__Gammaproteobacteria___D_3__Betaproteobacteriales___D_4__Burkholderiaceae___D_5__Aquabacterium	dominance_all	FALSE
