model_name	compartment	branch_length_transformation	AIC	AICc	estimated_parameter	parameter_value	R2	slope	intercept	x_trait_slope_95CI	x_trait_slope_stdev	p	x_trait	y_trait	best_model
BM	-	lambda=1 delta=1kappa=1	197.507133942839	197.951578387283	None	All parameters fixed	0.203386383110991	0.358282613703032	0.623967261100287	0.0956396830563275 - 0.620925544349736	0.13400149522791	0.0123753405598093	skeleton_D_0__Bacteria___D_1__Proteobacteria___D_2__Alphaproteobacteria___D_3__Rhodobacterales___D_4__Rhodobacteraceae___D_5__Ruegeria	perc_dis	FALSE
BM_Lambda	-	lambda=ML delta=1kappa=1	184.814605199211	185.259049643655	lambda	lambda : 1e-06 (95% CI  NA  -  0.259947451564874 )	0.0537998397619605	0.158282323998854	2.50332114921885	-0.0875904785230231 - 0.404155126520731	0.125445307409121	0.217444028465248	skeleton_D_0__Bacteria___D_1__Proteobacteria___D_2__Alphaproteobacteria___D_3__Rhodobacterales___D_4__Rhodobacteraceae___D_5__Ruegeria	perc_dis	TRUE
BM_Kappa	-	lambda=1 delta=1kappa=ML	196.923016585912	197.367461030356	kappa	kappa : 0.544906858926836 (95% CI  NA  -  NA )	0.162815734998979	0.316544605825061	0.760292139224636	0.0506715578312328 - 0.58241765381889	0.135649514282566	0.0270255777230108	skeleton_D_0__Bacteria___D_1__Proteobacteria___D_2__Alphaproteobacteria___D_3__Rhodobacterales___D_4__Rhodobacteraceae___D_5__Ruegeria	perc_dis	FALSE
BM_Delta	-	lambda=1 delta=MLkappa=1	197.507133942839	197.951578387283	delta	delta : 1 (95% CI  0.286146960140842  -  NA )	0.203386383110991	0.358282613703032	0.623967261100287	0.0956396830563275 - 0.620925544349736	0.13400149522791	0.0123753405598093	skeleton_D_0__Bacteria___D_1__Proteobacteria___D_2__Alphaproteobacteria___D_3__Rhodobacterales___D_4__Rhodobacteraceae___D_5__Ruegeria	perc_dis	FALSE
