model_name	compartment	branch_length_transformation	AIC	AICc	estimated_parameter	parameter_value	R2	slope	intercept	x_trait_slope_95CI	x_trait_slope_stdev	p	x_trait	y_trait	best_model
BM	-	lambda=1 delta=1kappa=1	92.0438856113458	92.9669625344227	None	All parameters fixed	0.00451518604679622	-2.13282915228302	6.31886386143522	-18.7221121692056 - 14.4564538646395	8.46391990659314	0.80470989782505	mucus_unweighted_unifrac_ordination_PC1	perc_dis	TRUE
BM_Lambda	-	lambda=ML delta=1kappa=1	92.0438856113458	92.9669625344227	lambda	lambda : 1 (95% CI  NA  -  NA )	0.00451518604679622	-2.13282915228302	6.31886386143522	-18.7221121692056 - 14.4564538646395	8.46391990659314	0.80470989782505	mucus_unweighted_unifrac_ordination_PC1	perc_dis	FALSE
BM_Kappa	-	lambda=1 delta=1kappa=ML	92.0438856113458	92.9669625344227	kappa	kappa : 1 (95% CI  0.518621857116882  -  NA )	0.00451518604679643	-2.13282915228302	6.31886386143522	-18.7221121692056 - 14.4564538646395	8.46391990659314	0.804709897825051	mucus_unweighted_unifrac_ordination_PC1	perc_dis	FALSE
BM_Delta	-	lambda=1 delta=MLkappa=1	92.0438856113458	92.9669625344227	delta	delta : 1 (95% CI  0.16719830555115  -  NA )	0.00451518604679622	-2.13282915228302	6.31886386143522	-18.7221121692056 - 14.4564538646395	8.46391990659314	0.80470989782505	mucus_unweighted_unifrac_ordination_PC1	perc_dis	FALSE
