model_name	compartment	branch_length_transformation	AIC	AICc	estimated_parameter	parameter_value	R2	slope	intercept	x_trait_slope_95CI	x_trait_slope_stdev	p	x_trait	y_trait	best_model
BM	-	lambda=1 delta=1kappa=1	-28.181773467386	-27.3246306102431	None	All parameters fixed	0.0830526355116273	-0.000401512539395936	0.134057709325525	-0.00107666996556139 - 0.000273644886769521	0.000344468074574212	0.261976257426499	mucus_D_0__Bacteria___D_1__Proteobacteria___D_2__Gammaproteobacteria___D_3__Vibrionales___D_4__Vibrionaceae___D_5__Vibrio	growth_rate_mm_per_year	FALSE
BM_Lambda	-	lambda=ML delta=1kappa=1	-38.2483794121719	-37.3912365550291	lambda	lambda : 1e-06 (95% CI  NA  -  0.841184019130809 )	0.0916402301718901	-0.000743687649025945	0.155803077415582	-0.00192860175834723 - 0.000441226460295342	0.000604548014959841	0.237583668408763	mucus_D_0__Bacteria___D_1__Proteobacteria___D_2__Gammaproteobacteria___D_3__Vibrionales___D_4__Vibrionaceae___D_5__Vibrio	growth_rate_mm_per_year	TRUE
BM_Kappa	-	lambda=1 delta=1kappa=ML	-32.8774138616693	-32.0202710045265	kappa	kappa : 0.159644429219956 (95% CI  NA  -  0.91724956973723 )	0.0603246250994062	-0.000484520009338604	0.133920733122339	-0.00145227131496429 - 0.000483231296287085	0.000493750666135556	0.342005936007548	mucus_D_0__Bacteria___D_1__Proteobacteria___D_2__Gammaproteobacteria___D_3__Vibrionales___D_4__Vibrionaceae___D_5__Vibrio	growth_rate_mm_per_year	FALSE
BM_Delta	-	lambda=1 delta=MLkappa=1	-28.181773467386	-27.3246306102431	delta	delta : 1 (95% CI  0.277887883562961  -  NA )	0.0830526355116273	-0.000401512539395936	0.134057709325525	-0.00107666996556139 - 0.000273644886769521	0.000344468074574212	0.261976257426499	mucus_D_0__Bacteria___D_1__Proteobacteria___D_2__Gammaproteobacteria___D_3__Vibrionales___D_4__Vibrionaceae___D_5__Vibrio	growth_rate_mm_per_year	FALSE
