model_name	compartment	branch_length_transformation	AIC	AICc	estimated_parameter	parameter_value	R2	slope	intercept	x_trait_slope_95CI	x_trait_slope_stdev	p	x_trait	y_trait	best_model
BM	-	lambda=1 delta=1kappa=1	-31.1583519993923	-30.2352750763154	None	All parameters fixed	0.101451178743946	-0.000515839084591187	0.116145894329189	-0.00132001042119409 - 0.00028833225201172	0.000410291498266789	0.22923285032668	all_D_0__Bacteria___D_1__Bacteroidetes___D_2__Chlorobia___D_3__Chlorobiales___D_4__Chlorobiaceae___D_5__Prosthecochloris	growth_rate_mm_per_year	FALSE
BM_Lambda	-	lambda=ML delta=1kappa=1	-42.1815550471431	-41.2584781240661	lambda	lambda : 0.33200061578334 (95% CI  NA  -  0.883831714418648 )	0.0837936815283087	-0.000843166658292913	0.124577143138377	-0.0023036495822817 - 0.000617316265695873	0.000745144348973871	0.276835238749716	all_D_0__Bacteria___D_1__Bacteroidetes___D_2__Chlorobia___D_3__Chlorobiales___D_4__Chlorobiaceae___D_5__Prosthecochloris	growth_rate_mm_per_year	TRUE
BM_Kappa	-	lambda=1 delta=1kappa=ML	-40.8615890336774	-39.9385121106005	kappa	kappa : 1e-06 (95% CI  NA  -  0.54041797535205 )	0.0391664869364151	-0.00050184474653134	0.120226713546917	-0.00180389635220445 - 0.000800206859141769	0.00066431204371077	0.462509035550084	all_D_0__Bacteria___D_1__Bacteroidetes___D_2__Chlorobia___D_3__Chlorobiales___D_4__Chlorobiaceae___D_5__Prosthecochloris	growth_rate_mm_per_year	FALSE
BM_Delta	-	lambda=1 delta=MLkappa=1	-31.1583519993923	-30.2352750763154	delta	delta : 1 (95% CI  0.294325375369968  -  NA )	0.101451178743946	-0.000515839084591187	0.116145894329189	-0.00132001042119409 - 0.00028833225201172	0.000410291498266789	0.22923285032668	all_D_0__Bacteria___D_1__Bacteroidetes___D_2__Chlorobia___D_3__Chlorobiales___D_4__Chlorobiaceae___D_5__Prosthecochloris	growth_rate_mm_per_year	FALSE
