model_name	compartment	branch_length_transformation	AIC	AICc	estimated_parameter	parameter_value	R2	slope	intercept	x_trait_slope_95CI	x_trait_slope_stdev	p	x_trait	y_trait	best_model
BM	-	lambda=1 delta=1kappa=1	192.366059484536	192.794630913107	None	All parameters fixed	0.408109688454181	0.0550750536345974	0.894401631495424	0.0309346701812696 - 0.0792154370879253	0.0123165221700652	0.000109809782490089	mucus_D_0__Bacteria___D_1__Proteobacteria___D_2__Gammaproteobacteria___D_3__Oceanospirillales___D_4__Endozoicomonadaceae___D_5__Endozoicomonas	perc_dis	FALSE
BM_Lambda	-	lambda=ML delta=1kappa=1	173.819241488963	174.247812917535	lambda	lambda : 1e-06 (95% CI  NA  -  0.339289728441087 )	0.422253970509913	0.0552612794440592	1.04922556338303	0.0317346548897303 - 0.078787903998388	0.0120033798746576	7.6188831220847e-05	mucus_D_0__Bacteria___D_1__Proteobacteria___D_2__Gammaproteobacteria___D_3__Oceanospirillales___D_4__Endozoicomonadaceae___D_5__Endozoicomonas	perc_dis	TRUE
BM_Kappa	-	lambda=1 delta=1kappa=ML	187.666457422383	188.095028850955	kappa	kappa : 0.281297576088216 (95% CI  NA  -  0.928070883559269 )	0.435433198517886	0.0585831247127826	0.142036661878021	0.0343043645905699 - 0.0828618848349954	0.012387122511333	5.37959698230228e-05	mucus_D_0__Bacteria___D_1__Proteobacteria___D_2__Gammaproteobacteria___D_3__Oceanospirillales___D_4__Endozoicomonadaceae___D_5__Endozoicomonas	perc_dis	FALSE
BM_Delta	-	lambda=1 delta=MLkappa=1	192.366059484536	192.794630913107	delta	delta : 1 (95% CI  0.374582523642763  -  NA )	0.408109688454181	0.0550750536345974	0.894401631495424	0.0309346701812696 - 0.0792154370879253	0.0123165221700652	0.000109809782490089	mucus_D_0__Bacteria___D_1__Proteobacteria___D_2__Gammaproteobacteria___D_3__Oceanospirillales___D_4__Endozoicomonadaceae___D_5__Endozoicomonas	perc_dis	FALSE
