model_name	compartment	branch_length_transformation	AIC	AICc	estimated_parameter	parameter_value	R2	slope	intercept	x_trait_slope_95CI	x_trait_slope_stdev	p	x_trait	y_trait	best_model
BM	-	lambda=1 delta=1kappa=1	111.615071947115	112.13681107755	None	All parameters fixed	0.00181299723501148	0.0213456791609717	4.10070526277405	-0.179040522096741 - 0.221731880418685	0.102237857784547	0.836378365971339	tissue_D_0__Archaea___D_1__Thaumarchaeota___D_2__Nitrososphaeria___D_3__Nitrosopumilales___D_4__Nitrosopumilaceae___D_5__uncultured_archaeon	depth	FALSE
BM_Lambda	-	lambda=ML delta=1kappa=1	105.866111962134	106.387851092569	lambda	lambda : 1e-06 (95% CI  NA  -  0.64436324588238 )	0.0854137585077815	0.23894810341599	3.56105026309486	-0.0738776172945998 - 0.55177382412658	0.159604959546219	0.147398525365412	tissue_D_0__Archaea___D_1__Thaumarchaeota___D_2__Nitrososphaeria___D_3__Nitrosopumilales___D_4__Nitrosopumilaceae___D_5__uncultured_archaeon	depth	FALSE
BM_Kappa	-	lambda=1 delta=1kappa=ML	103.144570085247	103.666309215682	kappa	kappa : 1e-06 (95% CI  NA  -  0.639658974335252 )	0.0522621863437005	0.168555268883939	3.71588781719727	-0.118617397485155 - 0.455727935253032	0.146516666514844	0.261306177903415	tissue_D_0__Archaea___D_1__Thaumarchaeota___D_2__Nitrososphaeria___D_3__Nitrosopumilales___D_4__Nitrosopumilaceae___D_5__uncultured_archaeon	depth	TRUE
BM_Delta	-	lambda=1 delta=MLkappa=1	111.615071947115	112.13681107755	delta	delta : 1 (95% CI  0.303820567363304  -  NA )	0.00181299723501148	0.0213456791609717	4.10070526277405	-0.179040522096741 - 0.221731880418685	0.102237857784547	0.836378365971339	tissue_D_0__Archaea___D_1__Thaumarchaeota___D_2__Nitrososphaeria___D_3__Nitrosopumilales___D_4__Nitrosopumilaceae___D_5__uncultured_archaeon	depth	FALSE
