model_name	compartment	branch_length_transformation	AIC	AICc	estimated_parameter	parameter_value	R2	slope	intercept	x_trait_slope_95CI	x_trait_slope_stdev	p	x_trait	y_trait	best_model
BM	-	lambda=1 delta=1kappa=1	-30.1536267744367	-29.2305498513598	None	All parameters fixed	0.0432172370640978	0.000359823912511063	0.0986476599796965	-0.000527046664970079 - 0.0012466944899922	0.000452484988510786	0.439761645247793	skeleton_D_0__Bacteria___D_1__Proteobacteria___D_2__Gammaproteobacteria___D_3__Pseudomonadales___D_4__Pseudomonadaceae___D_5__Pseudomonas	growth_rate_mm_per_year	FALSE
BM_Lambda	-	lambda=ML delta=1kappa=1	-44.0134206197944	-43.0903436967175	lambda	lambda : 0.378638040099728 (95% CI  NA  -  0.842668279082416 )	0.180681776710035	0.00054301892267547	0.0955481601500975	-6.27069835281306e-05 - 0.00114874482887907	0.000309043829695715	0.10073898174185	skeleton_D_0__Bacteria___D_1__Proteobacteria___D_2__Gammaproteobacteria___D_3__Pseudomonadales___D_4__Pseudomonadaceae___D_5__Pseudomonas	growth_rate_mm_per_year	TRUE
BM_Kappa	-	lambda=1 delta=1kappa=ML	-42.8416071807532	-41.9185302576763	kappa	kappa : 1e-06 (95% CI  NA  -  0.400391242969396 )	0.151007785270413	0.000475247035219138	0.100415840268353	-0.000115040557137234 - 0.00106553462757551	0.000301167138957333	0.136883784999215	skeleton_D_0__Bacteria___D_1__Proteobacteria___D_2__Gammaproteobacteria___D_3__Pseudomonadales___D_4__Pseudomonadaceae___D_5__Pseudomonas	growth_rate_mm_per_year	FALSE
BM_Delta	-	lambda=1 delta=MLkappa=1	-30.1536267744367	-29.2305498513598	delta	delta : 1 (95% CI  0.303408742372615  -  NA )	0.0432172370640978	0.000359823912511063	0.0986476599796965	-0.000527046664970079 - 0.0012466944899922	0.000452484988510786	0.439761645247793	skeleton_D_0__Bacteria___D_1__Proteobacteria___D_2__Gammaproteobacteria___D_3__Pseudomonadales___D_4__Pseudomonadaceae___D_5__Pseudomonas	growth_rate_mm_per_year	FALSE
