model_name	compartment	branch_length_transformation	AIC	AICc	estimated_parameter	parameter_value	R2	slope	intercept	x_trait_slope_95CI	x_trait_slope_stdev	p	x_trait	y_trait	best_model
BM	-	lambda=1 delta=1kappa=1	-55.9169433297017	-55.6442160569744	None	All parameters fixed	0.0229455149652029	-0.000276533967607858	0.174610668714169	-0.000803774495366658 - 0.000250706560150941	0.000269000269264693	0.309441058335386	skeleton_D_0__Bacteria___D_1__Firmicutes___D_2__Clostridia___D_3__Clostridiales___D_4__Clostridiaceae_4___D_5__Paramaledivibacter	dominance_all	FALSE
BM_Lambda	-	lambda=ML delta=1kappa=1	-91.8797485386894	-91.6070212659621	lambda	lambda : 1e-06 (95% CI  NA  -  0.349913481937799 )	0.000463813694892293	4.47537507678815e-05	0.152206713327479	-0.000562271462655168 - 0.000651778964190931	0.000309706741542372	0.885748035151906	skeleton_D_0__Bacteria___D_1__Firmicutes___D_2__Clostridia___D_3__Clostridiales___D_4__Clostridiaceae_4___D_5__Paramaledivibacter	dominance_all	TRUE
BM_Kappa	-	lambda=1 delta=1kappa=ML	-68.5647361036588	-68.2920088309315	kappa	kappa : 0.223370243455479 (95% CI  NA  -  0.641027006615893 )	0.00108652196714747	-7.55299517608229e-05	0.195828678127581	-0.000744664883700684 - 0.000593604980179038	0.000341395373438705	0.825907239734898	skeleton_D_0__Bacteria___D_1__Firmicutes___D_2__Clostridia___D_3__Clostridiales___D_4__Clostridiaceae_4___D_5__Paramaledivibacter	dominance_all	FALSE
BM_Delta	-	lambda=1 delta=MLkappa=1	-55.9169433297017	-55.6442160569744	delta	delta : 1 (95% CI  0.430489775350459  -  NA )	0.0229455149652029	-0.000276533967607858	0.174610668714169	-0.000803774495366658 - 0.000250706560150941	0.000269000269264693	0.309441058335386	skeleton_D_0__Bacteria___D_1__Firmicutes___D_2__Clostridia___D_3__Clostridiales___D_4__Clostridiaceae_4___D_5__Paramaledivibacter	dominance_all	FALSE
