model_name	compartment	branch_length_transformation	AIC	AICc	estimated_parameter	parameter_value	R2	slope	intercept	x_trait_slope_95CI	x_trait_slope_stdev	p	x_trait	y_trait	best_model
BM	-	lambda=1 delta=1kappa=1	-32.2722957233343	-31.3492188002574	None	All parameters fixed	0.16188144987855	-0.00190241206613339	0.124626802078806	-0.0041699305143908 - 0.000365106382124033	0.00115689716747827	0.122350771169645	skeleton_D_0__Bacteria___D_1__Spirochaetes___D_2__Spirochaetia___D_3__Spirochaetales___D_4__Spirochaetaceae___D_5__Spirochaeta_2	growth_rate_mm_per_year	FALSE
BM_Lambda	-	lambda=ML delta=1kappa=1	-41.866410102909	-40.9433331798321	lambda	lambda : 0.510850905334318 (95% CI  NA  -  0.924874834885248 )	0.0666275528687569	-0.00129653012793858	0.126031351030329	-0.00383852823938129 - 0.00124546798350412	0.00129693781196056	0.334428815721554	skeleton_D_0__Bacteria___D_1__Spirochaetes___D_2__Spirochaetia___D_3__Spirochaetales___D_4__Spirochaetaceae___D_5__Spirochaeta_2	growth_rate_mm_per_year	TRUE
BM_Kappa	-	lambda=1 delta=1kappa=ML	-40.3978383740471	-39.4747614509702	kappa	kappa : 1e-06 (95% CI  NA  -  0.634486680758981 )	0.010909764334322	-0.000510906189205803	0.121652107993678	-0.00305916473856349 - 0.00203735236015189	0.0013001319129376	0.700263994362866	skeleton_D_0__Bacteria___D_1__Spirochaetes___D_2__Spirochaetia___D_3__Spirochaetales___D_4__Spirochaetaceae___D_5__Spirochaeta_2	growth_rate_mm_per_year	FALSE
BM_Delta	-	lambda=1 delta=MLkappa=1	-32.2722957233343	-31.3492188002574	delta	delta : 1 (95% CI  0.281120279868528  -  NA )	0.16188144987855	-0.00190241206613339	0.124626802078806	-0.0041699305143908 - 0.000365106382124033	0.00115689716747827	0.122350771169645	skeleton_D_0__Bacteria___D_1__Spirochaetes___D_2__Spirochaetia___D_3__Spirochaetales___D_4__Spirochaetaceae___D_5__Spirochaeta_2	growth_rate_mm_per_year	FALSE
