model_name	compartment	branch_length_transformation	AIC	AICc	estimated_parameter	parameter_value	R2	slope	intercept	x_trait_slope_95CI	x_trait_slope_stdev	p	x_trait	y_trait	best_model
BM	-	lambda=1 delta=1kappa=1	257.495956476568	257.820280800892	None	All parameters fixed	0.00404310673286486	-1.46961657947745	4.95923852092706	-8.80344902694051 - 5.8642158679856	3.74175124870564	0.696690159410427	gini_index_tissue	perc_dis	FALSE
BM_Lambda	-	lambda=ML delta=1kappa=1	237.920465976825	238.24479030115	lambda	lambda : 1e-06 (95% CI  NA  -  0.236307502967153 )	0.000688781673347381	1.17341996146786	2.20791078718878	-13.0376682352235 - 15.3845081581592	7.25055520239354	0.872290392179639	gini_index_tissue	perc_dis	TRUE
BM_Kappa	-	lambda=1 delta=1kappa=ML	254.856734792961	255.181059117285	kappa	kappa : 0.506675275850199 (95% CI  NA  -  NA )	0.00743795909804416	-3.19612239684145	6.47772995198718	-14.9353524539895 - 8.54310766030664	5.98940309038168	0.59670570850867	gini_index_tissue	perc_dis	FALSE
BM_Delta	-	lambda=1 delta=MLkappa=1	257.495956476568	257.820280800892	delta	delta : 1 (95% CI  0.386835858641176  -  NA )	0.00404310673286486	-1.46961657947745	4.95923852092706	-8.80344902694051 - 5.8642158679856	3.74175124870564	0.696690159410427	gini_index_tissue	perc_dis	FALSE
