model_name	compartment	branch_length_transformation	AIC	AICc	estimated_parameter	parameter_value	R2	slope	intercept	x_trait_slope_95CI	x_trait_slope_stdev	p	x_trait	y_trait	best_model
BM	-	lambda=1 delta=1kappa=1	269.382953745748	269.682953745748	None	All parameters fixed	0.00181271233684329	0.00317417264309559	3.29553795406301	-0.0196259015069213 - 0.0259742467931125	0.0116326908928658	0.78632547644813	all_D_0__Bacteria___D_1__Proteobacteria___D_2__Gammaproteobacteria___D_3__Pseudomonadales___D_4__Pseudomonadaceae___D_5__Pseudomonas	perc_dis	FALSE
BM_Lambda	-	lambda=ML delta=1kappa=1	253.287586504403	253.587586504403	lambda	lambda : 1e-06 (95% CI  NA  -  0.268501575004541 )	0.000441119544455108	-0.0017582399354371	3.13663443197315	-0.0273776027401418 - 0.0238611228692676	0.0130711034717881	0.893654703661583	all_D_0__Bacteria___D_1__Proteobacteria___D_2__Gammaproteobacteria___D_3__Pseudomonadales___D_4__Pseudomonadaceae___D_5__Pseudomonas	perc_dis	TRUE
BM_Kappa	-	lambda=1 delta=1kappa=ML	267.668643391149	267.968643391149	kappa	kappa : 0.576902761107309 (95% CI  0.00223659304583315  -  NA )	0.00530918324293136	-0.00629234341315154	3.93264178850915	-0.0326560674215445 - 0.0200713805952415	0.0134508795961189	0.642403619032531	all_D_0__Bacteria___D_1__Proteobacteria___D_2__Gammaproteobacteria___D_3__Pseudomonadales___D_4__Pseudomonadaceae___D_5__Pseudomonas	perc_dis	FALSE
BM_Delta	-	lambda=1 delta=MLkappa=1	269.382953745748	269.682953745748	delta	delta : 1 (95% CI  0.381174246447762  -  NA )	0.00181271233684329	0.00317417264309559	3.29553795406301	-0.0196259015069213 - 0.0259742467931125	0.0116326908928658	0.78632547644813	all_D_0__Bacteria___D_1__Proteobacteria___D_2__Gammaproteobacteria___D_3__Pseudomonadales___D_4__Pseudomonadaceae___D_5__Pseudomonas	perc_dis	FALSE
