model_name	compartment	branch_length_transformation	AIC	AICc	estimated_parameter	parameter_value	R2	slope	intercept	x_trait_slope_95CI	x_trait_slope_stdev	p	x_trait	y_trait	best_model
BM	-	lambda=1 delta=1kappa=1	257.625982261734	257.950306586059	None	All parameters fixed	0.00672720002163253	-0.00675522922075069	3.85242295768181	-0.0328540848047514 - 0.01934362636325	0.0133157426448983	0.614868018316321	skeleton_D_0__Bacteria___D_1__Proteobacteria___D_2__Gammaproteobacteria___D_3__Pseudomonadales___D_4__Pseudomonadaceae___D_5__Pseudomonas	perc_dis	FALSE
BM_Lambda	-	lambda=ML delta=1kappa=1	237.827556910072	238.151881234397	lambda	lambda : 1e-06 (95% CI  NA  -  0.24653446782031 )	0.000748891288142774	0.00178260157479837	3.05827757907229	-0.0189210280153824 - 0.0224862311649791	0.0105630763215208	0.866882237278882	skeleton_D_0__Bacteria___D_1__Proteobacteria___D_2__Gammaproteobacteria___D_3__Pseudomonadales___D_4__Pseudomonadaceae___D_5__Pseudomonas	perc_dis	TRUE
BM_Kappa	-	lambda=1 delta=1kappa=ML	254.128517665486	254.45284198981	kappa	kappa : 0.432073902033688 (95% CI  NA  -  NA )	0.0139376364436415	-0.00862643055860886	3.86978838421512	-0.0316967192496862 - 0.0144438581324685	0.0117705554546313	0.468127331129982	skeleton_D_0__Bacteria___D_1__Proteobacteria___D_2__Gammaproteobacteria___D_3__Pseudomonadales___D_4__Pseudomonadaceae___D_5__Pseudomonas	perc_dis	FALSE
BM_Delta	-	lambda=1 delta=MLkappa=1	257.625982261734	257.950306586059	delta	delta : 1 (95% CI  0.38269588654998  -  NA )	0.00672720002163253	-0.00675522922075069	3.85242295768181	-0.0328540848047514 - 0.01934362636325	0.0133157426448983	0.614868018316321	skeleton_D_0__Bacteria___D_1__Proteobacteria___D_2__Gammaproteobacteria___D_3__Pseudomonadales___D_4__Pseudomonadaceae___D_5__Pseudomonas	perc_dis	FALSE
