model_name	compartment	branch_length_transformation	AIC	AICc	estimated_parameter	parameter_value	R2	slope	intercept	x_trait_slope_95CI	x_trait_slope_stdev	p	x_trait	y_trait	best_model
BM	-	lambda=1 delta=1kappa=1	110.304262810865	110.8260019413	None	All parameters fixed	0.0508898131293297	-0.00168847947066153	4.15729046780466	-0.00460583342774859 - 0.00122887448642553	0.00148844589647299	0.267834338495441	mucus_D_0__Bacteria___D_1__Proteobacteria___D_2__Alphaproteobacteria___D_3__Rhodospirillales___D_4__Terasakiellaceae___D_5__uncultured	depth	FALSE
BM_Lambda	-	lambda=ML delta=1kappa=1	106.527358964458	107.049098094893	lambda	lambda : 1e-06 (95% CI  NA  -  NA )	0.0618551654461324	-0.00546337686994261	4.07500635142417	-0.0139759051864683 - 0.00304915144658311	0.00434312669210496	0.220516645809743	mucus_D_0__Bacteria___D_1__Proteobacteria___D_2__Alphaproteobacteria___D_3__Rhodospirillales___D_4__Terasakiellaceae___D_5__uncultured	depth	FALSE
BM_Kappa	-	lambda=1 delta=1kappa=ML	104.223413107788	104.745152238222	kappa	kappa : 0.0889638824502886 (95% CI  NA  -  0.800369373694191 )	0.011275010677359	-0.00159933667789322	4.09529945091094	-0.00759130656449773 - 0.00439263320871129	0.00305712749316557	0.605666727716432	mucus_D_0__Bacteria___D_1__Proteobacteria___D_2__Alphaproteobacteria___D_3__Rhodospirillales___D_4__Terasakiellaceae___D_5__uncultured	depth	TRUE
BM_Delta	-	lambda=1 delta=MLkappa=1	110.304262810865	110.8260019413	delta	delta : 1 (95% CI  0.296949662496152  -  NA )	0.0508898131293297	-0.00168847947066153	4.15729046780466	-0.00460583342774859 - 0.00122887448642553	0.00148844589647299	0.267834338495441	mucus_D_0__Bacteria___D_1__Proteobacteria___D_2__Alphaproteobacteria___D_3__Rhodospirillales___D_4__Terasakiellaceae___D_5__uncultured	depth	FALSE
