model_name	compartment	branch_length_transformation	AIC	AICc	estimated_parameter	parameter_value	R2	slope	intercept	x_trait_slope_95CI	x_trait_slope_stdev	p	x_trait	y_trait	best_model
BM	-	lambda=1 delta=1kappa=1	153.55463892777	154.05463892777	None	All parameters fixed	0.0122378004389689	-0.00216027916043047	4.86477728599894	-0.00976827840548132 - 0.00544772008462037	0.00388163226788308	0.582790587380026	tissue_D_0__Bacteria___D_1__Proteobacteria___D_2__Alphaproteobacteria___D_3__Rhodospirillales___D_4__Terasakiellaceae___D_5__uncultured	perc_dis	FALSE
BM_Lambda	-	lambda=ML delta=1kappa=1	151.270969629564	151.770969629564	lambda	lambda : 0.959724706039716 (95% CI  NA  -  NA )	0.00239694028548864	-0.00137465482826878	4.7951203794273	-0.0123680036314702 - 0.0096186939749326	0.00560885143020479	0.808389957837611	tissue_D_0__Bacteria___D_1__Proteobacteria___D_2__Alphaproteobacteria___D_3__Rhodospirillales___D_4__Terasakiellaceae___D_5__uncultured	perc_dis	TRUE
BM_Kappa	-	lambda=1 delta=1kappa=ML	153.307634099941	153.807634099941	kappa	kappa : 0.887646790597082 (95% CI  0.420885307145229  -  NA )	0.00878091249851157	-0.00200055382657202	4.89193306119769	-0.010332593159847 - 0.00633148550670298	0.00425104047616072	0.642004120796502	tissue_D_0__Bacteria___D_1__Proteobacteria___D_2__Alphaproteobacteria___D_3__Rhodospirillales___D_4__Terasakiellaceae___D_5__uncultured	perc_dis	FALSE
BM_Delta	-	lambda=1 delta=MLkappa=1	153.55463892777	154.05463892777	delta	delta : 1 (95% CI  0.239084372429582  -  NA )	0.0122378004389689	-0.00216027916043047	4.86477728599894	-0.00976827840548132 - 0.00544772008462037	0.00388163226788308	0.582790587380026	tissue_D_0__Bacteria___D_1__Proteobacteria___D_2__Alphaproteobacteria___D_3__Rhodospirillales___D_4__Terasakiellaceae___D_5__uncultured	perc_dis	FALSE
