model_name	compartment	branch_length_transformation	AIC	AICc	estimated_parameter	parameter_value	R2	slope	intercept	x_trait_slope_95CI	x_trait_slope_stdev	p	x_trait	y_trait	best_model
BM	-	lambda=1 delta=1kappa=1	-29.5288949801328	-28.6058180570559	None	All parameters fixed	0.00512002190576456	0.0165781180685526	0.111470983390005	-0.104475205509765 - 0.13763144164687	0.0617618997848559	0.792290909998013	tissue_D_0__Bacteria___D_1__Tenericutes___D_2__Mollicutes___D_3__Mycoplasmatales___D_4__Mycoplasmataceae___D_5__Mycoplasma	growth_rate_mm_per_year	FALSE
BM_Lambda	-	lambda=ML delta=1kappa=1	-41.193986397848	-40.2709094747711	lambda	lambda : 0.396888681951833 (95% CI  NA  -  0.887708499817013 )	0.0223205058446271	-0.0406809355788771	0.122449443911692	-0.181716688907807 - 0.100354817750053	0.0719570170045562	0.580783223582324	tissue_D_0__Bacteria___D_1__Tenericutes___D_2__Mollicutes___D_3__Mycoplasmatales___D_4__Mycoplasmataceae___D_5__Mycoplasma	growth_rate_mm_per_year	TRUE
BM_Kappa	-	lambda=1 delta=1kappa=ML	-40.5638288342613	-39.6407519111844	kappa	kappa : 1e-06 (95% CI  NA  -  0.47017419891273 )	0.0211179423600781	-0.0338086439017658	0.121040724638224	-0.154384176426087 - 0.086766888622555	0.0615181288389392	0.591272419208424	tissue_D_0__Bacteria___D_1__Tenericutes___D_2__Mollicutes___D_3__Mycoplasmatales___D_4__Mycoplasmataceae___D_5__Mycoplasma	growth_rate_mm_per_year	FALSE
BM_Delta	-	lambda=1 delta=MLkappa=1	-29.5288949801328	-28.6058180570559	delta	delta : 1 (95% CI  0.296143752511752  -  NA )	0.00512002190576456	0.0165781180685526	0.111470983390005	-0.104475205509765 - 0.13763144164687	0.0617618997848559	0.792290909998013	tissue_D_0__Bacteria___D_1__Tenericutes___D_2__Mollicutes___D_3__Mycoplasmatales___D_4__Mycoplasmataceae___D_5__Mycoplasma	growth_rate_mm_per_year	FALSE
