model_name	compartment	branch_length_transformation	AIC	AICc	estimated_parameter	parameter_value	R2	slope	intercept	x_trait_slope_95CI	x_trait_slope_stdev	p	x_trait	y_trait	best_model
BM	-	lambda=1 delta=1kappa=1	274.874511984812	275.167194911641	None	All parameters fixed	0.0179376748086388	-0.456453936376322	3.77283116573203	-1.47789857894468 - 0.564990706192036	0.521145225800183	0.38608420520066	all_D_0__Bacteria___D_1__Tenericutes___D_2__Mollicutes___D_3__Mycoplasmatales___D_4__Mycoplasmataceae___D_5__Mycoplasma	perc_dis	FALSE
BM_Lambda	-	lambda=ML delta=1kappa=1	257.697794769949	257.990477696779	lambda	lambda : 1e-06 (95% CI  NA  -  0.264399611043564 )	0.0171270253984303	-0.360406865079965	3.2168284417997	-1.18612573026537 - 0.465312000105436	0.421285135298674	0.397131999156846	all_D_0__Bacteria___D_1__Tenericutes___D_2__Mollicutes___D_3__Mycoplasmatales___D_4__Mycoplasmataceae___D_5__Mycoplasma	perc_dis	TRUE
BM_Kappa	-	lambda=1 delta=1kappa=ML	273.300038393239	273.592721320069	kappa	kappa : 0.64452951718125 (95% CI  0.102677958115542  -  NA )	0.0207997501771267	-0.476828988203738	3.67101146392278	-1.46629475788648 - 0.512636781479003	0.504829474327929	0.350298689130232	all_D_0__Bacteria___D_1__Tenericutes___D_2__Mollicutes___D_3__Mycoplasmatales___D_4__Mycoplasmataceae___D_5__Mycoplasma	perc_dis	FALSE
BM_Delta	-	lambda=1 delta=MLkappa=1	274.874511984812	275.167194911641	delta	delta : 1 (95% CI  0.385764130457482  -  NA )	0.0179376748086388	-0.456453936376322	3.77283116573203	-1.47789857894468 - 0.564990706192036	0.521145225800183	0.38608420520066	all_D_0__Bacteria___D_1__Tenericutes___D_2__Mollicutes___D_3__Mycoplasmatales___D_4__Mycoplasmataceae___D_5__Mycoplasma	perc_dis	FALSE
