model_name	compartment	branch_length_transformation	AIC	AICc	estimated_parameter	parameter_value	R2	slope	intercept	x_trait_slope_95CI	x_trait_slope_stdev	p	x_trait	y_trait	best_model
BM	-	lambda=1 delta=1kappa=1	-31.4985256567247	-30.5754487336478	None	All parameters fixed	0.120353442521267	-0.0341196631559463	0.125030819294427	-0.082439074370517 - 0.0141997480586243	0.0246527608237605	0.188023055312124	tissue_D_0__Bacteria___D_1__Proteobacteria___D_2__Alphaproteobacteria___D_3__Rickettsiales___D_4__Midichloriaceae___D_5__MD3_55	growth_rate_mm_per_year	FALSE
BM_Lambda	-	lambda=ML delta=1kappa=1	-44.1666004891481	-43.2435235660712	lambda	lambda : 0.401456882912388 (95% CI  NA  -  0.879566647605016 )	0.188026649377941	-0.0471484458160073	0.132926435280625	-0.0984724603454319 - 0.00417556871341729	0.026185721698686	0.0933514863923599	tissue_D_0__Bacteria___D_1__Proteobacteria___D_2__Alphaproteobacteria___D_3__Rickettsiales___D_4__Midichloriaceae___D_5__MD3_55	growth_rate_mm_per_year	TRUE
BM_Kappa	-	lambda=1 delta=1kappa=ML	-42.8891857662309	-41.966108843154	kappa	kappa : 1e-06 (95% CI  NA  -  0.471432840493094 )	0.153528650853386	-0.0371142167679986	0.13384966271635	-0.0827645306681209 - 0.00853609713212368	0.0232909764796542	0.133367896497559	tissue_D_0__Bacteria___D_1__Proteobacteria___D_2__Alphaproteobacteria___D_3__Rickettsiales___D_4__Midichloriaceae___D_5__MD3_55	growth_rate_mm_per_year	FALSE
BM_Delta	-	lambda=1 delta=MLkappa=1	-31.4985256567247	-30.5754487336478	delta	delta : 1 (95% CI  0.30314938028236  -  NA )	0.120353442521267	-0.0341196631559463	0.125030819294427	-0.082439074370517 - 0.0141997480586243	0.0246527608237605	0.188023055312124	tissue_D_0__Bacteria___D_1__Proteobacteria___D_2__Alphaproteobacteria___D_3__Rickettsiales___D_4__Midichloriaceae___D_5__MD3_55	growth_rate_mm_per_year	FALSE
