model_name	compartment	branch_length_transformation	AIC	AICc	estimated_parameter	parameter_value	R2	slope	intercept	x_trait_slope_95CI	x_trait_slope_stdev	p	x_trait	y_trait	best_model
BM	-	lambda=1 delta=1kappa=1	208.731037563861	209.159608992432	None	All parameters fixed	0.0172149271637551	-0.0289893790212897	5.27085268216371	-0.108710365827394 - 0.0507316077848146	0.0406739728602573	0.481711452055579	tissue_D_0__Archaea___D_1__Thaumarchaeota___D_2__Nitrososphaeria___D_3__Nitrosopumilales___D_4__Nitrosopumilaceae___D_5__Candidatus_Nitrosopumilus	perc_dis	FALSE
BM_Lambda	-	lambda=ML delta=1kappa=1	190.726366003996	191.154937432568	lambda	lambda : 1e-06 (95% CI  NA  -  0.335204015147794 )	0.00359672977296323	-0.0160276396914868	4.01392393276357	-0.113121174030679 - 0.0810658946477056	0.0495375175199961	0.74860391060241	tissue_D_0__Archaea___D_1__Thaumarchaeota___D_2__Nitrososphaeria___D_3__Nitrosopumilales___D_4__Nitrosopumilaceae___D_5__Candidatus_Nitrosopumilus	perc_dis	TRUE
BM_Kappa	-	lambda=1 delta=1kappa=ML	203.898979157626	204.327550586198	kappa	kappa : 0.295060850750615 (95% CI  NA  -  0.920564170613046 )	0.00463917147594871	-0.0184552616722958	5.61774065930337	-0.116844441371612 - 0.07993391802702	0.0501985610710795	0.715807438444502	tissue_D_0__Archaea___D_1__Thaumarchaeota___D_2__Nitrososphaeria___D_3__Nitrosopumilales___D_4__Nitrosopumilaceae___D_5__Candidatus_Nitrosopumilus	perc_dis	FALSE
BM_Delta	-	lambda=1 delta=MLkappa=1	208.731037563861	209.159608992432	delta	delta : 1 (95% CI  0.369790647447369  -  NA )	0.0172149271637551	-0.0289893790212897	5.27085268216371	-0.108710365827394 - 0.0507316077848146	0.0406739728602573	0.481711452055579	tissue_D_0__Archaea___D_1__Thaumarchaeota___D_2__Nitrososphaeria___D_3__Nitrosopumilales___D_4__Nitrosopumilaceae___D_5__Candidatus_Nitrosopumilus	perc_dis	FALSE
