model_name	compartment	branch_length_transformation	AIC	AICc	estimated_parameter	parameter_value	R2	slope	intercept	x_trait_slope_95CI	x_trait_slope_stdev	p	x_trait	y_trait	best_model
BM	-	lambda=1 delta=1kappa=1	111.380636060157	111.902375190592	None	All parameters fixed	0.010772959108258	-0.754022227687593	4.21801156297655	-3.64480250541952 - 2.13675805004433	1.474887896802	0.613854179127928	tissue_D_0__Bacteria___D_1__Tenericutes___D_2__Mollicutes___D_3__Mycoplasmatales___D_4__Mycoplasmataceae___D_5__Mycoplasma	depth	FALSE
BM_Lambda	-	lambda=ML delta=1kappa=1	107.983794052491	108.505533182926	lambda	lambda : 1e-06 (95% CI  NA  -  NA )	0.00780359253670556	-1.10894132442557	4.06099165820003	-6.1117114863009 - 3.89382883744976	2.55243375605884	0.667832585051491	tissue_D_0__Bacteria___D_1__Tenericutes___D_2__Mollicutes___D_3__Mycoplasmatales___D_4__Mycoplasmataceae___D_5__Mycoplasma	depth	FALSE
BM_Kappa	-	lambda=1 delta=1kappa=ML	104.02641398668	104.548153117115	kappa	kappa : 0.0364301612076644 (95% CI  NA  -  0.72361429040389 )	0.0185965636261245	-1.26903082514412	4.20103822893685	-4.95736326942976 - 2.41930161914151	1.88180226749267	0.506520576929546	tissue_D_0__Bacteria___D_1__Tenericutes___D_2__Mollicutes___D_3__Mycoplasmatales___D_4__Mycoplasmataceae___D_5__Mycoplasma	depth	TRUE
BM_Delta	-	lambda=1 delta=MLkappa=1	111.380636060157	111.902375190592	delta	delta : 1 (95% CI  0.302389644233962  -  NA )	0.010772959108258	-0.754022227687593	4.21801156297655	-3.64480250541952 - 2.13675805004433	1.474887896802	0.613854179127928	tissue_D_0__Bacteria___D_1__Tenericutes___D_2__Mollicutes___D_3__Mycoplasmatales___D_4__Mycoplasmataceae___D_5__Mycoplasma	depth	FALSE
