model_name	compartment	branch_length_transformation	AIC	AICc	estimated_parameter	parameter_value	R2	slope	intercept	x_trait_slope_95CI	x_trait_slope_stdev	p	x_trait	y_trait	best_model
BM	-	lambda=1 delta=1kappa=1	268.758140581799	269.389719529167	None	All parameters fixed	0.00915931070721361	0.118574272639824	172.853550193991	-0.421933649050388 - 0.659082194330037	0.275769347801129	0.671810201364492	tissue_D_0__Bacteria___D_1__Bacteroidetes___D_2__Bacteroidia___D_3__Flavobacteriales___D_4__Flavobacteriaceae___D_5__Maritimimonas	observed_features_all	FALSE
BM_Lambda	-	lambda=ML delta=1kappa=1	252.219984289804	252.851563237173	lambda	lambda : 0.354677313955069 (95% CI  NA  -  0.882696874272345 )	0.060367610946785	-0.427680923321265	173.993506064441	-1.16718052991097 - 0.311818683268438	0.377295717647808	0.270391910409282	tissue_D_0__Bacteria___D_1__Bacteroidetes___D_2__Bacteroidia___D_3__Flavobacteriales___D_4__Flavobacteriaceae___D_5__Maritimimonas	observed_features_all	TRUE
BM_Kappa	-	lambda=1 delta=1kappa=ML	256.446890154903	257.078469102272	kappa	kappa : 0.00695033767280786 (95% CI  NA  -  0.521526031321949 )	0.0323851215107503	-0.295895826073321	172.242080799731	-1.00475247274061 - 0.412960820593971	0.361661554422088	0.422908862062348	tissue_D_0__Bacteria___D_1__Bacteroidetes___D_2__Bacteroidia___D_3__Flavobacteriales___D_4__Flavobacteriaceae___D_5__Maritimimonas	observed_features_all	FALSE
BM_Delta	-	lambda=1 delta=MLkappa=1	268.758140581799	269.389719529167	delta	delta : 1 (95% CI  0.31304637449646  -  NA )	0.00915931070721361	0.118574272639824	172.853550193991	-0.421933649050388 - 0.659082194330037	0.275769347801129	0.671810201364492	tissue_D_0__Bacteria___D_1__Bacteroidetes___D_2__Bacteroidia___D_3__Flavobacteriales___D_4__Flavobacteriaceae___D_5__Maritimimonas	observed_features_all	FALSE
