model_name	compartment	branch_length_transformation	AIC	AICc	estimated_parameter	parameter_value	R2	slope	intercept	x_trait_slope_95CI	x_trait_slope_stdev	p	x_trait	y_trait	best_model
BM	-	lambda=1 delta=1kappa=1	109.637736880593	110.159476011028	None	All parameters fixed	0.0749116119776634	0.00839168753824996	3.67734555855552	-0.00340654084481422 - 0.0201899159213141	0.00601950427707356	0.176066500735057	tissue_D_0__Bacteria___D_1__Proteobacteria___D_2__Alphaproteobacteria___D_3__Sphingomonadales___D_4__Sphingomonadaceae___D_5__Sphingobium	depth	FALSE
BM_Lambda	-	lambda=ML delta=1kappa=1	108.116517655725	108.638256786159	lambda	lambda : 1e-06 (95% CI  NA  -  NA )	0.00272572437916133	0.00166215431126311	3.86656781545768	-0.0110578755239413 - 0.0143821841464675	0.00648981114041042	0.800042645003827	tissue_D_0__Bacteria___D_1__Proteobacteria___D_2__Alphaproteobacteria___D_3__Sphingomonadales___D_4__Sphingomonadaceae___D_5__Sphingobium	depth	FALSE
BM_Kappa	-	lambda=1 delta=1kappa=ML	103.64271547795	104.164454608385	kappa	kappa : 0.120897438401736 (95% CI  NA  -  0.819121225641423 )	0.0340725685543063	0.00451568191797531	3.88013555380454	-0.00510362111329581 - 0.0141349849492464	0.00490780766901588	0.366675917713418	tissue_D_0__Bacteria___D_1__Proteobacteria___D_2__Alphaproteobacteria___D_3__Sphingomonadales___D_4__Sphingomonadaceae___D_5__Sphingobium	depth	TRUE
BM_Delta	-	lambda=1 delta=MLkappa=1	109.637736880593	110.159476011028	delta	delta : 1 (95% CI  0.278858218280201  -  NA )	0.0749116119776634	0.00839168753824996	3.67734555855552	-0.00340654084481422 - 0.0201899159213141	0.00601950427707356	0.176066500735057	tissue_D_0__Bacteria___D_1__Proteobacteria___D_2__Alphaproteobacteria___D_3__Sphingomonadales___D_4__Sphingomonadaceae___D_5__Sphingobium	depth	FALSE
