model_name	compartment	branch_length_transformation	AIC	AICc	estimated_parameter	parameter_value	R2	slope	intercept	x_trait_slope_95CI	x_trait_slope_stdev	p	x_trait	y_trait	best_model
BM	-	lambda=1 delta=1kappa=1	-54.8293888206907	-54.5566615479634	None	All parameters fixed	7.34004701302826e-05	2.66983607512939e-05	0.171515581924795	-0.000883778790271755 - 0.000937175511774343	0.000464529158685229	0.954422050937157	skeleton_D_0__Bacteria___D_1__Bacteroidetes___D_2__Bacteroidia___D_3__Cytophagales___D_4__Cyclobacteriaceae___D_5__uncultured	dominance_all	FALSE
BM_Lambda	-	lambda=ML delta=1kappa=1	-93.3027179323319	-93.0299906596046	lambda	lambda : 1e-06 (95% CI  NA  -  0.30247235821593 )	0.0302722004006475	0.000599910575146579	0.140646267436845	-0.000392152442571599 - 0.00159197359286476	0.000506154600876622	0.242147252444254	skeleton_D_0__Bacteria___D_1__Bacteroidetes___D_2__Bacteroidia___D_3__Cytophagales___D_4__Cyclobacteriaceae___D_5__uncultured	dominance_all	TRUE
BM_Kappa	-	lambda=1 delta=1kappa=ML	-68.5922804428965	-68.3195531701693	kappa	kappa : 0.214693061008635 (95% CI  NA  -  0.620650090456399 )	0.00162848723726763	0.000150465851542082	0.191578228567849	-0.000938067330727273 - 0.00123899903381144	0.000555374072586406	0.787686046146048	skeleton_D_0__Bacteria___D_1__Bacteroidetes___D_2__Bacteroidia___D_3__Cytophagales___D_4__Cyclobacteriaceae___D_5__uncultured	dominance_all	FALSE
BM_Delta	-	lambda=1 delta=MLkappa=1	-54.8293888206907	-54.5566615479634	delta	delta : 1 (95% CI  0.434643284066899  -  NA )	7.34004701302826e-05	2.66983607512939e-05	0.171515581924795	-0.000883778790271755 - 0.000937175511774343	0.000464529158685229	0.954422050937157	skeleton_D_0__Bacteria___D_1__Bacteroidetes___D_2__Bacteroidia___D_3__Cytophagales___D_4__Cyclobacteriaceae___D_5__uncultured	dominance_all	FALSE
