model_name	compartment	branch_length_transformation	AIC	AICc	estimated_parameter	parameter_value	R2	slope	intercept	x_trait_slope_95CI	x_trait_slope_stdev	p	x_trait	y_trait	best_model
BM	-	lambda=1 delta=1kappa=1	111.038250768627	111.559989899061	None	All parameters fixed	0.023714361164846	0.00386941144625146	4.10496805861068	-0.00606353509383699 - 0.0138023579863399	0.00506782986739207	0.452591671635268	mucus_D_0__Bacteria___D_1__Proteobacteria___D_2__Gammaproteobacteria___D_3__Vibrionales___D_4__Vibrionaceae___D_5__Vibrio	depth	FALSE
BM_Lambda	-	lambda=ML delta=1kappa=1	107.563226799304	108.084965929739	lambda	lambda : 1e-06 (95% CI  NA  -  NA )	0.0237239197737141	-0.0111158501214264	4.11406933190638	-0.0396448294242193 - 0.0174131291813665	0.0145556016850984	0.452499486513029	mucus_D_0__Bacteria___D_1__Proteobacteria___D_2__Gammaproteobacteria___D_3__Vibrionales___D_4__Vibrionaceae___D_5__Vibrio	depth	FALSE
BM_Kappa	-	lambda=1 delta=1kappa=ML	104.44026183897	104.962000969404	kappa	kappa : 0.0695457960314169 (95% CI  NA  -  0.765692415132582 )	0.00272567613550943	0.00257781290156145	4.05666430511517	-0.0171496863880102 - 0.0223053121911331	0.0100650506579447	0.800044379427211	mucus_D_0__Bacteria___D_1__Proteobacteria___D_2__Gammaproteobacteria___D_3__Vibrionales___D_4__Vibrionaceae___D_5__Vibrio	depth	TRUE
BM_Delta	-	lambda=1 delta=MLkappa=1	111.038250768627	111.559989899061	delta	delta : 1 (95% CI  0.297229861498074  -  NA )	0.023714361164846	0.00386941144625146	4.10496805861068	-0.00606353509383699 - 0.0138023579863399	0.00506782986739207	0.452591671635268	mucus_D_0__Bacteria___D_1__Proteobacteria___D_2__Gammaproteobacteria___D_3__Vibrionales___D_4__Vibrionaceae___D_5__Vibrio	depth	FALSE
