model_name	compartment	branch_length_transformation	AIC	AICc	estimated_parameter	parameter_value	R2	slope	intercept	x_trait_slope_95CI	x_trait_slope_stdev	p	x_trait	y_trait	best_model
BM	-	lambda=1 delta=1kappa=1	544.039467312235	544.325181597949	None	All parameters fixed	0.002058072594011	-0.0974502763801458	154.270253028414	-0.738847696423218 - 0.543947143662927	0.327243581654629	0.767296590614502	tissue_D_0__Bacteria___D_1__Proteobacteria___D_2__Alphaproteobacteria___D_3__Rickettsiales___D_4__Midichloriaceae___D_5__MD3_55	observed_features_all	FALSE
BM_Lambda	-	lambda=ML delta=1kappa=1	518.387375981687	518.673090267402	lambda	lambda : 1e-06 (95% CI  NA  -  0.551849741672555 )	0.00726791029078413	-0.0685765377302351	149.827011938408	-0.308133418513446 - 0.170980343052976	0.122222898358781	0.577656991589311	tissue_D_0__Bacteria___D_1__Proteobacteria___D_2__Alphaproteobacteria___D_3__Rickettsiales___D_4__Midichloriaceae___D_5__MD3_55	observed_features_all	TRUE
BM_Kappa	-	lambda=1 delta=1kappa=ML	532.626027360071	532.911741645785	kappa	kappa : 0.171555184959322 (95% CI  NA  -  0.658204582746961 )	0.0168795812499389	-0.123282699978033	149.573880231243	-0.404502894709356 - 0.15793749475329	0.14347969118945	0.394976064087285	tissue_D_0__Bacteria___D_1__Proteobacteria___D_2__Alphaproteobacteria___D_3__Rickettsiales___D_4__Midichloriaceae___D_5__MD3_55	observed_features_all	FALSE
BM_Delta	-	lambda=1 delta=MLkappa=1	544.039467312235	544.325181597949	delta	delta : 1 (95% CI  0.419781444949554  -  NA )	0.002058072594011	-0.0974502763801458	154.270253028414	-0.738847696423218 - 0.543947143662927	0.327243581654629	0.767296590614502	tissue_D_0__Bacteria___D_1__Proteobacteria___D_2__Alphaproteobacteria___D_3__Rickettsiales___D_4__Midichloriaceae___D_5__MD3_55	observed_features_all	FALSE
