model_name	compartment	branch_length_transformation	AIC	AICc	estimated_parameter	parameter_value	R2	slope	intercept	x_trait_slope_95CI	x_trait_slope_stdev	p	x_trait	y_trait	best_model
BM	-	lambda=1 delta=1kappa=1	253.388310663663	253.712634987987	None	All parameters fixed	0.0323427584981397	0.253493360632438	3.33961812818283	-0.187369088130163 - 0.694355809395039	0.224929820797245	0.266813742670481	mucus_D_0__Bacteria___D_1__Tenericutes___D_2__Mollicutes___D_3__Entomoplasmatales___D_4__Spiroplasmataceae___D_5__Spiroplasma	perc_dis	FALSE
BM_Lambda	-	lambda=ML delta=1kappa=1	234.754465138338	235.078789462663	lambda	lambda : 1e-06 (95% CI  NA  -  0.243609590344053 )	0.070363208429537	0.362272706046494	2.85261404027804	-0.0564087469005662 - 0.780954158993555	0.21361298619748	0.0980785022017856	mucus_D_0__Bacteria___D_1__Tenericutes___D_2__Mollicutes___D_3__Entomoplasmatales___D_4__Spiroplasmataceae___D_5__Spiroplasma	perc_dis	TRUE
BM_Kappa	-	lambda=1 delta=1kappa=ML	250.289319231414	250.613643555738	kappa	kappa : 0.414683150001732 (95% CI  NA  -  NA )	0.067965795475545	0.375626942732836	3.19430221448829	-0.0666473857695185 - 0.817901271235191	0.225650167603242	0.104209641719082	mucus_D_0__Bacteria___D_1__Tenericutes___D_2__Mollicutes___D_3__Entomoplasmatales___D_4__Spiroplasmataceae___D_5__Spiroplasma	perc_dis	FALSE
BM_Delta	-	lambda=1 delta=MLkappa=1	253.388310663663	253.712634987987	delta	delta : 1 (95% CI  0.386598693820913  -  NA )	0.0323427584981397	0.253493360632438	3.33961812818283	-0.187369088130163 - 0.694355809395039	0.224929820797245	0.266813742670481	mucus_D_0__Bacteria___D_1__Tenericutes___D_2__Mollicutes___D_3__Entomoplasmatales___D_4__Spiroplasmataceae___D_5__Spiroplasma	perc_dis	FALSE
