model_name	compartment	branch_length_transformation	AIC	AICc	estimated_parameter	parameter_value	R2	slope	intercept	x_trait_slope_95CI	x_trait_slope_stdev	p	x_trait	y_trait	best_model
BM	-	lambda=1 delta=1kappa=1	566.934122911674	567.206850184401	None	All parameters fixed	0.00912544009729734	-0.130660533149548	149.77189073902	-0.528471425542551 - 0.267150359243455	0.202964741016838	0.522998845345099	skeleton_D_0__Bacteria___D_1__Firmicutes___D_2__Clostridia___D_3__Clostridiales___D_4__Clostridiaceae_4___D_5__Paramaledivibacter	observed_features_all	FALSE
BM_Lambda	-	lambda=ML delta=1kappa=1	542.51923151394	542.791958786668	lambda	lambda : 1e-06 (95% CI  NA  -  0.500205582023152 )	9.3366676903999e-05	0.0171275075291339	149.68308880838	-0.500750842247617 - 0.535005857305885	0.264223647845281	0.948602831788943	skeleton_D_0__Bacteria___D_1__Firmicutes___D_2__Clostridia___D_3__Clostridiales___D_4__Clostridiaceae_4___D_5__Paramaledivibacter	observed_features_all	TRUE
BM_Kappa	-	lambda=1 delta=1kappa=ML	556.112538748348	556.385266021075	kappa	kappa : 0.202651424371283 (95% CI  NA  -  0.681668129414687 )	0.00124365263656516	-0.0626925887422014	139.446485588995	-0.581786872624901 - 0.456401695140498	0.264844022389133	0.813952060586395	skeleton_D_0__Bacteria___D_1__Firmicutes___D_2__Clostridia___D_3__Clostridiales___D_4__Clostridiaceae_4___D_5__Paramaledivibacter	observed_features_all	FALSE
BM_Delta	-	lambda=1 delta=MLkappa=1	566.934122911674	567.206850184401	delta	delta : 1 (95% CI  0.417521398107015  -  NA )	0.00912544009729734	-0.130660533149548	149.77189073902	-0.528471425542551 - 0.267150359243455	0.202964741016838	0.522998845345099	skeleton_D_0__Bacteria___D_1__Firmicutes___D_2__Clostridia___D_3__Clostridiales___D_4__Clostridiaceae_4___D_5__Paramaledivibacter	observed_features_all	FALSE
