model_name	compartment	branch_length_transformation	AIC	AICc	estimated_parameter	parameter_value	R2	slope	intercept	x_trait_slope_95CI	x_trait_slope_stdev	p	x_trait	y_trait	best_model
BM	-	lambda=1 delta=1kappa=1	-30.527399300469	-29.727399300469	None	All parameters fixed	0.00410286826640833	8.39212276351248e-05	0.12502373606803	-0.000556744308999185 - 0.000724586764269435	0.000326870171752199	0.800650317298353	skeleton_D_0__Bacteria___D_1__Firmicutes___D_2__Clostridia___D_3__Clostridiales___D_4__Clostridiaceae_4___D_5__Paramaledivibacter	growth_rate_mm_per_year	FALSE
BM_Lambda	-	lambda=ML delta=1kappa=1	-39.7413481323292	-38.9413481323292	lambda	lambda : 0.0037928180877486 (95% CI  NA  -  0.86532440186546 )	0.0807595271802372	-0.000609508925097522	0.150902919546337	-0.00161712209289595 - 0.000398104242700906	0.000514088350917565	0.253085830545863	skeleton_D_0__Bacteria___D_1__Firmicutes___D_2__Clostridia___D_3__Clostridiales___D_4__Clostridiaceae_4___D_5__Paramaledivibacter	growth_rate_mm_per_year	TRUE
BM_Kappa	-	lambda=1 delta=1kappa=ML	-35.1248994369009	-34.3248994369009	kappa	kappa : 0.173787097149908 (95% CI  NA  -  0.924881164915528 )	0.02167310934567	-0.000266547483591269	0.131440808084386	-0.00114405743689151 - 0.000610962469708974	0.000447709159847062	0.559931243695301	skeleton_D_0__Bacteria___D_1__Firmicutes___D_2__Clostridia___D_3__Clostridiales___D_4__Clostridiaceae_4___D_5__Paramaledivibacter	growth_rate_mm_per_year	FALSE
BM_Delta	-	lambda=1 delta=MLkappa=1	-30.527399300469	-29.727399300469	delta	delta : 1 (95% CI  0.27482003942935  -  NA )	0.00410286826640833	8.39212276351248e-05	0.12502373606803	-0.000556744308999185 - 0.000724586764269435	0.000326870171752199	0.800650317298353	skeleton_D_0__Bacteria___D_1__Firmicutes___D_2__Clostridia___D_3__Clostridiales___D_4__Clostridiaceae_4___D_5__Paramaledivibacter	growth_rate_mm_per_year	FALSE
