model_name	compartment	branch_length_transformation	AIC	AICc	estimated_parameter	parameter_value	R2	slope	intercept	x_trait_slope_95CI	x_trait_slope_stdev	p	x_trait	y_trait	best_model
BM	-	lambda=1 delta=1kappa=1	-46.7208388669707	-45.7977619438937	None	All parameters fixed	0.660278687654785	0.000759691927702163	0.108154329497295	0.000474243718940595 - 0.00104514013646373	0.000145636841204882	0.000130625178535571	all_D_0__Bacteria___D_1__Proteobacteria___D_2__Alphaproteobacteria___D_3__Rhodospirillales___D_4__Terasakiellaceae___D_5__uncultured	growth_rate_mm_per_year	FALSE
BM_Lambda	-	lambda=ML delta=1kappa=1	-48.8784093549719	-47.955332431895	lambda	lambda : 0.926223907233641 (95% CI  0.357310445817918  -  NA )	0.559331081043451	0.000729731015263552	0.108457533778343	0.000390436692977157 - 0.00106902533754995	0.000173109348105304	0.000864228107150034	all_D_0__Bacteria___D_1__Proteobacteria___D_2__Alphaproteobacteria___D_3__Rhodospirillales___D_4__Terasakiellaceae___D_5__uncultured	growth_rate_mm_per_year	FALSE
BM_Kappa	-	lambda=1 delta=1kappa=ML	-48.9335039217067	-48.0104269986298	kappa	kappa : 0.486016072699399 (95% CI  NA  -  NA )	0.540271513984932	0.00074054687347354	0.112482097867765	0.000382706549251186 - 0.00109838719769589	0.000182571593990997	0.00117886423674052	all_D_0__Bacteria___D_1__Proteobacteria___D_2__Alphaproteobacteria___D_3__Rhodospirillales___D_4__Terasakiellaceae___D_5__uncultured	growth_rate_mm_per_year	TRUE
BM_Delta	-	lambda=1 delta=MLkappa=1	-46.7208388669707	-45.7977619438937	delta	delta : 1 (95% CI  0.220276537161554  -  NA )	0.660278687654785	0.000759691927702163	0.108154329497295	0.000474243718940595 - 0.00104514013646373	0.000145636841204882	0.000130625178535571	all_D_0__Bacteria___D_1__Proteobacteria___D_2__Alphaproteobacteria___D_3__Rhodospirillales___D_4__Terasakiellaceae___D_5__uncultured	growth_rate_mm_per_year	FALSE
