model_name	compartment	branch_length_transformation	AIC	AICc	estimated_parameter	parameter_value	R2	slope	intercept	x_trait_slope_95CI	x_trait_slope_stdev	p	x_trait	y_trait	best_model
BM	-	lambda=1 delta=1kappa=1	-24.6019767532984	-24.3162624675841	None	All parameters fixed	0.0151441990023726	0.000195761543085368	0.175128919626603	-0.000276097619898987 - 0.000667620706069724	0.000240744470910386	0.420611363364571	mucus_D_0__Bacteria___D_1__Proteobacteria___D_2__Alphaproteobacteria___D_3__Rhizobiales___D_4__Stappiaceae___D_5__Pseudovibrio	dominance_all	FALSE
BM_Lambda	-	lambda=ML delta=1kappa=1	-75.5285961624343	-75.24288187672	lambda	lambda : 1e-06 (95% CI  NA  -  0.284845857600381 )	0.00996395727436689	0.000102926690231463	0.16683126276534	-0.000203734929800836 - 0.000409588310263763	0.000156460010220561	0.514143226632614	mucus_D_0__Bacteria___D_1__Proteobacteria___D_2__Alphaproteobacteria___D_3__Rhizobiales___D_4__Stappiaceae___D_5__Pseudovibrio	dominance_all	TRUE
BM_Kappa	-	lambda=1 delta=1kappa=ML	-56.8707308417329	-56.5850165560186	kappa	kappa : 1e-06 (95% CI  NA  -  0.294628483405714 )	0.0288598396135188	0.00019657881947442	0.206863026490108	-0.000144262758081478 - 0.000537420397030318	0.000173898764059132	0.264564865242602	mucus_D_0__Bacteria___D_1__Proteobacteria___D_2__Alphaproteobacteria___D_3__Rhizobiales___D_4__Stappiaceae___D_5__Pseudovibrio	dominance_all	FALSE
BM_Delta	-	lambda=1 delta=MLkappa=1	-24.6019767532984	-24.3162624675841	delta	delta : 1 (95% CI  0.464764557054301  -  NA )	0.0151441990023726	0.000195761543085368	0.175128919626603	-0.000276097619898987 - 0.000667620706069724	0.000240744470910386	0.420611363364571	mucus_D_0__Bacteria___D_1__Proteobacteria___D_2__Alphaproteobacteria___D_3__Rhizobiales___D_4__Stappiaceae___D_5__Pseudovibrio	dominance_all	FALSE
