model_name	compartment	branch_length_transformation	AIC	AICc	estimated_parameter	parameter_value	R2	slope	intercept	x_trait_slope_95CI	x_trait_slope_stdev	p	x_trait	y_trait	best_model
BM	-	lambda=1 delta=1kappa=1	-66.1907483071975	-65.9050340214832	None	All parameters fixed	0.0256687757691331	-0.000224262345887071	0.188276072363606	-0.000637242266543962 - 0.000188717574769819	0.000210704041151475	0.293111755927905	tissue_D_0__Bacteria___D_1__Proteobacteria___D_2__Gammaproteobacteria___D_3__Pseudomonadales___D_4__Pseudomonadaceae___D_5__Pseudomonas	dominance_all	FALSE
BM_Lambda	-	lambda=ML delta=1kappa=1	-89.6406577186829	-89.3549434329686	lambda	lambda : 1e-06 (95% CI  NA  -  0.50148565895847 )	0.00622883886507147	-0.00012761496379681	0.165162863132899	-0.000609410854856358 - 0.000354180927262738	0.000245814230132422	0.606316644573121	tissue_D_0__Bacteria___D_1__Proteobacteria___D_2__Gammaproteobacteria___D_3__Pseudomonadales___D_4__Pseudomonadaceae___D_5__Pseudomonas	dominance_all	TRUE
BM_Kappa	-	lambda=1 delta=1kappa=ML	-73.4867446989624	-73.2010304132481	kappa	kappa : 0.415829232967827 (95% CI  NA  -  0.836349024875631 )	0.0116257852759322	-0.000169594849257392	0.203138896757161	-0.00063698984309241 - 0.000297800144577627	0.000238466833589295	0.480807792658883	tissue_D_0__Bacteria___D_1__Proteobacteria___D_2__Gammaproteobacteria___D_3__Pseudomonadales___D_4__Pseudomonadaceae___D_5__Pseudomonas	dominance_all	FALSE
BM_Delta	-	lambda=1 delta=MLkappa=1	-66.1907483071975	-65.9050340214832	delta	delta : 1 (95% CI  0.398863843336648  -  NA )	0.0256687757691331	-0.000224262345887071	0.188276072363606	-0.000637242266543962 - 0.000188717574769819	0.000210704041151475	0.293111755927905	tissue_D_0__Bacteria___D_1__Proteobacteria___D_2__Gammaproteobacteria___D_3__Pseudomonadales___D_4__Pseudomonadaceae___D_5__Pseudomonas	dominance_all	FALSE
