model_name	compartment	branch_length_transformation	AIC	AICc	estimated_parameter	parameter_value	R2	slope	intercept	x_trait_slope_95CI	x_trait_slope_stdev	p	x_trait	y_trait	best_model
BM	-	lambda=1 delta=1kappa=1	255.977191060772	256.301515385096	None	All parameters fixed	0.0411498162063717	0.0100931169044265	1.95065640615284	-0.00539793840670985 - 0.0255841722155628	0.00790359964853895	0.209340698762576	observed_features_tissue	perc_dis	FALSE
BM_Lambda	-	lambda=ML delta=1kappa=1	237.825526969552	238.149851293876	lambda	lambda : 1e-06 (95% CI  NA  -  0.240949828222544 )	0.00305780952243286	0.00257923903365625	2.83741259966659	-0.0122283938672776 - 0.0173868719345901	0.0075549147453744	0.734684045854866	observed_features_tissue	perc_dis	TRUE
BM_Kappa	-	lambda=1 delta=1kappa=ML	252.97524103066	253.299565354985	kappa	kappa : 0.481357145805482 (95% CI  NA  -  NA )	0.0532870674867242	0.0124512283811842	1.60195182223946	-0.00423563524514721 - 0.0291380920075156	0.00851370593180175	0.151828470266478	observed_features_tissue	perc_dis	FALSE
BM_Delta	-	lambda=1 delta=MLkappa=1	255.977191060772	256.301515385096	delta	delta : 1 (95% CI  0.380911833346047  -  NA )	0.0411498162063717	0.0100931169044265	1.95065640615284	-0.00539793840670985 - 0.0255841722155628	0.00790359964853895	0.209340698762576	observed_features_tissue	perc_dis	FALSE
