model_name	compartment	branch_length_transformation	AIC	AICc	estimated_parameter	parameter_value	R2	slope	intercept	x_trait_slope_95CI	x_trait_slope_stdev	p	x_trait	y_trait	best_model
BM	-	lambda=1 delta=1kappa=1	44.2584695239152	47.2584695239152	None	All parameters fixed	0.0278103136063385	-0.00267073136197169	6.02485816922535	-0.0165119343265941 - 0.0111704716026507	0.00706183824725631	0.720812405077573	all_D_0__Bacteria___D_1__Bacteroidetes___D_2__Bacteroidia___D_3__Bacteroidales___D_4__Rikenellaceae___D_5__Rikenellaceae_RC9_gut_group	perc_dis	TRUE
BM_Lambda	-	lambda=ML delta=1kappa=1	44.2584695239152	47.2584695239152	lambda	lambda : 1 (95% CI  NA  -  NA )	0.0278103136063385	-0.00267073136197169	6.02485816922535	-0.0165119343265941 - 0.0111704716026507	0.00706183824725631	0.720812405077573	all_D_0__Bacteria___D_1__Bacteroidetes___D_2__Bacteroidia___D_3__Bacteroidales___D_4__Rikenellaceae___D_5__Rikenellaceae_RC9_gut_group	perc_dis	FALSE
BM_Kappa	-	lambda=1 delta=1kappa=ML	44.2584695239152	47.2584695239152	kappa	kappa : 1 (95% CI  NA  -  NA )	0.0278103136063387	-0.00267073136197169	6.02485816922535	-0.0165119343265941 - 0.0111704716026507	0.00706183824725631	0.720812405077573	all_D_0__Bacteria___D_1__Bacteroidetes___D_2__Bacteroidia___D_3__Bacteroidales___D_4__Rikenellaceae___D_5__Rikenellaceae_RC9_gut_group	perc_dis	FALSE
BM_Delta	-	lambda=1 delta=MLkappa=1	44.2584695239152	47.2584695239152	delta	delta : 1 (95% CI  0.0512437799226261  -  NA )	0.0278103136063385	-0.00267073136197169	6.02485816922535	-0.0165119343265941 - 0.0111704716026507	0.00706183824725631	0.720812405077573	all_D_0__Bacteria___D_1__Bacteroidetes___D_2__Bacteroidia___D_3__Bacteroidales___D_4__Rikenellaceae___D_5__Rikenellaceae_RC9_gut_group	perc_dis	FALSE
