model_name	compartment	branch_length_transformation	AIC	AICc	estimated_parameter	parameter_value	R2	slope	intercept	x_trait_slope_95CI	x_trait_slope_stdev	p	x_trait	y_trait	best_model
BM	-	lambda=1 delta=1kappa=1	117.351118680274	118.208261537417	None	All parameters fixed	0.0909664317146674	-0.0256117723905958	6.33697211877976	-0.0665849320766645 - 0.0153613872954729	0.0209046733092187	0.239402256370156	skeleton_D_0__Bacteria___D_1__Bacteroidetes___D_2__Chlorobia___D_3__Chlorobiales___D_4__Chlorobiaceae___D_5__Prosthecochloris	perc_dis	FALSE
BM_Lambda	-	lambda=ML delta=1kappa=1	112.810118869189	113.667261726331	lambda	lambda : 1e-06 (95% CI  NA  -  0.762538005238191 )	0.00326815787542047	-0.00912778644341782	4.50868739236042	-0.0897980665386147 - 0.0715424936517791	0.0411583061710188	0.827481863975831	skeleton_D_0__Bacteria___D_1__Bacteroidetes___D_2__Chlorobia___D_3__Chlorobiales___D_4__Chlorobiaceae___D_5__Prosthecochloris	perc_dis	TRUE
BM_Kappa	-	lambda=1 delta=1kappa=ML	116.749971910771	117.607114767914	kappa	kappa : 0.663071958653735 (95% CI  NA  -  NA )	0.0523545404180634	-0.0241140074914451	6.3051195982562	-0.0760329216043989 - 0.0278049066215088	0.0264892418943642	0.37704400560247	skeleton_D_0__Bacteria___D_1__Bacteroidetes___D_2__Chlorobia___D_3__Chlorobiales___D_4__Chlorobiaceae___D_5__Prosthecochloris	perc_dis	FALSE
BM_Delta	-	lambda=1 delta=MLkappa=1	117.351118680274	118.208261537417	delta	delta : 1 (95% CI  0.234254688152155  -  NA )	0.0909664317146674	-0.0256117723905958	6.33697211877976	-0.0665849320766645 - 0.0153613872954729	0.0209046733092187	0.239402256370156	skeleton_D_0__Bacteria___D_1__Bacteroidetes___D_2__Chlorobia___D_3__Chlorobiales___D_4__Chlorobiaceae___D_5__Prosthecochloris	perc_dis	FALSE
