model_name	compartment	branch_length_transformation	AIC	AICc	estimated_parameter	parameter_value	R2	slope	intercept	x_trait_slope_95CI	x_trait_slope_stdev	p	x_trait	y_trait	best_model
BM	-	lambda=1 delta=1kappa=1	588.528014038891	588.788883604108	None	All parameters fixed	0.00832038361841365	-0.0796015993046194	148.432974456299	-0.328053860646944 - 0.168850662037705	0.126761357827717	0.533066915211387	all_D_0__Bacteria___D_1__Bacteroidetes___D_2__Bacteroidia___D_3__Bacteroidales___D_4__Rikenellaceae___D_5__Rikenellaceae_RC9_gut_group	observed_features_all	FALSE
BM_Lambda	-	lambda=ML delta=1kappa=1	565.520883616599	565.781753181817	lambda	lambda : 1e-06 (95% CI  NA  -  0.570408727461844 )	0.0195311471329254	-0.164000412790496	148.394306019338	-0.496204604933611 - 0.168203779352618	0.169491934766895	0.33819705995078	all_D_0__Bacteria___D_1__Bacteroidetes___D_2__Bacteroidia___D_3__Bacteroidales___D_4__Rikenellaceae___D_5__Rikenellaceae_RC9_gut_group	observed_features_all	TRUE
BM_Kappa	-	lambda=1 delta=1kappa=ML	576.754092389372	577.01496195459	kappa	kappa : 0.209520507431443 (95% CI  NA  -  0.663942347652813 )	0.00937538815884066	-0.0964258015131591	138.206868974173	-0.37980001521317 - 0.186948412186851	0.144578680459189	0.508069475372439	all_D_0__Bacteria___D_1__Bacteroidetes___D_2__Bacteroidia___D_3__Bacteroidales___D_4__Rikenellaceae___D_5__Rikenellaceae_RC9_gut_group	observed_features_all	FALSE
BM_Delta	-	lambda=1 delta=MLkappa=1	588.528014038891	588.788883604108	delta	delta : 1 (95% CI  0.420342678384217  -  NA )	0.00832038361841365	-0.0796015993046194	148.432974456299	-0.328053860646944 - 0.168850662037705	0.126761357827717	0.533066915211387	all_D_0__Bacteria___D_1__Bacteroidetes___D_2__Bacteroidia___D_3__Bacteroidales___D_4__Rikenellaceae___D_5__Rikenellaceae_RC9_gut_group	observed_features_all	FALSE
