model_name	compartment	branch_length_transformation	AIC	AICc	estimated_parameter	parameter_value	R2	slope	intercept	x_trait_slope_95CI	x_trait_slope_stdev	p	x_trait	y_trait	best_model
BM	-	lambda=1 delta=1kappa=1	161.074908103086	161.62036264854	None	All parameters fixed	0.442556541475539	22.9833483998129	0.366861989833568	12.4413855034592 - 33.5253112961667	5.37855249813967	0.000285033722471795	dominance_tissue	perc_dis	FALSE
BM_Lambda	-	lambda=ML delta=1kappa=1	145.634332479792	146.179787025246	lambda	lambda : 1e-06 (95% CI  NA  -  0.532109198401374 )	0.401103390398331	23.3678378237879	-0.469686692675507	11.6981713440848 - 35.037504303491	5.95391146923629	0.000677951751031136	dominance_tissue	perc_dis	TRUE
BM_Kappa	-	lambda=1 delta=1kappa=ML	154.268502459445	154.813957004899	kappa	kappa : 0.0282631942537325 (95% CI  NA  -  0.752938433201062 )	0.505917210953374	27.9675690524159	-0.43620108993473	16.6720287806703 - 39.2631093241614	5.76303075089058	6.71978076836055e-05	dominance_tissue	perc_dis	FALSE
BM_Delta	-	lambda=1 delta=MLkappa=1	161.074908103086	161.62036264854	delta	delta : 1 (95% CI  0.320018799224691  -  NA )	0.442556541475539	22.9833483998129	0.366861989833568	12.4413855034592 - 33.5253112961667	5.37855249813967	0.000285033722471795	dominance_tissue	perc_dis	FALSE
