model_name	compartment	branch_length_transformation	AIC	AICc	estimated_parameter	parameter_value	R2	slope	intercept	x_trait_slope_95CI	x_trait_slope_stdev	p	x_trait	y_trait	best_model
BM	-	lambda=1 delta=1kappa=1	275.648696796369	275.941379723198	None	All parameters fixed	0.000505267988894874	-0.00276353281617402	3.76390783988892	-0.0399363447666619 - 0.0344092791343139	0.018965720382902	0.884845847068482	all_D_0__Bacteria___D_1__Proteobacteria___D_2__Alphaproteobacteria___D_3__Rickettsiales___D_4__Midichloriaceae___D_5__MD3_55	perc_dis	FALSE
BM_Lambda	-	lambda=ML delta=1kappa=1	258.4074659545	258.700148881329	lambda	lambda : 1e-06 (95% CI  NA  -  0.252318714010605 )	0.00114584182366726	-0.00165688484747669	3.08977844310922	-0.01645179929954 - 0.0131380296045866	0.00754842574084862	0.82732334032742	all_D_0__Bacteria___D_1__Proteobacteria___D_2__Alphaproteobacteria___D_3__Rickettsiales___D_4__Midichloriaceae___D_5__MD3_55	perc_dis	TRUE
BM_Kappa	-	lambda=1 delta=1kappa=ML	274.18224496575	274.474927892579	kappa	kappa : 0.655914803860361 (95% CI  0.113430567563788  -  NA )	0.000914239580788062	-0.00270802704230729	3.75421894484834	-0.0297822373342158 - 0.0243661832496012	0.0138133725979125	0.845521300659201	all_D_0__Bacteria___D_1__Proteobacteria___D_2__Alphaproteobacteria___D_3__Rickettsiales___D_4__Midichloriaceae___D_5__MD3_55	perc_dis	FALSE
BM_Delta	-	lambda=1 delta=MLkappa=1	275.648696796369	275.941379723198	delta	delta : 1 (95% CI  0.385135199735474  -  NA )	0.000505267988894874	-0.00276353281617402	3.76390783988892	-0.0399363447666619 - 0.0344092791343139	0.018965720382902	0.884845847068482	all_D_0__Bacteria___D_1__Proteobacteria___D_2__Alphaproteobacteria___D_3__Rickettsiales___D_4__Midichloriaceae___D_5__MD3_55	perc_dis	FALSE
