model_name	compartment	branch_length_transformation	AIC	AICc	estimated_parameter	parameter_value	R2	slope	intercept	x_trait_slope_95CI	x_trait_slope_stdev	p	x_trait	y_trait	best_model
BM	-	lambda=1 delta=1kappa=1	256.97100859865	257.295332922975	None	All parameters fixed	0.0170283496054878	-0.0100516209381885	3.78274193148774	-0.0343336286496454 - 0.0142303867732684	0.0123887794446209	0.422218495558634	tissue_D_0__Bacteria___D_1__Proteobacteria___D_2__Alphaproteobacteria___D_3__Rhizobiales___D_4__Beijerinckiaceae___D_5__Methylobacterium	perc_dis	FALSE
BM_Lambda	-	lambda=ML delta=1kappa=1	236.666950630479	236.991274954803	lambda	lambda : 1e-06 (95% CI  NA  -  0.221055252463596 )	0.0315194729649827	-0.0320383498144764	3.80343757323379	-0.0885047868233809 - 0.024428087194428	0.0288094066371962	0.273090297140335	tissue_D_0__Bacteria___D_1__Proteobacteria___D_2__Alphaproteobacteria___D_3__Rhizobiales___D_4__Beijerinckiaceae___D_5__Methylobacterium	perc_dis	TRUE
BM_Kappa	-	lambda=1 delta=1kappa=ML	254.2672938241	254.591618148425	kappa	kappa : 0.505577360914832 (95% CI  NA  -  NA )	0.0219607729841243	-0.0192862189906841	3.88562480640147	-0.060209052091618 - 0.0216366141102498	0.0208789964800683	0.361463899967452	tissue_D_0__Bacteria___D_1__Proteobacteria___D_2__Alphaproteobacteria___D_3__Rhizobiales___D_4__Beijerinckiaceae___D_5__Methylobacterium	perc_dis	FALSE
BM_Delta	-	lambda=1 delta=MLkappa=1	256.97100859865	257.295332922975	delta	delta : 1 (95% CI  0.386910691675068  -  NA )	0.0170283496054878	-0.0100516209381885	3.78274193148774	-0.0343336286496454 - 0.0142303867732684	0.0123887794446209	0.422218495558634	tissue_D_0__Bacteria___D_1__Proteobacteria___D_2__Alphaproteobacteria___D_3__Rhizobiales___D_4__Beijerinckiaceae___D_5__Methylobacterium	perc_dis	FALSE
