model_name	compartment	branch_length_transformation	AIC	AICc	estimated_parameter	parameter_value	R2	slope	intercept	x_trait_slope_95CI	x_trait_slope_stdev	p	x_trait	y_trait	best_model
BM	-	lambda=1 delta=1kappa=1	531.674573101342	531.960287387056	None	All parameters fixed	0.000336708995335052	-0.430269815720757	143.507437653989	-7.43775578550067 - 6.57721615405916	3.57524794376526	0.904768969776689	mucus_D_0__Bacteria___D_1__Tenericutes___D_2__Mollicutes___D_3__Entomoplasmatales___D_4__Spiroplasmataceae___D_5__Spiroplasma	observed_features_all	FALSE
BM_Lambda	-	lambda=ML delta=1kappa=1	511.724430723531	512.010145009245	lambda	lambda : 1e-06 (95% CI  NA  -  0.696468319029689 )	0.00041530293467991	0.446292946231317	138.326074410614	-6.09809695365498 - 6.99068284611761	3.3389744387175	0.894293715428337	mucus_D_0__Bacteria___D_1__Tenericutes___D_2__Mollicutes___D_3__Entomoplasmatales___D_4__Spiroplasmataceae___D_5__Spiroplasma	observed_features_all	TRUE
BM_Kappa	-	lambda=1 delta=1kappa=ML	519.913664997841	520.199379283556	kappa	kappa : 0.285680338023939 (95% CI  NA  -  0.698117704110009 )	0.000138829040857322	-0.247673617351227	135.706656014337	-6.5301560189611 - 6.03480878425864	3.20534816408667	0.938768083935308	mucus_D_0__Bacteria___D_1__Tenericutes___D_2__Mollicutes___D_3__Entomoplasmatales___D_4__Spiroplasmataceae___D_5__Spiroplasma	observed_features_all	FALSE
BM_Delta	-	lambda=1 delta=MLkappa=1	531.674573101342	531.960287387056	delta	delta : 1 (95% CI  0.410666601077225  -  NA )	0.000336708995335052	-0.430269815720757	143.507437653989	-7.43775578550067 - 6.57721615405916	3.57524794376526	0.904768969776689	mucus_D_0__Bacteria___D_1__Tenericutes___D_2__Mollicutes___D_3__Entomoplasmatales___D_4__Spiroplasmataceae___D_5__Spiroplasma	observed_features_all	FALSE
