model_name	compartment	branch_length_transformation	AIC	AICc	estimated_parameter	parameter_value	R2	slope	intercept	x_trait_slope_95CI	x_trait_slope_stdev	p	x_trait	y_trait	best_model
BM	-	lambda=1 delta=1kappa=1	-32.2873458454929	-31.4873458454929	None	All parameters fixed	0.0968676020203117	-0.014588762445915	0.149458476293851	-0.0364161102743754 - 0.00723858538254545	0.0111364019532961	0.20869068750508	all_D_0__Bacteria___D_1__Proteobacteria___D_2__Alphaproteobacteria___D_3__Rickettsiales___D_4__Midichloriaceae___D_5__MD3_55	growth_rate_mm_per_year	FALSE
BM_Lambda	-	lambda=ML delta=1kappa=1	-41.361850521588	-40.561850521588	lambda	lambda : 1e-06 (95% CI  NA  -  0.865057552102655 )	0.159588484018046	-0.0107829134163473	0.148198058042104	-0.0229077926262572 - 0.00134196579356253	0.00618616286219891	0.100503153697845	all_D_0__Bacteria___D_1__Proteobacteria___D_2__Alphaproteobacteria___D_3__Rickettsiales___D_4__Midichloriaceae___D_5__MD3_55	growth_rate_mm_per_year	TRUE
BM_Kappa	-	lambda=1 delta=1kappa=ML	-37.3391553089161	-36.5391553089161	kappa	kappa : 0.122029261525226 (95% CI  NA  -  0.88521988446026 )	0.138801852141768	-0.0102036555852622	0.146938562467724	-0.0226575673354523 - 0.00225025616492786	0.00635403660723983	0.127859232804291	all_D_0__Bacteria___D_1__Proteobacteria___D_2__Alphaproteobacteria___D_3__Rickettsiales___D_4__Midichloriaceae___D_5__MD3_55	growth_rate_mm_per_year	FALSE
BM_Delta	-	lambda=1 delta=MLkappa=1	-32.2873458454929	-31.4873458454929	delta	delta : 1 (95% CI  0.283722729911442  -  NA )	0.0968676020203117	-0.014588762445915	0.149458476293851	-0.0364161102743754 - 0.00723858538254545	0.0111364019532961	0.20869068750508	all_D_0__Bacteria___D_1__Proteobacteria___D_2__Alphaproteobacteria___D_3__Rickettsiales___D_4__Midichloriaceae___D_5__MD3_55	growth_rate_mm_per_year	FALSE
