model_name	compartment	branch_length_transformation	AIC	AICc	estimated_parameter	parameter_value	R2	slope	intercept	x_trait_slope_95CI	x_trait_slope_stdev	p	x_trait	y_trait	best_model
BM	-	lambda=1 delta=1kappa=1	250.600077270353	250.924401594677	None	All parameters fixed	0.161757870045858	11.4693532792698	1.38265846465387	3.16787882870977 - 19.7708277298297	4.23544614824489	0.0100913768742552	dominance_tissue	perc_dis	FALSE
BM_Lambda	-	lambda=ML delta=1kappa=1	225.474196527145	225.79852085147	lambda	lambda : 1e-06 (95% CI  NA  -  0.277369813805761 )	0.267905558744562	16.6614951601625	0.30960428800014	7.90418086490031 - 25.4188094554246	4.46801749758273	0.000625236012406827	dominance_tissue	perc_dis	TRUE
BM_Kappa	-	lambda=1 delta=1kappa=ML	244.240271857034	244.564596181358	kappa	kappa : 0.33659168555637 (95% CI  NA  -  0.843927800421344 )	0.245406586123283	15.9811354189891	0.0641082428870994	7.07097952061582 - 24.8912913173623	4.5459979073333	0.00115352290603976	dominance_tissue	perc_dis	FALSE
BM_Delta	-	lambda=1 delta=MLkappa=1	250.600077270353	250.924401594677	delta	delta : 1 (95% CI  0.39912567058736  -  NA )	0.161757870045858	11.4693532792698	1.38265846465387	3.16787882870977 - 19.7708277298297	4.23544614824489	0.0100913768742552	dominance_tissue	perc_dis	FALSE
