model_name	compartment	branch_length_transformation	AIC	AICc	estimated_parameter	parameter_value	R2	slope	intercept	x_trait_slope_95CI	x_trait_slope_stdev	p	x_trait	y_trait	best_model
BM	-	lambda=1 delta=1kappa=1	-30.9663153923385	-30.0432384692616	None	All parameters fixed	0.0906015571659926	-0.0122170736551155	0.132886110963884	-0.0324924310295366 - 0.0080582837193056	0.0103445700889904	0.257272868338826	all_D_0__Bacteria___D_1__Proteobacteria___D_2__Alphaproteobacteria___D_3__Rickettsiales___D_4__Midichloriaceae___D_5__MD3_55	growth_rate_mm_per_year	FALSE
BM_Lambda	-	lambda=ML delta=1kappa=1	-43.4475588252931	-42.5244819022162	lambda	lambda : 0.353211323309834 (95% CI  NA  -  0.868922416004205 )	0.152223421518179	-0.00788473919127796	0.127833535529394	-0.0176319274321724 - 0.00186244904961645	0.00497305522494613	0.135176852524909	all_D_0__Bacteria___D_1__Proteobacteria___D_2__Alphaproteobacteria___D_3__Rickettsiales___D_4__Midichloriaceae___D_5__MD3_55	growth_rate_mm_per_year	FALSE
BM_Kappa	-	lambda=1 delta=1kappa=ML	-43.490303953236	-42.5672270301591	kappa	kappa : 1e-06 (95% CI  NA  -  0.388433871981479 )	0.184740499518541	-0.007715208948298	0.13469475360771	-0.0162051880921443 - 0.000774770195548341	0.0043316220121665	0.096589271186138	all_D_0__Bacteria___D_1__Proteobacteria___D_2__Alphaproteobacteria___D_3__Rickettsiales___D_4__Midichloriaceae___D_5__MD3_55	growth_rate_mm_per_year	TRUE
BM_Delta	-	lambda=1 delta=MLkappa=1	-30.9663153923385	-30.0432384692616	delta	delta : 1 (95% CI  0.303605134668668  -  NA )	0.0906015571659926	-0.0122170736551155	0.132886110963884	-0.0324924310295366 - 0.0080582837193056	0.0103445700889904	0.257272868338826	all_D_0__Bacteria___D_1__Proteobacteria___D_2__Alphaproteobacteria___D_3__Rickettsiales___D_4__Midichloriaceae___D_5__MD3_55	growth_rate_mm_per_year	FALSE
