model_name	compartment	branch_length_transformation	AIC	AICc	estimated_parameter	parameter_value	R2	slope	intercept	x_trait_slope_95CI	x_trait_slope_stdev	p	x_trait	y_trait	best_model
BM	-	lambda=1 delta=1kappa=1	255.575331023743	255.883023331435	None	All parameters fixed	0.21851800531149	0.0334701870111827	3.30445257973216	0.0138546551121069 - 0.0530857189102584	0.010007924438304	0.00180050429459877	skeleton_D_0__Bacteria___D_1__Firmicutes___D_2__Clostridia___D_3__Clostridiales___D_4__Clostridiaceae_4___D_5__Paramaledivibacter	perc_dis	FALSE
BM_Lambda	-	lambda=ML delta=1kappa=1	242.439083429457	242.746775737149	lambda	lambda : 1e-06 (95% CI  NA  -  0.431168603026995 )	0.13094406613095	0.0365543797319017	2.36108993218468	0.00737027010647634 - 0.065738489357327	0.0148898518497068	0.0185335368137691	skeleton_D_0__Bacteria___D_1__Firmicutes___D_2__Clostridia___D_3__Clostridiales___D_4__Clostridiaceae_4___D_5__Paramaledivibacter	perc_dis	TRUE
BM_Kappa	-	lambda=1 delta=1kappa=ML	254.951973315701	255.259665623393	kappa	kappa : 0.744241505182245 (95% CI  0.150452950601202  -  NA )	0.203549325527131	0.0365094049837736	3.26745984093614	0.0141286135999043 - 0.0588901963676428	0.011418771114219	0.00271062576927239	skeleton_D_0__Bacteria___D_1__Firmicutes___D_2__Clostridia___D_3__Clostridiales___D_4__Clostridiaceae_4___D_5__Paramaledivibacter	perc_dis	FALSE
BM_Delta	-	lambda=1 delta=MLkappa=1	255.575331023743	255.883023331435	delta	delta : 1 (95% CI  0.374274501492303  -  NA )	0.21851800531149	0.0334701870111827	3.30445257973216	0.0138546551121069 - 0.0530857189102584	0.010007924438304	0.00180050429459877	skeleton_D_0__Bacteria___D_1__Firmicutes___D_2__Clostridia___D_3__Clostridiales___D_4__Clostridiaceae_4___D_5__Paramaledivibacter	perc_dis	FALSE
