model_name	compartment	branch_length_transformation	AIC	AICc	estimated_parameter	parameter_value	R2	slope	intercept	x_trait_slope_95CI	x_trait_slope_stdev	p	x_trait	y_trait	best_model
BM	-	lambda=1 delta=1kappa=1	207.366854769582	207.795426198153	None	All parameters fixed	0.00356380228911459	0.00589794098271367	3.58961851865833	-0.0299963551603943 - 0.0417922371258217	0.0183134163995449	0.749720617840189	mucus_D_0__Bacteria___D_1__Proteobacteria___D_2__Gammaproteobacteria___D_3__Vibrionales___D_4__Vibrionaceae___D_5__Vibrio	perc_dis	FALSE
BM_Lambda	-	lambda=ML delta=1kappa=1	189.560965685727	189.989537114298	lambda	lambda : 1e-06 (95% CI  NA  -  0.259792965618004 )	0.000147408473946652	-0.00253753170078384	3.47105522887307	-0.0786008577623743 - 0.0735257943608066	0.0388078194191788	0.948314456426818	mucus_D_0__Bacteria___D_1__Proteobacteria___D_2__Gammaproteobacteria___D_3__Vibrionales___D_4__Vibrionaceae___D_5__Vibrio	perc_dis	TRUE
BM_Kappa	-	lambda=1 delta=1kappa=ML	203.963819461536	204.392390890108	kappa	kappa : 0.255891769877393 (95% CI  NA  -  NA )	0.0073332468448473	0.0146903976996051	3.52363427615999	-0.0475173119468391 - 0.0768981073460493	0.0317386273706348	0.646922534319537	mucus_D_0__Bacteria___D_1__Proteobacteria___D_2__Gammaproteobacteria___D_3__Vibrionales___D_4__Vibrionaceae___D_5__Vibrio	perc_dis	FALSE
BM_Delta	-	lambda=1 delta=MLkappa=1	207.366854769582	207.795426198153	delta	delta : 1 (95% CI  0.368382169127644  -  NA )	0.00356380228911459	0.00589794098271367	3.58961851865833	-0.0299963551603943 - 0.0417922371258217	0.0183134163995449	0.749720617840189	mucus_D_0__Bacteria___D_1__Proteobacteria___D_2__Gammaproteobacteria___D_3__Vibrionales___D_4__Vibrionaceae___D_5__Vibrio	perc_dis	FALSE
