model_name	compartment	branch_length_transformation	AIC	AICc	estimated_parameter	parameter_value	R2	slope	intercept	x_trait_slope_95CI	x_trait_slope_stdev	p	x_trait	y_trait	best_model
BM	-	lambda=1 delta=1kappa=1	225.766669733697	226.141669733697	None	All parameters fixed	0.0620007573724769	-0.0302364353944268	4.44760247435358	-0.070363042381188 - 0.00989017159233434	0.0204727586667149	0.149179951494163	skeleton_D_0__Bacteria___D_1__Bacteroidetes___D_2__Bacteroidia___D_3__Cytophagales___D_4__Cyclobacteriaceae___D_5__uncultured	perc_dis	FALSE
BM_Lambda	-	lambda=ML delta=1kappa=1	210.235214693773	210.610214693773	lambda	lambda : 1e-06 (95% CI  NA  -  0.260761182418491 )	0.00311825037132752	-0.00969739950012831	3.58399407104416	-0.0688563853158319 - 0.0494615863155753	0.0301831560284202	0.750020421478584	skeleton_D_0__Bacteria___D_1__Bacteroidetes___D_2__Bacteroidia___D_3__Cytophagales___D_4__Cyclobacteriaceae___D_5__uncultured	perc_dis	TRUE
BM_Kappa	-	lambda=1 delta=1kappa=ML	222.934274551612	223.309274551612	kappa	kappa : 0.4635868355342 (95% CI  NA  -  NA )	0.0663507061459054	-0.0415095486815186	4.91116304407637	-0.094636662709857 - 0.0116175653468197	0.0271056704226216	0.135202548235738	skeleton_D_0__Bacteria___D_1__Bacteroidetes___D_2__Bacteroidia___D_3__Cytophagales___D_4__Cyclobacteriaceae___D_5__uncultured	perc_dis	FALSE
BM_Delta	-	lambda=1 delta=MLkappa=1	225.766669733697	226.141669733697	delta	delta : 1 (95% CI  0.373212505644032  -  NA )	0.0620007573724769	-0.0302364353944268	4.44760247435358	-0.070363042381188 - 0.00989017159233434	0.0204727586667149	0.149179951494163	skeleton_D_0__Bacteria___D_1__Bacteroidetes___D_2__Bacteroidia___D_3__Cytophagales___D_4__Cyclobacteriaceae___D_5__uncultured	perc_dis	FALSE
