model_name	compartment	branch_length_transformation	AIC	AICc	estimated_parameter	parameter_value	R2	slope	intercept	x_trait_slope_95CI	x_trait_slope_stdev	p	x_trait	y_trait	best_model
BM	-	lambda=1 delta=1kappa=1	-28.3787633405623	-27.3787633405623	None	All parameters fixed	0.166402180018501	0.000655625933903663	0.0503125124077588	-0.000142073527178534 - 0.00145332539498586	0.000406989520960304	0.13120057751575	mucus_D_0__Bacteria___D_1__Proteobacteria___D_2__Alphaproteobacteria___D_3__Sphingomonadales___D_4__Sphingomonadaceae___D_5__Sphingobium	growth_rate_mm_per_year	FALSE
BM_Lambda	-	lambda=ML delta=1kappa=1	-38.9245059254767	-37.9245059254767	lambda	lambda : 0.36276475567145 (95% CI  NA  -  0.896474481423774 )	0.0684283778068976	0.00035962961780688	0.0875629326398473	-0.000361693497412276 - 0.00108095273302604	0.000368021997560794	0.346307200226213	mucus_D_0__Bacteria___D_1__Proteobacteria___D_2__Alphaproteobacteria___D_3__Sphingomonadales___D_4__Sphingomonadaceae___D_5__Sphingobium	growth_rate_mm_per_year	TRUE
BM_Kappa	-	lambda=1 delta=1kappa=ML	-38.6920411885932	-37.6920411885932	kappa	kappa : 1e-06 (95% CI  NA  -  0.482130461795946 )	0.0982137702751178	0.000451167477309731	0.0737783134252172	-0.000292001870809553 - 0.00119433682542901	0.000379168034754737	0.255367903163769	mucus_D_0__Bacteria___D_1__Proteobacteria___D_2__Alphaproteobacteria___D_3__Sphingomonadales___D_4__Sphingomonadaceae___D_5__Sphingobium	growth_rate_mm_per_year	FALSE
BM_Delta	-	lambda=1 delta=MLkappa=1	-28.3787633405623	-27.3787633405623	delta	delta : 1 (95% CI  0.291399674793644  -  NA )	0.166402180018501	0.000655625933903663	0.0503125124077588	-0.000142073527178534 - 0.00145332539498586	0.000406989520960304	0.13120057751575	mucus_D_0__Bacteria___D_1__Proteobacteria___D_2__Alphaproteobacteria___D_3__Sphingomonadales___D_4__Sphingomonadaceae___D_5__Sphingobium	growth_rate_mm_per_year	FALSE
