model_name	compartment	branch_length_transformation	AIC	AICc	estimated_parameter	parameter_value	R2	slope	intercept	x_trait_slope_95CI	x_trait_slope_stdev	p	x_trait	y_trait	best_model
BM	-	lambda=1 delta=1kappa=1	469.613203815071	469.937528139395	None	All parameters fixed	0.0299231561512437	0.101129550554148	151.861606449806	-0.0819507934040355 - 0.284209894512332	0.0934083387541755	0.285781408664719	all_D_0__Bacteria___D_1__Proteobacteria___D_2__Alphaproteobacteria___D_3__Rhodospirillales___D_4__Terasakiellaceae___D_5__uncultured	observed_features_all	FALSE
BM_Lambda	-	lambda=ML delta=1kappa=1	455.855547676959	456.179872001283	lambda	lambda : 0.67883431627835 (95% CI  NA  -  0.95641400196444 )	0.00832836967661084	0.0796387561629348	150.802847722528	-0.196668753675592 - 0.355946266001461	0.140973219305371	0.575447502012473	all_D_0__Bacteria___D_1__Proteobacteria___D_2__Alphaproteobacteria___D_3__Rhodospirillales___D_4__Terasakiellaceae___D_5__uncultured	observed_features_all	TRUE
BM_Kappa	-	lambda=1 delta=1kappa=ML	459.360337235579	459.684661559903	kappa	kappa : 0.341791740042207 (95% CI  NA  -  0.752834509449402 )	0.0385122065330414	0.148545578137937	145.916373106124	-0.0874460996791089 - 0.384537255954983	0.120403917253595	0.224881148806067	all_D_0__Bacteria___D_1__Proteobacteria___D_2__Alphaproteobacteria___D_3__Rhodospirillales___D_4__Terasakiellaceae___D_5__uncultured	observed_features_all	FALSE
BM_Delta	-	lambda=1 delta=MLkappa=1	469.613203815071	469.937528139395	delta	delta : 1 (95% CI  0.379174930495813  -  NA )	0.0299231561512437	0.101129550554148	151.861606449806	-0.0819507934040355 - 0.284209894512332	0.0934083387541755	0.285781408664719	all_D_0__Bacteria___D_1__Proteobacteria___D_2__Alphaproteobacteria___D_3__Rhodospirillales___D_4__Terasakiellaceae___D_5__uncultured	observed_features_all	FALSE
