model_name	compartment	branch_length_transformation	AIC	AICc	estimated_parameter	parameter_value	R2	slope	intercept	x_trait_slope_95CI	x_trait_slope_stdev	p	x_trait	y_trait	best_model
BM	-	lambda=1 delta=1kappa=1	174.399393212942	174.843837657386	None	All parameters fixed	0.0615342872290186	9.63272935255086	-4.77702358451637	-4.30130996950736 - 23.5667686746091	7.10920373574399	0.186260275394909	gini_index_mucus	perc_dis	FALSE
BM_Lambda	-	lambda=ML delta=1kappa=1	165.682915476557	166.127359921001	lambda	lambda : 0.0376433296925156 (95% CI  NA  -  0.709081432030689 )	0.0938732489014474	11.6383571341571	-7.1172143404502	-1.75508751121328 - 25.0318017795275	6.83339012518897	0.0996151280862398	gini_index_mucus	perc_dis	TRUE
BM_Kappa	-	lambda=1 delta=1kappa=ML	174.399393212942	174.843837657386	kappa	kappa : 1 (95% CI  0.295230780729929  -  NA )	0.0615342872290181	9.63272935255087	-4.7770235845164	-4.30130996950734 - 23.5667686746091	7.10920373574399	0.186260275394908	gini_index_mucus	perc_dis	FALSE
BM_Delta	-	lambda=1 delta=MLkappa=1	174.399393212942	174.843837657386	delta	delta : 1 (95% CI  0.309882319110904  -  NA )	0.0615342872290186	9.63272935255086	-4.77702358451637	-4.30130996950736 - 23.5667686746091	7.10920373574399	0.186260275394909	gini_index_mucus	perc_dis	FALSE
