model_name	compartment	branch_length_transformation	AIC	AICc	estimated_parameter	parameter_value	R2	slope	intercept	x_trait_slope_95CI	x_trait_slope_stdev	p	x_trait	y_trait	best_model
BM	-	lambda=1 delta=1kappa=1	78.2736226401491	79.9879083544349	None	All parameters fixed	0.000299219128969967	-0.705361572325464	3.59235935067048	-28.9582732762845 - 27.5475501316335	14.4147508693668	0.962172051112649	dominance_mucus	perc_dis	FALSE
BM_Lambda	-	lambda=ML delta=1kappa=1	68.3324704925974	70.0467562068831	lambda	lambda : 1e-06 (95% CI  NA  -  0.551182351649086 )	0.0217459175270316	5.85891641792665	1.95464753777833	-21.3721937104563 - 33.0900265463096	13.8934235348893	0.684344114949109	dominance_mucus	perc_dis	TRUE
BM_Kappa	-	lambda=1 delta=1kappa=ML	71.1331434248802	72.8474291391659	kappa	kappa : 1e-06 (95% CI  NA  -  0.561405435866756 )	0.000234198975374013	0.577880033796944	4.20052158042024	-25.5861964743585 - 26.7419565419524	13.3490186266099	0.966531299661315	dominance_mucus	perc_dis	FALSE
BM_Delta	-	lambda=1 delta=MLkappa=1	78.2736226401491	79.9879083544349	delta	delta : 1 (95% CI  0.240077157932415  -  NA )	0.000299219128969967	-0.705361572325464	3.59235935067048	-28.9582732762845 - 27.5475501316335	14.4147508693668	0.962172051112649	dominance_mucus	perc_dis	FALSE
