model_name	compartment	branch_length_transformation	AIC	AICc	estimated_parameter	parameter_value	R2	slope	intercept	x_trait_slope_95CI	x_trait_slope_stdev	p	x_trait	y_trait	best_model
BM	-	lambda=1 delta=1kappa=1	-32.2683094306288	-31.4683094306288	None	All parameters fixed	0.0959119632775511	-0.00619594704671587	0.171982579618636	-0.0155171668304137 - 0.00312527273698197	0.00475572437943768	0.211069379954246	all_D_0__Bacteria___D_1__Proteobacteria___D_2__Alphaproteobacteria___D_3__Rhodobacterales___D_4__Rhodobacteraceae___D_5__Ruegeria	growth_rate_mm_per_year	FALSE
BM_Lambda	-	lambda=ML delta=1kappa=1	-41.2058906756432	-40.4058906756432	lambda	lambda : 1e-06 (95% CI  NA  -  0.841624515786819 )	0.152275155137918	-0.00522890834790274	0.165676355993307	-0.0112742387256328 - 0.000816422029827309	0.00308435223353574	0.109387335231669	all_D_0__Bacteria___D_1__Proteobacteria___D_2__Alphaproteobacteria___D_3__Rhodobacterales___D_4__Rhodobacteraceae___D_5__Ruegeria	growth_rate_mm_per_year	TRUE
BM_Kappa	-	lambda=1 delta=1kappa=ML	-36.4597069018784	-35.6597069018784	kappa	kappa : 0.252531541457606 (95% CI  NA  -  0.965985698134749 )	0.0893769791952545	-0.00468893540369985	0.163297575677046	-0.0120226973114168 - 0.00264482650401708	0.00374171525903925	0.228155252553382	all_D_0__Bacteria___D_1__Proteobacteria___D_2__Alphaproteobacteria___D_3__Rhodobacterales___D_4__Rhodobacteraceae___D_5__Ruegeria	growth_rate_mm_per_year	FALSE
BM_Delta	-	lambda=1 delta=MLkappa=1	-32.2683094306288	-31.4683094306288	delta	delta : 1 (95% CI  0.274714750279664  -  NA )	0.0959119632775511	-0.00619594704671587	0.171982579618636	-0.0155171668304137 - 0.00312527273698197	0.00475572437943768	0.211069379954246	all_D_0__Bacteria___D_1__Proteobacteria___D_2__Alphaproteobacteria___D_3__Rhodobacterales___D_4__Rhodobacteraceae___D_5__Ruegeria	growth_rate_mm_per_year	FALSE
