model_name	compartment	branch_length_transformation	AIC	AICc	estimated_parameter	parameter_value	R2	slope	intercept	x_trait_slope_95CI	x_trait_slope_stdev	p	x_trait	y_trait	best_model
BM	-	lambda=1 delta=1kappa=1	-29.5389946650834	-28.6159177420065	None	All parameters fixed	0.00574782213804988	-5.68653852534786e-05	0.115584866195932	-0.000448640326705812 - 0.000334909556198855	0.000199885174210374	0.780199372438348	skeleton_D_0__Bacteria___D_1__Bacteroidetes___D_2__Bacteroidia___D_3__Cytophagales___D_4__Amoebophilaceae___D_5__Candidatus_Amoebophilus	growth_rate_mm_per_year	FALSE
BM_Lambda	-	lambda=ML delta=1kappa=1	-41.7389980712092	-40.8159211481323	lambda	lambda : 0.188862948260364 (95% CI  NA  -  0.860906974001707 )	0.079849117792113	0.000264962950557335	0.106232550106421	-0.000206200579713466 - 0.000736126480828135	0.000240389556260613	0.288952876451701	skeleton_D_0__Bacteria___D_1__Bacteroidetes___D_2__Bacteroidia___D_3__Cytophagales___D_4__Amoebophilaceae___D_5__Candidatus_Amoebophilus	growth_rate_mm_per_year	TRUE
BM_Kappa	-	lambda=1 delta=1kappa=ML	-41.3624598650055	-40.4393829419286	kappa	kappa : 1e-06 (95% CI  NA  -  0.400259839945169 )	0.0687789112505065	0.000218650812336514	0.108220330986361	-0.00020279515404888 - 0.000640096778721908	0.000215023452237446	0.326467532552525	skeleton_D_0__Bacteria___D_1__Bacteroidetes___D_2__Bacteroidia___D_3__Cytophagales___D_4__Amoebophilaceae___D_5__Candidatus_Amoebophilus	growth_rate_mm_per_year	FALSE
BM_Delta	-	lambda=1 delta=MLkappa=1	-29.5389946650834	-28.6159177420065	delta	delta : 1 (95% CI  0.294663790749036  -  NA )	0.00574782213804988	-5.68653852534786e-05	0.115584866195932	-0.000448640326705812 - 0.000334909556198855	0.000199885174210374	0.780199372438348	skeleton_D_0__Bacteria___D_1__Bacteroidetes___D_2__Bacteroidia___D_3__Cytophagales___D_4__Amoebophilaceae___D_5__Candidatus_Amoebophilus	growth_rate_mm_per_year	FALSE
