model_name	compartment	branch_length_transformation	AIC	AICc	estimated_parameter	parameter_value	R2	slope	intercept	x_trait_slope_95CI	x_trait_slope_stdev	p	x_trait	y_trait	best_model
BM	-	lambda=1 delta=1kappa=1	111.639742898822	112.161482029257	None	All parameters fixed	0.000865385283648674	0.000805385078423448	4.06931708687796	-0.0101432827377058 - 0.0117540528945527	0.00558605500822921	0.886563927617776	mucus_D_0__Bacteria___D_1__Proteobacteria___D_2__Alphaproteobacteria___D_3__Sphingomonadales___D_4__Sphingomonadaceae___D_5__Sphingobium	depth	FALSE
BM_Lambda	-	lambda=ML delta=1kappa=1	107.329437312925	107.851176443359	lambda	lambda : 1e-06 (95% CI  NA  -  0.980788974494604 )	0.0324631498632984	-0.0058090099610859	4.50389120912076	-0.0184969465872184 - 0.00687892666504665	0.00647343705414926	0.378440344227674	mucus_D_0__Bacteria___D_1__Proteobacteria___D_2__Alphaproteobacteria___D_3__Sphingomonadales___D_4__Sphingomonadaceae___D_5__Sphingobium	depth	FALSE
BM_Kappa	-	lambda=1 delta=1kappa=ML	103.709408950537	104.231148080972	kappa	kappa : 1e-06 (95% CI  NA  -  0.664292510055959 )	0.0314477140921127	-0.00559498022959467	4.61532595323221	-0.0180176803249923 - 0.00682771986580294	0.00633811229357021	0.386127127047204	mucus_D_0__Bacteria___D_1__Proteobacteria___D_2__Alphaproteobacteria___D_3__Sphingomonadales___D_4__Sphingomonadaceae___D_5__Sphingobium	depth	TRUE
BM_Delta	-	lambda=1 delta=MLkappa=1	111.639742898822	112.161482029257	delta	delta : 1 (95% CI  0.299317461125736  -  NA )	0.000865385283648674	0.000805385078423448	4.06931708687796	-0.0101432827377058 - 0.0117540528945527	0.00558605500822921	0.886563927617776	mucus_D_0__Bacteria___D_1__Proteobacteria___D_2__Alphaproteobacteria___D_3__Sphingomonadales___D_4__Sphingomonadaceae___D_5__Sphingobium	depth	FALSE
