model_name	compartment	branch_length_transformation	AIC	AICc	estimated_parameter	parameter_value	R2	slope	intercept	x_trait_slope_95CI	x_trait_slope_stdev	p	x_trait	y_trait	best_model
BM	-	lambda=1 delta=1kappa=1	-28.7509726565065	-27.8938297993636	None	All parameters fixed	0.113245857070027	0.000939521513361518	0.107464104526778	-0.00039095625639783 - 0.00226999928312087	0.000678815188652728	0.186588270117288	mucus_D_0__Bacteria___D_1__Cyanobacteria___D_2__Oxyphotobacteria___D_3__Synechococcales___D_4__Cyanobiaceae___D_5__Synechococcus_CC9902	growth_rate_mm_per_year	FALSE
BM_Lambda	-	lambda=ML delta=1kappa=1	-37.4303177132871	-36.5731748561443	lambda	lambda : 1e-06 (95% CI  NA  -  0.879312564126048 )	0.046859998635334	0.000833573864577334	0.124268993295352	-0.00106895714340847 - 0.00273610487256314	0.000970679085707045	0.403991319326664	mucus_D_0__Bacteria___D_1__Cyanobacteria___D_2__Oxyphotobacteria___D_3__Synechococcales___D_4__Cyanobiaceae___D_5__Synechococcus_CC9902	growth_rate_mm_per_year	TRUE
BM_Kappa	-	lambda=1 delta=1kappa=ML	-33.6998967582559	-32.842753901113	kappa	kappa : 0.194251525416467 (95% CI  NA  -  0.897525967307734 )	0.105534874069549	0.00110870228284718	0.105491941509098	-0.000524759927945336 - 0.0027421644936397	0.000833399087139041	0.203279901632615	mucus_D_0__Bacteria___D_1__Cyanobacteria___D_2__Oxyphotobacteria___D_3__Synechococcales___D_4__Cyanobiaceae___D_5__Synechococcus_CC9902	growth_rate_mm_per_year	FALSE
BM_Delta	-	lambda=1 delta=MLkappa=1	-28.7509726565065	-27.8938297993636	delta	delta : 1 (95% CI  0.271982757286619  -  NA )	0.113245857070027	0.000939521513361518	0.107464104526778	-0.00039095625639783 - 0.00226999928312087	0.000678815188652728	0.186588270117288	mucus_D_0__Bacteria___D_1__Cyanobacteria___D_2__Oxyphotobacteria___D_3__Synechococcales___D_4__Cyanobiaceae___D_5__Synechococcus_CC9902	growth_rate_mm_per_year	FALSE
