model_name	compartment	branch_length_transformation	AIC	AICc	estimated_parameter	parameter_value	R2	slope	intercept	x_trait_slope_95CI	x_trait_slope_stdev	p	x_trait	y_trait	best_model
BM	-	lambda=1 delta=1kappa=1	111.548471949983	112.070211080418	None	All parameters fixed	0.00436661952730089	-0.0155985721316631	4.20458731846319	-0.109833595832257 - 0.0786364515689307	0.0480790937247928	0.748419059521371	all_D_0__Bacteria___D_1__Spirochaetes___D_2__Spirochaetia___D_3__Spirochaetales___D_4__Spirochaetaceae___D_5__Spirochaeta_2	depth	FALSE
BM_Lambda	-	lambda=ML delta=1kappa=1	107.330659035566	107.852398166001	lambda	lambda : 1e-06 (95% CI  NA  -  0.993549682000707 )	0.032417684884498	-0.0595132004434558	4.28789669483808	-0.189595054790322 - 0.0705686539034106	0.0663682930341155	0.378780033487867	all_D_0__Bacteria___D_1__Spirochaetes___D_2__Spirochaetia___D_3__Spirochaetales___D_4__Spirochaetaceae___D_5__Spirochaeta_2	depth	FALSE
BM_Kappa	-	lambda=1 delta=1kappa=ML	104.258742893158	104.780482023593	kappa	kappa : 0.068454771908928 (95% CI  NA  -  0.733977531103262 )	0.00965635185245858	-0.0297811317528316	4.18912844299959	-0.150445228900544 - 0.0908829653948807	0.0615633148712818	0.632949296965241	all_D_0__Bacteria___D_1__Spirochaetes___D_2__Spirochaetia___D_3__Spirochaetales___D_4__Spirochaetaceae___D_5__Spirochaeta_2	depth	TRUE
BM_Delta	-	lambda=1 delta=MLkappa=1	111.548471949983	112.070211080418	delta	delta : 1 (95% CI  0.30288800490572  -  NA )	0.00436661952730089	-0.0155985721316631	4.20458731846319	-0.109833595832257 - 0.0786364515689307	0.0480790937247928	0.748419059521371	all_D_0__Bacteria___D_1__Spirochaetes___D_2__Spirochaetia___D_3__Spirochaetales___D_4__Spirochaetaceae___D_5__Spirochaeta_2	depth	FALSE
