model_name	compartment	branch_length_transformation	AIC	AICc	estimated_parameter	parameter_value	R2	slope	intercept	x_trait_slope_95CI	x_trait_slope_stdev	p	x_trait	y_trait	best_model
BM	-	lambda=1 delta=1kappa=1	111.613074486382	112.134813616817	None	All parameters fixed	0.00188968041792096	0.00789771118934062	4.1243656080782	-0.0647207079106935 - 0.0805161302893748	0.037050213826548	0.833000660976598	skeleton_D_0__Bacteria___D_1__Chloroflexi___D_2__Chloroflexia___D_3__Chloroflexales___D_4__Chloroflexaceae___D_5__Candidatus_Chlorothrix	depth	FALSE
BM_Lambda	-	lambda=ML delta=1kappa=1	107.890193440638	108.411932571072	lambda	lambda : 1e-06 (95% CI  NA  -  NA )	0.0113691011445203	0.0190533087588499	3.901131631893	-0.0520311859395907 - 0.0901378034572905	0.0362675993359391	0.604157758131997	skeleton_D_0__Bacteria___D_1__Chloroflexi___D_2__Chloroflexia___D_3__Chloroflexales___D_4__Chloroflexaceae___D_5__Candidatus_Chlorothrix	depth	FALSE
BM_Kappa	-	lambda=1 delta=1kappa=ML	104.322946020112	104.844685150547	kappa	kappa : 0.0422799246597431 (95% CI  NA  -  0.726494054827977 )	0.00726438499558513	0.0122545641951592	4.05576123257383	-0.0450600926720632 - 0.0695692210623815	0.0292421718710318	0.678890837854173	skeleton_D_0__Bacteria___D_1__Chloroflexi___D_2__Chloroflexia___D_3__Chloroflexales___D_4__Chloroflexaceae___D_5__Candidatus_Chlorothrix	depth	TRUE
BM_Delta	-	lambda=1 delta=MLkappa=1	111.613074486382	112.134813616817	delta	delta : 1 (95% CI  0.302862448553501  -  NA )	0.00188968041792096	0.00789771118934062	4.1243656080782	-0.0647207079106935 - 0.0805161302893748	0.037050213826548	0.833000660976598	skeleton_D_0__Bacteria___D_1__Chloroflexi___D_2__Chloroflexia___D_3__Chloroflexales___D_4__Chloroflexaceae___D_5__Candidatus_Chlorothrix	depth	FALSE
