model_name	compartment	branch_length_transformation	AIC	AICc	estimated_parameter	parameter_value	R2	slope	intercept	x_trait_slope_95CI	x_trait_slope_stdev	p	x_trait	y_trait	best_model
BM	-	lambda=1 delta=1kappa=1	265.928220311775	266.235912619467	None	All parameters fixed	6.5802646255738e-05	0.000548892017691924	3.61084179767754	-0.0204200742886751 - 0.0215178583240589	0.010698452197126	0.95933725312084	skeleton_D_0__Bacteria___D_1__Bacteroidetes___D_2__Bacteroidia___D_3__Cytophagales___D_4__Amoebophilaceae___D_5__Candidatus_Amoebophilus	perc_dis	FALSE
BM_Lambda	-	lambda=ML delta=1kappa=1	248.193149533317	248.500841841009	lambda	lambda : 1e-06 (95% CI  NA  -  0.250833182740987 )	0.00334062375790943	0.00455519902738313	2.94352343796268	-0.0198281316516723 - 0.0289385297064385	0.0124404748362528	0.716175596082632	skeleton_D_0__Bacteria___D_1__Bacteroidetes___D_2__Bacteroidia___D_3__Cytophagales___D_4__Amoebophilaceae___D_5__Candidatus_Amoebophilus	perc_dis	TRUE
BM_Kappa	-	lambda=1 delta=1kappa=ML	264.241299391638	264.548991699331	kappa	kappa : 0.598172064912431 (95% CI  0.0236394870462765  -  NA )	0.0019039506438465	0.00334927044529869	3.47450231338649	-0.0204155544223924 - 0.0271140953129898	0.0121249106467812	0.783793267360834	skeleton_D_0__Bacteria___D_1__Bacteroidetes___D_2__Bacteroidia___D_3__Cytophagales___D_4__Amoebophilaceae___D_5__Candidatus_Amoebophilus	perc_dis	FALSE
BM_Delta	-	lambda=1 delta=MLkappa=1	265.928220311775	266.235912619467	delta	delta : 1 (95% CI  0.383344250867091  -  NA )	6.5802646255738e-05	0.000548892017691924	3.61084179767754	-0.0204200742886751 - 0.0215178583240589	0.010698452197126	0.95933725312084	skeleton_D_0__Bacteria___D_1__Bacteroidetes___D_2__Bacteroidia___D_3__Cytophagales___D_4__Amoebophilaceae___D_5__Candidatus_Amoebophilus	perc_dis	FALSE
