model_name	compartment	branch_length_transformation	AIC	AICc	estimated_parameter	parameter_value	R2	slope	intercept	x_trait_slope_95CI	x_trait_slope_stdev	p	x_trait	y_trait	best_model
BM	-	lambda=1 delta=1kappa=1	-33.3144014179331	-32.5144014179331	None	All parameters fixed	0.146956519437361	-0.00203530914382576	0.136665744372881	-0.0044381091207954 - 0.000367490833143881	0.00122591835559676	0.11633567831051	skeleton_D_0__Bacteria___D_1__Spirochaetes___D_2__Spirochaetia___D_3__Spirochaetales___D_4__Spirochaetaceae___D_5__Spirochaeta_2	growth_rate_mm_per_year	FALSE
BM_Lambda	-	lambda=ML delta=1kappa=1	-38.861208458587	-38.061208458587	lambda	lambda : 0.146889579421674 (95% CI  NA  -  0.977662685356709 )	0.0511133180280806	-0.00154685314917893	0.146045100187218	-0.0048126209620774 - 0.00171891466371953	0.00166620806780534	0.367011532931285	skeleton_D_0__Bacteria___D_1__Spirochaetes___D_2__Spirochaetia___D_3__Spirochaetales___D_4__Spirochaetaceae___D_5__Spirochaeta_2	growth_rate_mm_per_year	TRUE
BM_Kappa	-	lambda=1 delta=1kappa=ML	-35.8946896223642	-35.0946896223642	kappa	kappa : 0.401324972362089 (95% CI  NA  -  NA )	0.0698824809782313	-0.00159592404846793	0.133880853112927	-0.00444886677916619 - 0.00125701868223032	0.00145558302586646	0.289125652233002	skeleton_D_0__Bacteria___D_1__Spirochaetes___D_2__Spirochaetia___D_3__Spirochaetales___D_4__Spirochaetaceae___D_5__Spirochaeta_2	growth_rate_mm_per_year	FALSE
BM_Delta	-	lambda=1 delta=MLkappa=1	-33.3144014179331	-32.5144014179331	delta	delta : 1 (95% CI  0.262056100478915  -  NA )	0.146956519437361	-0.00203530914382576	0.136665744372881	-0.0044381091207954 - 0.000367490833143881	0.00122591835559676	0.11633567831051	skeleton_D_0__Bacteria___D_1__Spirochaetes___D_2__Spirochaetia___D_3__Spirochaetales___D_4__Spirochaetaceae___D_5__Spirochaeta_2	growth_rate_mm_per_year	FALSE
