model_name	compartment	branch_length_transformation	AIC	AICc	estimated_parameter	parameter_value	R2	slope	intercept	x_trait_slope_95CI	x_trait_slope_stdev	p	x_trait	y_trait	best_model
BM	-	lambda=1 delta=1kappa=1	218.662152555758	219.049249329951	None	All parameters fixed	0.00522336670571748	-0.00746985024629228	4.27706278050845	-0.0431873053027511 - 0.0282476048101666	0.0182231913553361	0.68460402674787	skeleton_D_0__Bacteria___D_1__Acidobacteria___D_2__Thermoanaerobaculia___D_3__Thermoanaerobaculales___D_4__Thermoanaerobaculaceae___D_5__Subgroup_10	perc_dis	FALSE
BM_Lambda	-	lambda=ML delta=1kappa=1	202.923990865395	203.311087639589	lambda	lambda : 1e-06 (95% CI  NA  -  0.238298627918783 )	0.115007368032072	-0.11062417519108	5.07081497735353	-0.216949843954306 - -0.00429850642785348	0.0542477901853196	0.049756410042334	skeleton_D_0__Bacteria___D_1__Acidobacteria___D_2__Thermoanaerobaculia___D_3__Thermoanaerobaculales___D_4__Thermoanaerobaculaceae___D_5__Subgroup_10	perc_dis	TRUE
BM_Kappa	-	lambda=1 delta=1kappa=ML	218.457868761888	218.844965536081	kappa	kappa : 0.816281990090246 (95% CI  NA  -  NA )	0.00861692536819095	-0.0123912078907455	4.32012302070963	-0.0584422338136992 - 0.0336598180322082	0.0234954213892621	0.601561769030554	skeleton_D_0__Bacteria___D_1__Acidobacteria___D_2__Thermoanaerobaculia___D_3__Thermoanaerobaculales___D_4__Thermoanaerobaculaceae___D_5__Subgroup_10	perc_dis	FALSE
BM_Delta	-	lambda=1 delta=MLkappa=1	218.662152555758	219.049249329951	delta	delta : 1 (95% CI  0.334052997293304  -  NA )	0.00522336670571748	-0.00746985024629228	4.27706278050845	-0.0431873053027511 - 0.0282476048101666	0.0182231913553361	0.68460402674787	skeleton_D_0__Bacteria___D_1__Acidobacteria___D_2__Thermoanaerobaculia___D_3__Thermoanaerobaculales___D_4__Thermoanaerobaculaceae___D_5__Subgroup_10	perc_dis	FALSE
