model_name	compartment	branch_length_transformation	AIC	AICc	estimated_parameter	parameter_value	R2	slope	intercept	x_trait_slope_95CI	x_trait_slope_stdev	p	x_trait	y_trait	best_model
BM	-	lambda=1 delta=1kappa=1	257.634134526812	257.958458851137	None	All parameters fixed	0.000596672850215383	0.00510286244594588	3.56554546517958	-0.0612990200077562 - 0.0715047448996479	0.0338785114559704	0.881070310609751	tissue_D_0__Archaea___D_1__Thaumarchaeota___D_2__Nitrososphaeria___D_3__Nitrosopumilales___D_4__Nitrosopumilaceae___D_5__Candidatus_Nitrosopumilus	perc_dis	FALSE
BM_Lambda	-	lambda=ML delta=1kappa=1	237.914336025907	238.238660350232	lambda	lambda : 1e-06 (95% CI  NA  -  0.238190810340732 )	0.00084191315744836	0.00736184918169194	3.14984385881549	-0.0732752032867209 - 0.0879989016501048	0.0411413533002106	0.858935191013203	tissue_D_0__Archaea___D_1__Thaumarchaeota___D_2__Nitrososphaeria___D_3__Nitrosopumilales___D_4__Nitrosopumilaceae___D_5__Candidatus_Nitrosopumilus	perc_dis	TRUE
BM_Kappa	-	lambda=1 delta=1kappa=ML	254.744214321202	255.068538645526	kappa	kappa : 0.463898601063065 (95% CI  NA  -  NA )	0.0108609872153796	0.0250582090076399	3.2391078663995	-0.0509758743789853 - 0.101092292394265	0.0387928996870536	0.52219480069332	tissue_D_0__Archaea___D_1__Thaumarchaeota___D_2__Nitrososphaeria___D_3__Nitrosopumilales___D_4__Nitrosopumilaceae___D_5__Candidatus_Nitrosopumilus	perc_dis	FALSE
BM_Delta	-	lambda=1 delta=MLkappa=1	257.634134526812	257.958458851137	delta	delta : 1 (95% CI  0.387669881975346  -  NA )	0.000596672850215383	0.00510286244594588	3.56554546517958	-0.0612990200077562 - 0.0715047448996479	0.0338785114559704	0.881070310609751	tissue_D_0__Archaea___D_1__Thaumarchaeota___D_2__Nitrososphaeria___D_3__Nitrosopumilales___D_4__Nitrosopumilaceae___D_5__Candidatus_Nitrosopumilus	perc_dis	FALSE
