model_name	compartment	branch_length_transformation	AIC	AICc	estimated_parameter	parameter_value	R2	slope	intercept	x_trait_slope_95CI	x_trait_slope_stdev	p	x_trait	y_trait	best_model
BM	-	lambda=1 delta=1kappa=1	211.178619938648	211.578619938648	None	All parameters fixed	0.216103055508837	0.0326260127197407	3.74189987249538	0.0107515065325924 - 0.0545005189068889	0.0111604623403818	0.00641619507156133	skeleton_D_0__Bacteria___D_1__Firmicutes___D_2__Clostridia___D_3__Clostridiales___D_4__Clostridiaceae_4___D_5__Paramaledivibacter	perc_dis	FALSE
BM_Lambda	-	lambda=ML delta=1kappa=1	197.893942061368	198.293942061368	lambda	lambda : 1e-06 (95% CI  NA  -  0.437723739790145 )	0.105603631081689	0.0326884942816471	2.80028217303252	-0.000800008302962042 - 0.0661769968662563	0.0170859707064333	0.0650004566463056	skeleton_D_0__Bacteria___D_1__Firmicutes___D_2__Clostridia___D_3__Clostridiales___D_4__Clostridiaceae_4___D_5__Paramaledivibacter	perc_dis	TRUE
BM_Kappa	-	lambda=1 delta=1kappa=ML	209.420092830941	209.820092830941	kappa	kappa : 0.523558159535149 (95% CI  NA  -  NA )	0.187577315887544	0.0383473914527573	3.69105180982902	0.0102534991501171 - 0.0664412837553975	0.0143336185217552	0.0118141433010432	skeleton_D_0__Bacteria___D_1__Firmicutes___D_2__Clostridia___D_3__Clostridiales___D_4__Clostridiaceae_4___D_5__Paramaledivibacter	perc_dis	FALSE
BM_Delta	-	lambda=1 delta=MLkappa=1	211.178619938648	211.578619938648	delta	delta : 1 (95% CI  0.367286913953855  -  NA )	0.216103055508837	0.0326260127197407	3.74189987249538	0.0107515065325924 - 0.0545005189068889	0.0111604623403818	0.00641619507156133	skeleton_D_0__Bacteria___D_1__Firmicutes___D_2__Clostridia___D_3__Clostridiales___D_4__Clostridiaceae_4___D_5__Paramaledivibacter	perc_dis	FALSE
