model_name	compartment	branch_length_transformation	AIC	AICc	estimated_parameter	parameter_value	R2	slope	intercept	x_trait_slope_95CI	x_trait_slope_stdev	p	x_trait	y_trait	best_model
BM	-	lambda=1 delta=1kappa=1	-29.4560337080749	-28.532956784998	None	All parameters fixed	0.000579176838929423	-3.1435778719398e-05	0.1135403176391	-0.000715481105658965 - 0.000652609548220169	0.00034900271782631	0.929505043351266	tissue_D_0__Bacteria___D_1__Bacteroidetes___D_2__Bacteroidia___D_3__Flavobacteriales___D_4__Flavobacteriaceae___D_5__Maritimimonas	growth_rate_mm_per_year	FALSE
BM_Lambda	-	lambda=ML delta=1kappa=1	-40.8601630923968	-39.9370861693198	lambda	lambda : 0.413433848899714 (95% CI  NA  -  0.893821051987549 )	0.00153518649795377	5.58279591224555e-05	0.116793968260513	-0.000689984469903265 - 0.000801640388148176	0.000380516545421286	0.885447776122393	tissue_D_0__Bacteria___D_1__Bacteroidetes___D_2__Bacteroidia___D_3__Flavobacteriales___D_4__Flavobacteriaceae___D_5__Maritimimonas	growth_rate_mm_per_year	TRUE
BM_Kappa	-	lambda=1 delta=1kappa=ML	-40.2231184764869	-39.30004155341	kappa	kappa : 1e-06 (95% CI  NA  -  0.496976848001557 )	4.97173900586662e-05	-9.78008939462676e-06	0.118838590583706	-0.000736337473112698 - 0.000716777294323445	0.000370692542713302	0.979324008084749	tissue_D_0__Bacteria___D_1__Bacteroidetes___D_2__Bacteroidia___D_3__Flavobacteriales___D_4__Flavobacteriaceae___D_5__Maritimimonas	growth_rate_mm_per_year	FALSE
BM_Delta	-	lambda=1 delta=MLkappa=1	-29.4560337080749	-28.532956784998	delta	delta : 1 (95% CI  0.297289353499078  -  NA )	0.000579176838929423	-3.1435778719398e-05	0.1135403176391	-0.000715481105658965 - 0.000652609548220169	0.00034900271782631	0.929505043351266	tissue_D_0__Bacteria___D_1__Bacteroidetes___D_2__Bacteroidia___D_3__Flavobacteriales___D_4__Flavobacteriaceae___D_5__Maritimimonas	growth_rate_mm_per_year	FALSE
