model_name	compartment	branch_length_transformation	AIC	AICc	estimated_parameter	parameter_value	R2	slope	intercept	x_trait_slope_95CI	x_trait_slope_stdev	p	x_trait	y_trait	best_model
BM	-	lambda=1 delta=1kappa=1	103.703601255491	104.560744112634	None	All parameters fixed	0.00705285349842288	-2.01988727519988	6.16652774666005	-14.1486977476659 - 10.1089231972661	6.18816860840101	0.74862314755469	tissue_unweighted_unifrac_ordination_PC1	perc_dis	FALSE
BM_Lambda	-	lambda=ML delta=1kappa=1	100.501667847618	101.358810704761	lambda	lambda : 0.940789330511089 (95% CI  NA  -  NA )	0.00775013507804255	-2.05628168245781	6.04711462300135	-13.8309569033512 - 9.71839353843558	6.00748735759867	0.736884219362445	tissue_unweighted_unifrac_ordination_PC1	perc_dis	TRUE
BM_Kappa	-	lambda=1 delta=1kappa=ML	102.445529284304	103.302672141447	kappa	kappa : 0.706322450052742 (95% CI  0.137076179823985  -  NA )	0.0144495095137632	-2.97034748383594	6.34359802032553	-15.3848861733888 - 9.44419120571687	6.33394831099633	0.645843870394567	tissue_unweighted_unifrac_ordination_PC1	perc_dis	FALSE
BM_Delta	-	lambda=1 delta=MLkappa=1	103.703601255491	104.560744112634	delta	delta : 1 (95% CI  0.237329407349459  -  NA )	0.00705285349842288	-2.01988727519988	6.16652774666005	-14.1486977476659 - 10.1089231972661	6.18816860840101	0.74862314755469	tissue_unweighted_unifrac_ordination_PC1	perc_dis	FALSE
