model_name	compartment	branch_length_transformation	AIC	AICc	estimated_parameter	parameter_value	R2	slope	intercept	x_trait_slope_95CI	x_trait_slope_stdev	p	x_trait	y_trait	best_model
BM	-	lambda=1 delta=1kappa=1	111.661788271031	112.183527401466	None	All parameters fixed	1.78608550567616e-05	0.000162648907481644	4.14495635881245	-0.0152347229855004 - 0.0155600208004637	0.00785580198621533	0.983652709905139	tissue_D_0__Bacteria___D_1__Proteobacteria___D_2__Alphaproteobacteria___D_3__Rhizobiales___D_4__Beijerinckiaceae___D_5__Methylobacterium	depth	FALSE
BM_Lambda	-	lambda=ML delta=1kappa=1	108.174087408406	108.69582653884	lambda	lambda : 1e-06 (95% CI  NA  -  NA )	0.000515091967611711	0.00146940762397448	3.93475557607306	-0.0244269372993638 - 0.0273657525473127	0.0132124208792542	0.912371428847254	tissue_D_0__Bacteria___D_1__Proteobacteria___D_2__Alphaproteobacteria___D_3__Rhizobiales___D_4__Beijerinckiaceae___D_5__Methylobacterium	depth	FALSE
BM_Kappa	-	lambda=1 delta=1kappa=ML	104.335741489867	104.857480620302	kappa	kappa : 0.0678302608302695 (95% CI  NA  -  0.727795976173715 )	0.0067151430598869	0.00397722000655749	4.01875471886448	-0.0153753808049305 - 0.0233298208180455	0.00987377592422856	0.690656316833311	tissue_D_0__Bacteria___D_1__Proteobacteria___D_2__Alphaproteobacteria___D_3__Rhizobiales___D_4__Beijerinckiaceae___D_5__Methylobacterium	depth	TRUE
BM_Delta	-	lambda=1 delta=MLkappa=1	111.661788271031	112.183527401466	delta	delta : 1 (95% CI  0.302343791459109  -  NA )	1.78608550567616e-05	0.000162648907481644	4.14495635881245	-0.0152347229855004 - 0.0155600208004637	0.00785580198621533	0.983652709905139	tissue_D_0__Bacteria___D_1__Proteobacteria___D_2__Alphaproteobacteria___D_3__Rhizobiales___D_4__Beijerinckiaceae___D_5__Methylobacterium	depth	FALSE
