model_name	compartment	branch_length_transformation	AIC	AICc	estimated_parameter	parameter_value	R2	slope	intercept	x_trait_slope_95CI	x_trait_slope_stdev	p	x_trait	y_trait	best_model
BM	-	lambda=1 delta=1kappa=1	265.544719730356	265.852412038048	None	All parameters fixed	0.0091546100840653	-0.00796909623030074	3.99324972258272	-0.0336622944643076 - 0.0177241020037062	0.0131087746091872	0.54667638808478	skeleton_D_0__Bacteria___D_1__Proteobacteria___D_2__Gammaproteobacteria___D_3__Pseudomonadales___D_4__Pseudomonadaceae___D_5__Pseudomonas	perc_dis	FALSE
BM_Lambda	-	lambda=ML delta=1kappa=1	248.298838262104	248.606530569796	lambda	lambda : 1e-06 (95% CI  NA  -  0.242545974248389 )	0.000829473591515178	0.00187753861690601	3.04364886228855	-0.0183169788033129 - 0.022072056037125	0.0103033252143974	0.856325394806566	skeleton_D_0__Bacteria___D_1__Proteobacteria___D_2__Gammaproteobacteria___D_3__Pseudomonadales___D_4__Pseudomonadaceae___D_5__Pseudomonas	perc_dis	TRUE
BM_Kappa	-	lambda=1 delta=1kappa=ML	263.698073097358	264.00576540505	kappa	kappa : 0.587711573017714 (95% CI  0.0164127820661357  -  NA )	0.0148358879004215	-0.0092495548039683	3.98470969637099	-0.0326080265663957 - 0.0141089169584591	0.0119175876338915	0.442239483614956	skeleton_D_0__Bacteria___D_1__Proteobacteria___D_2__Gammaproteobacteria___D_3__Pseudomonadales___D_4__Pseudomonadaceae___D_5__Pseudomonas	perc_dis	FALSE
BM_Delta	-	lambda=1 delta=MLkappa=1	265.544719730356	265.852412038048	delta	delta : 1 (95% CI  0.380926165310823  -  NA )	0.0091546100840653	-0.00796909623030074	3.99324972258272	-0.0336622944643076 - 0.0177241020037062	0.0131087746091872	0.54667638808478	skeleton_D_0__Bacteria___D_1__Proteobacteria___D_2__Gammaproteobacteria___D_3__Pseudomonadales___D_4__Pseudomonadaceae___D_5__Pseudomonas	perc_dis	FALSE
