model_name	compartment	branch_length_transformation	AIC	AICc	estimated_parameter	parameter_value	R2	slope	intercept	x_trait_slope_95CI	x_trait_slope_stdev	p	x_trait	y_trait	best_model
BM	-	lambda=1 delta=1kappa=1	257.633772953869	257.958097278194	None	All parameters fixed	0.000605706739439608	-0.00288091666165985	3.82133079733045	-0.0400885629569 - 0.0343267296335803	0.0189834930077756	0.880179847425191	tissue_D_0__Bacteria___D_1__Proteobacteria___D_2__Alphaproteobacteria___D_3__Rickettsiales___D_4__Midichloriaceae___D_5__MD3_55	perc_dis	FALSE
BM_Lambda	-	lambda=ML delta=1kappa=1	237.882253957369	238.206578281693	lambda	lambda : 1e-06 (95% CI  NA  -  0.242545927926044 )	0.00164296832623914	-0.0018819000737103	3.27800333146747	-0.0166318035185942 - 0.0128680033711736	0.0075254609412673	0.803879427116742	tissue_D_0__Bacteria___D_1__Proteobacteria___D_2__Alphaproteobacteria___D_3__Rickettsiales___D_4__Midichloriaceae___D_5__MD3_55	perc_dis	TRUE
BM_Kappa	-	lambda=1 delta=1kappa=ML	255.105215603352	255.429539927676	kappa	kappa : 0.508819142732241 (95% CI  NA  -  NA )	0.00124762743975828	-0.00264772891797469	3.81616193148236	-0.0264667684304154 - 0.021171310594466	0.0121525711798167	0.828693068904542	tissue_D_0__Bacteria___D_1__Proteobacteria___D_2__Alphaproteobacteria___D_3__Rickettsiales___D_4__Midichloriaceae___D_5__MD3_55	perc_dis	FALSE
BM_Delta	-	lambda=1 delta=MLkappa=1	257.633772953869	257.958097278194	delta	delta : 1 (95% CI  0.388006820767757  -  NA )	0.000605706739439608	-0.00288091666165985	3.82133079733045	-0.0400885629569 - 0.0343267296335803	0.0189834930077756	0.880179847425191	tissue_D_0__Bacteria___D_1__Proteobacteria___D_2__Alphaproteobacteria___D_3__Rickettsiales___D_4__Midichloriaceae___D_5__MD3_55	perc_dis	FALSE
