model_name	compartment	branch_length_transformation	AIC	AICc	estimated_parameter	parameter_value	R2	slope	intercept	x_trait_slope_95CI	x_trait_slope_stdev	p	x_trait	y_trait	best_model
BM	-	lambda=1 delta=1kappa=1	248.480112196366	248.80443652069	None	All parameters fixed	0.181167540172466	0.00095073521539269	2.09046051223548	0.000308075340737373 - 0.00159339509004801	0.000327887691150672	0.00617788402157071	Tissue_enriched_Endozoicomonas_ASV_count	perc_dis	FALSE
BM_Lambda	-	lambda=ML delta=1kappa=1	223.564898824039	223.889223148363	lambda	lambda : 1e-06 (95% CI  NA  -  0.195762138643005 )	0.309697748004995	0.00102014185503874	2.01760830993289	0.00053588535268781 - 0.00150439835738967	0.000247069644056596	0.000192244146294929	Tissue_enriched_Endozoicomonas_ASV_count	perc_dis	TRUE
BM_Kappa	-	lambda=1 delta=1kappa=ML	242.150454790511	242.474779114835	kappa	kappa : 0.18000843939807 (95% CI  NA  -  0.81005004861499 )	0.296211187193342	0.00103720880016901	1.75733994511497	0.000528872741772964 - 0.00154554485856506	0.000259355131834718	0.000283075405393074	Tissue_enriched_Endozoicomonas_ASV_count	perc_dis	FALSE
BM_Delta	-	lambda=1 delta=MLkappa=1	248.480112196366	248.80443652069	delta	delta : 1 (95% CI  0.402355597810983  -  NA )	0.181167540172466	0.00095073521539269	2.09046051223548	0.000308075340737373 - 0.00159339509004801	0.000327887691150672	0.00617788402157071	Tissue_enriched_Endozoicomonas_ASV_count	perc_dis	FALSE
