model_name	compartment	branch_length_transformation	AIC	AICc	estimated_parameter	parameter_value	R2	slope	intercept	x_trait_slope_95CI	x_trait_slope_stdev	p	x_trait	y_trait	best_model
BM	-	lambda=1 delta=1kappa=1	-23.9208637744818	-23.6351494887675	None	All parameters fixed	0.000124191766958103	-0.000544616987632826	0.17799741127417	-0.0151508980932285 - 0.0140616641179629	0.00745218423754883	0.942080140199763	mucus_D_0__Bacteria___D_1__Tenericutes___D_2__Mollicutes___D_3__Entomoplasmatales___D_4__Spiroplasmataceae___D_5__Spiroplasma	dominance_all	FALSE
BM_Lambda	-	lambda=ML delta=1kappa=1	-75.0957720096173	-74.8100577239031	lambda	lambda : 1e-06 (95% CI  NA  -  0.291123580200642 )	0.000395536970221297	0.000641695893411827	0.168888322308419	-0.00900040464414962 - 0.0102837964309733	0.00491943904977625	0.896825970390183	mucus_D_0__Bacteria___D_1__Tenericutes___D_2__Mollicutes___D_3__Entomoplasmatales___D_4__Spiroplasmataceae___D_5__Spiroplasma	dominance_all	TRUE
BM_Kappa	-	lambda=1 delta=1kappa=ML	-55.575599644527	-55.2898853588127	kappa	kappa : 1e-06 (95% CI  NA  -  0.298544016384627 )	0.000503654526930064	0.000768693027293783	0.206748791303242	-0.00946657027986666 - 0.0110039563344542	0.00522207311589818	0.883661605512708	mucus_D_0__Bacteria___D_1__Tenericutes___D_2__Mollicutes___D_3__Entomoplasmatales___D_4__Spiroplasmataceae___D_5__Spiroplasma	dominance_all	FALSE
BM_Delta	-	lambda=1 delta=MLkappa=1	-23.9208637744818	-23.6351494887675	delta	delta : 1 (95% CI  0.464859329975216  -  NA )	0.000124191766958103	-0.000544616987632826	0.17799741127417	-0.0151508980932285 - 0.0140616641179629	0.00745218423754883	0.942080140199763	mucus_D_0__Bacteria___D_1__Tenericutes___D_2__Mollicutes___D_3__Entomoplasmatales___D_4__Spiroplasmataceae___D_5__Spiroplasma	dominance_all	FALSE
