model_name	compartment	branch_length_transformation	AIC	AICc	estimated_parameter	parameter_value	R2	slope	intercept	x_trait_slope_95CI	x_trait_slope_stdev	p	x_trait	y_trait	best_model
BM	-	lambda=1 delta=1kappa=1	109.837727360598	110.359466491033	None	All parameters fixed	0.0677684490022109	-0.00417737125610183	4.41362152208294	-0.0103760859856958 - 0.00202134347349219	0.00316260955591532	0.199004119045236	all_D_0__Bacteria___D_1__Proteobacteria___D_2__Gammaproteobacteria___D_3__Oceanospirillales___D_4__Endozoicomonadaceae___D_5__Endozoicomonas	depth	FALSE
BM_Lambda	-	lambda=ML delta=1kappa=1	103.935040243849	104.456779374284	lambda	lambda : 1e-06 (95% CI  NA  -  0.914951784810004 )	0.150880628629076	-0.00950011040950526	4.51631654237738	-0.0185167920327049 - -0.000483428786305607	0.0046003477669386	0.049878565672056	all_D_0__Bacteria___D_1__Proteobacteria___D_2__Gammaproteobacteria___D_3__Oceanospirillales___D_4__Endozoicomonadaceae___D_5__Endozoicomonas	depth	FALSE
BM_Kappa	-	lambda=1 delta=1kappa=ML	100.456039393005	100.97777852344	kappa	kappa : 1e-06 (95% CI  NA  -  0.612726841583925 )	0.145366373994458	-0.00683913141227182	4.65615344026229	-0.0134736498991154 - -0.000204612925428195	0.00338495841165491	0.0546314923028945	all_D_0__Bacteria___D_1__Proteobacteria___D_2__Gammaproteobacteria___D_3__Oceanospirillales___D_4__Endozoicomonadaceae___D_5__Endozoicomonas	depth	TRUE
BM_Delta	-	lambda=1 delta=MLkappa=1	109.837727360598	110.359466491033	delta	delta : 1 (95% CI  0.307019703807876  -  NA )	0.0677684490022109	-0.00417737125610183	4.41362152208294	-0.0103760859856958 - 0.00202134347349219	0.00316260955591532	0.199004119045236	all_D_0__Bacteria___D_1__Proteobacteria___D_2__Gammaproteobacteria___D_3__Oceanospirillales___D_4__Endozoicomonadaceae___D_5__Endozoicomonas	depth	FALSE
