model_name	compartment	branch_length_transformation	AIC	AICc	estimated_parameter	parameter_value	R2	slope	intercept	x_trait_slope_95CI	x_trait_slope_stdev	p	x_trait	y_trait	best_model
BM	-	lambda=1 delta=1kappa=1	-67.7600052421936	-67.4872779694664	None	All parameters fixed	0.240574385241042	0.000288872160186752	0.168241570932882	0.000138912850713235 - 0.000438831469660269	7.65098517722026e-05	0.000465256024441807	skeleton_D_0__Bacteria___D_1__Bacteroidetes___D_2__Bacteroidia___D_3__Bacteroidales___D_4__Rikenellaceae___D_5__Rikenellaceae_RC9_gut_group	dominance_all	FALSE
BM_Lambda	-	lambda=ML delta=1kappa=1	-96.4663192153301	-96.1935919426028	lambda	lambda : 1e-06 (95% CI  NA  -  0.608473535552001 )	0.093396909355113	0.000209643425729829	0.148952300046576	1.8801668245214e-05 - 0.000400485183214444	9.73682436145995e-05	0.0367076498944345	skeleton_D_0__Bacteria___D_1__Bacteroidetes___D_2__Bacteroidia___D_3__Bacteroidales___D_4__Rikenellaceae___D_5__Rikenellaceae_RC9_gut_group	dominance_all	TRUE
BM_Kappa	-	lambda=1 delta=1kappa=ML	-78.4049688696494	-78.1322415969221	kappa	kappa : 0.343203012044382 (95% CI  NA  -  0.733411818279893 )	0.19652816878636	0.000284874150631569	0.187652913259007	0.000116577380305546 - 0.000453170920957593	8.58656991459303e-05	0.00180321213233059	skeleton_D_0__Bacteria___D_1__Bacteroidetes___D_2__Bacteroidia___D_3__Bacteroidales___D_4__Rikenellaceae___D_5__Rikenellaceae_RC9_gut_group	dominance_all	FALSE
BM_Delta	-	lambda=1 delta=MLkappa=1	-67.7600052421936	-67.4872779694664	delta	delta : 1 (95% CI  0.41589954902631  -  NA )	0.240574385241042	0.000288872160186752	0.168241570932882	0.000138912850713235 - 0.000438831469660269	7.65098517722026e-05	0.000465256024441807	skeleton_D_0__Bacteria___D_1__Bacteroidetes___D_2__Bacteroidia___D_3__Bacteroidales___D_4__Rikenellaceae___D_5__Rikenellaceae_RC9_gut_group	dominance_all	FALSE
