model_name	compartment	branch_length_transformation	AIC	AICc	estimated_parameter	parameter_value	R2	slope	intercept	x_trait_slope_95CI	x_trait_slope_stdev	p	x_trait	y_trait	best_model
BM	-	lambda=1 delta=1kappa=1	-30.9175102559751	-30.1175102559751	None	All parameters fixed	0.0254545667280332	-0.000257369481727295	0.132699084066779	-0.00103768693135454 - 0.000522947967899951	0.000398121147769003	0.527146454999386	skeleton_D_0__Bacteria___D_1__Bacteroidetes___D_2__Bacteroidia___D_3__Cytophagales___D_4__Cyclobacteriaceae___D_5__uncultured	growth_rate_mm_per_year	FALSE
BM_Lambda	-	lambda=ML delta=1kappa=1	-38.2455575964812	-37.4455575964812	lambda	lambda : 1e-06 (95% CI  NA  -  0.942515107866794 )	0.000735951454704237	-6.19382580616381e-05	0.139916302314831	-0.00118026990403841 - 0.00105639338791513	0.000570577370396312	0.914906232666644	skeleton_D_0__Bacteria___D_1__Bacteroidetes___D_2__Bacteroidia___D_3__Cytophagales___D_4__Cyclobacteriaceae___D_5__uncultured	growth_rate_mm_per_year	TRUE
BM_Kappa	-	lambda=1 delta=1kappa=ML	-35.1214726626022	-34.3214726626022	kappa	kappa : 0.256774430882958 (95% CI  NA  -  0.965841135930382 )	0.0191164268009221	-0.000250581886054418	0.132419461397375	-0.00113011283373494 - 0.000628949061626101	0.000448740279428836	0.584293861480604	skeleton_D_0__Bacteria___D_1__Bacteroidetes___D_2__Bacteroidia___D_3__Cytophagales___D_4__Cyclobacteriaceae___D_5__uncultured	growth_rate_mm_per_year	FALSE
BM_Delta	-	lambda=1 delta=MLkappa=1	-30.9175102559751	-30.1175102559751	delta	delta : 1 (95% CI  0.27505715537226  -  NA )	0.0254545667280332	-0.000257369481727295	0.132699084066779	-0.00103768693135454 - 0.000522947967899951	0.000398121147769003	0.527146454999386	skeleton_D_0__Bacteria___D_1__Bacteroidetes___D_2__Bacteroidia___D_3__Cytophagales___D_4__Cyclobacteriaceae___D_5__uncultured	growth_rate_mm_per_year	FALSE
