model_name	compartment	branch_length_transformation	AIC	AICc	estimated_parameter	parameter_value	R2	slope	intercept	x_trait_slope_95CI	x_trait_slope_stdev	p	x_trait	y_trait	best_model
BM	-	lambda=1 delta=1kappa=1	542.499508255068	542.785222540782	None	All parameters fixed	0.0401099608172462	-1.22798887334773	154.425149327731	-3.02355291251618 - 0.567575165820716	0.916104101616556	0.187139679436307	all_D_0__Bacteria___D_1__Proteobacteria___D_2__Gammaproteobacteria___D_3__Vibrionales___D_4__Vibrionaceae___D_5__Vibrio	observed_features_all	FALSE
BM_Lambda	-	lambda=ML delta=1kappa=1	519.215448548337	519.501162834051	lambda	lambda : 1e-06 (95% CI  NA  -  0.507150507123016 )	0.00233352871112952	0.524600808388772	144.598800943792	-2.71757762990343 - 3.76677924668098	1.65417267259806	0.752673740325269	all_D_0__Bacteria___D_1__Proteobacteria___D_2__Gammaproteobacteria___D_3__Vibrionales___D_4__Vibrionaceae___D_5__Vibrio	observed_features_all	TRUE
BM_Kappa	-	lambda=1 delta=1kappa=ML	533.04529125767	533.331005543385	kappa	kappa : 0.227554976395355 (95% CI  NA  -  0.741794430896776 )	0.00292987450276749	-0.47744147442286	141.640638770251	-3.11001390600944 - 2.15513095716372	1.34314919978907	0.723979704552058	all_D_0__Bacteria___D_1__Proteobacteria___D_2__Gammaproteobacteria___D_3__Vibrionales___D_4__Vibrionaceae___D_5__Vibrio	observed_features_all	FALSE
BM_Delta	-	lambda=1 delta=MLkappa=1	542.499508255068	542.785222540782	delta	delta : 1 (95% CI  0.409636366917532  -  NA )	0.0401099608172462	-1.22798887334773	154.425149327731	-3.02355291251618 - 0.567575165820716	0.916104101616556	0.187139679436307	all_D_0__Bacteria___D_1__Proteobacteria___D_2__Gammaproteobacteria___D_3__Vibrionales___D_4__Vibrionaceae___D_5__Vibrio	observed_features_all	FALSE
