model_name	compartment	branch_length_transformation	AIC	AICc	estimated_parameter	parameter_value	R2	slope	intercept	x_trait_slope_95CI	x_trait_slope_stdev	p	x_trait	y_trait	best_model
BM	-	lambda=1 delta=1kappa=1	-32.7006217279354	-31.9006217279354	None	All parameters fixed	0.117367083066674	-0.0135812421276482	0.128264038032612	-0.0318308054208534 - 0.004668321165557	0.00931100168020673	0.164020366317843	all_D_0__Bacteria___D_1__Tenericutes___D_2__Mollicutes___D_3__Mycoplasmatales___D_4__Mycoplasmataceae___D_5__Mycoplasma	growth_rate_mm_per_year	FALSE
BM_Lambda	-	lambda=ML delta=1kappa=1	-38.9410998506855	-38.1410998506855	lambda	lambda : 0.0507834367756677 (95% CI  NA  -  0.965929403208327 )	0.0440261482908318	-0.0140446183678919	0.141248170454551	-0.0461127519030145 - 0.0180235151672307	0.0163612926199605	0.403345512458081	all_D_0__Bacteria___D_1__Tenericutes___D_2__Mollicutes___D_3__Mycoplasmatales___D_4__Mycoplasmataceae___D_5__Mycoplasma	growth_rate_mm_per_year	TRUE
BM_Kappa	-	lambda=1 delta=1kappa=ML	-35.808990549914	-35.008990549914	kappa	kappa : 0.357140123836876 (95% CI  NA  -  NA )	0.0606972397268063	-0.0124225645624912	0.127330585576409	-0.0363681616708198 - 0.0115230325458373	0.0122171413818003	0.324371892360087	all_D_0__Bacteria___D_1__Tenericutes___D_2__Mollicutes___D_3__Mycoplasmatales___D_4__Mycoplasmataceae___D_5__Mycoplasma	growth_rate_mm_per_year	FALSE
BM_Delta	-	lambda=1 delta=MLkappa=1	-32.7006217279354	-31.9006217279354	delta	delta : 1 (95% CI  0.268361523189458  -  NA )	0.117367083066674	-0.0135812421276482	0.128264038032612	-0.0318308054208534 - 0.004668321165557	0.00931100168020673	0.164020366317843	all_D_0__Bacteria___D_1__Tenericutes___D_2__Mollicutes___D_3__Mycoplasmatales___D_4__Mycoplasmataceae___D_5__Mycoplasma	growth_rate_mm_per_year	FALSE
