model_name	compartment	branch_length_transformation	AIC	AICc	estimated_parameter	parameter_value	R2	slope	intercept	x_trait_slope_95CI	x_trait_slope_stdev	p	x_trait	y_trait	best_model
BM	-	lambda=1 delta=1kappa=1	73.551423775592	74.751423775592	None	All parameters fixed	0.00237795179400141	1.37124015349989	0.258826942040503	-15.2267211243361 - 17.9692014313358	8.46834759073263	0.874300638449871	gini_index_tissue	perc_dis	FALSE
BM_Lambda	-	lambda=ML delta=1kappa=1	47.7907242791912	48.9907242791912	lambda	lambda : 1e-06 (95% CI  NA  -  0.487937284737627 )	0.0237001850312765	-3.9475272220231	5.03788286130475	-18.9202435838812 - 11.025189139835	7.63914100094802	0.61556084600848	gini_index_tissue	perc_dis	TRUE
BM_Kappa	-	lambda=1 delta=1kappa=ML	55.8596036455762	57.0596036455762	kappa	kappa : 1e-06 (95% CI  NA  -  0.247681592334311 )	0.0133476763652604	-3.09579305465412	4.29311953826076	-18.8251470992373 - 12.633560989929	8.02518063499141	0.707030596806913	gini_index_tissue	perc_dis	FALSE
BM_Delta	-	lambda=1 delta=MLkappa=1	73.551423775592	74.751423775592	delta	delta : 1 (95% CI  0.266281101607352  -  NA )	0.00237795179400141	1.37124015349989	0.258826942040503	-15.2267211243361 - 17.9692014313358	8.46834759073263	0.874300638449871	gini_index_tissue	perc_dis	FALSE
