model_name	compartment	branch_length_transformation	AIC	AICc	estimated_parameter	parameter_value	R2	slope	intercept	x_trait_slope_95CI	x_trait_slope_stdev	p	x_trait	y_trait	best_model
BM	-	lambda=1 delta=1kappa=1	-30.7062189276081	-29.7831420045312	None	All parameters fixed	0.0756975377872674	-0.00126730772226991	0.121198925539097	-0.00358705307309451 - 0.0010524376285547	0.00118354354633908	0.302384400693545	all_D_0__Bacteria___D_1__Proteobacteria___D_2__Gammaproteobacteria___D_3__Vibrionales___D_4__Vibrionaceae___D_5__Vibrio	growth_rate_mm_per_year	FALSE
BM_Lambda	-	lambda=ML delta=1kappa=1	-42.4897620138333	-41.5666850907564	lambda	lambda : 0.443970873032583 (95% CI  NA  -  0.896126715552385 )	0.0985605725270468	-0.0018920887233847	0.129584789532692	-0.00488952677903806 - 0.00110534933226866	0.00152930513043539	0.236355910583391	all_D_0__Bacteria___D_1__Proteobacteria___D_2__Gammaproteobacteria___D_3__Vibrionales___D_4__Vibrionaceae___D_5__Vibrio	growth_rate_mm_per_year	TRUE
BM_Kappa	-	lambda=1 delta=1kappa=ML	-41.0333139126273	-40.1102369895504	kappa	kappa : 1e-06 (95% CI  NA  -  0.523419248242143 )	0.0494237823670742	-0.00126421533171928	0.126854014441115	-0.00416849603567028 - 0.00164006537223171	0.00148177586936275	0.407922225208777	all_D_0__Bacteria___D_1__Proteobacteria___D_2__Gammaproteobacteria___D_3__Vibrionales___D_4__Vibrionaceae___D_5__Vibrio	growth_rate_mm_per_year	FALSE
BM_Delta	-	lambda=1 delta=MLkappa=1	-30.7062189276081	-29.7831420045312	delta	delta : 1 (95% CI  0.298177826066556  -  NA )	0.0756975377872674	-0.00126730772226991	0.121198925539097	-0.00358705307309451 - 0.0010524376285547	0.00118354354633908	0.302384400693545	all_D_0__Bacteria___D_1__Proteobacteria___D_2__Gammaproteobacteria___D_3__Vibrionales___D_4__Vibrionaceae___D_5__Vibrio	growth_rate_mm_per_year	FALSE
