model_name	compartment	branch_length_transformation	AIC	AICc	estimated_parameter	parameter_value	R2	slope	intercept	x_trait_slope_95CI	x_trait_slope_stdev	p	x_trait	y_trait	best_model
BM	-	lambda=1 delta=1kappa=1	257.136176304983	257.460500629307	None	All parameters fixed	0.00204561564507786	0.0151521754836677	3.53972283275789	-0.0912578608441038 - 0.121562211811439	0.0542908348611079	0.781687054642472	all_D_0__Bacteria___D_1__Proteobacteria___D_2__Gammaproteobacteria___D_3__Vibrionales___D_4__Vibrionaceae___D_5__Vibrio	perc_dis	FALSE
BM_Lambda	-	lambda=ML delta=1kappa=1	238.281608961721	238.605933286045	lambda	lambda : 1e-06 (95% CI  NA  -  0.244397399308059 )	0.00386642099124303	-0.0396491902596274	3.367831044052	-0.241999007015255 - 0.162700626496001	0.103239702426341	0.703082195182556	all_D_0__Bacteria___D_1__Proteobacteria___D_2__Gammaproteobacteria___D_3__Vibrionales___D_4__Vibrionaceae___D_5__Vibrio	perc_dis	TRUE
BM_Kappa	-	lambda=1 delta=1kappa=ML	254.773324762543	255.097649086867	kappa	kappa : 0.513624122794018 (95% CI  NA  -  NA )	0.00115611767320282	0.0157462356758566	3.51329177073955	-0.1314134350005 - 0.162905906352213	0.0750814646307942	0.835005014132938	all_D_0__Bacteria___D_1__Proteobacteria___D_2__Gammaproteobacteria___D_3__Vibrionales___D_4__Vibrionaceae___D_5__Vibrio	perc_dis	FALSE
BM_Delta	-	lambda=1 delta=MLkappa=1	257.136176304983	257.460500629307	delta	delta : 1 (95% CI  0.384108291432009  -  NA )	0.00204561564507786	0.0151521754836677	3.53972283275789	-0.0912578608441038 - 0.121562211811439	0.0542908348611079	0.781687054642472	all_D_0__Bacteria___D_1__Proteobacteria___D_2__Gammaproteobacteria___D_3__Vibrionales___D_4__Vibrionaceae___D_5__Vibrio	perc_dis	FALSE
