model_name	compartment	branch_length_transformation	AIC	AICc	estimated_parameter	parameter_value	R2	slope	intercept	x_trait_slope_95CI	x_trait_slope_stdev	p	x_trait	y_trait	best_model
BM	-	lambda=1 delta=1kappa=1	257.657056124943	257.981380449267	None	All parameters fixed	2.38106935650878e-05	-0.000119461614564871	3.64128964719892	-0.0079034371038672 - 0.00766451387473746	0.00397141606597058	0.976160399699126	tissue_D_0__Bacteria___D_1__Proteobacteria___D_2__Gammaproteobacteria___D_3__Enterobacteriales___D_4__Enterobacteriaceae___D_5__Pantoea	perc_dis	FALSE
BM_Lambda	-	lambda=ML delta=1kappa=1	237.38767252992	237.711996854244	lambda	lambda : 1e-06 (95% CI  NA  -  0.226826147223528 )	0.0139111877549977	-0.0118251294588116	3.33670527425123	-0.0434804041643472 - 0.0198301452467241	0.0161506503599672	0.468552777186028	tissue_D_0__Bacteria___D_1__Proteobacteria___D_2__Gammaproteobacteria___D_3__Enterobacteriales___D_4__Enterobacteriaceae___D_5__Pantoea	perc_dis	TRUE
BM_Kappa	-	lambda=1 delta=1kappa=ML	255.14674477198	255.471069096304	kappa	kappa : 0.510728043535609 (95% CI  NA  -  NA )	0.000207551758039594	-0.000723290898951803	3.60393362338446	-0.0166846177625192 - 0.0152380359646156	0.00814353411406501	0.929693156356746	tissue_D_0__Bacteria___D_1__Proteobacteria___D_2__Gammaproteobacteria___D_3__Enterobacteriales___D_4__Enterobacteriaceae___D_5__Pantoea	perc_dis	FALSE
BM_Delta	-	lambda=1 delta=MLkappa=1	257.657056124943	257.981380449267	delta	delta : 1 (95% CI  0.387482481275996  -  NA )	2.38106935650878e-05	-0.000119461614564871	3.64128964719892	-0.0079034371038672 - 0.00766451387473746	0.00397141606597058	0.976160399699126	tissue_D_0__Bacteria___D_1__Proteobacteria___D_2__Gammaproteobacteria___D_3__Enterobacteriales___D_4__Enterobacteriaceae___D_5__Pantoea	perc_dis	FALSE
