model_name	compartment	branch_length_transformation	AIC	AICc	estimated_parameter	parameter_value	R2	slope	intercept	x_trait_slope_95CI	x_trait_slope_stdev	p	x_trait	y_trait	best_model
BM	-	lambda=1 delta=1kappa=1	497.398696258291	497.706388565983	None	All parameters fixed	0.0658707750507318	-0.352846771583378	158.789422666509	-0.76463062832845 - 0.0589370851616947	0.210093804461772	0.10085578373267	all_D_0__Bacteria___D_1__Spirochaetes___D_2__Spirochaetia___D_3__Spirochaetales___D_4__Spirochaetaceae___D_5__Spirochaeta_2	observed_features_all	FALSE
BM_Lambda	-	lambda=ML delta=1kappa=1	477.78372995783	478.091422265522	lambda	lambda : 1e-06 (95% CI  NA  -  0.79854874595365 )	0.0684628491363944	-0.445991747602029	162.486232116926	-0.955821884868555 - 0.0638383896644974	0.260117416972718	0.0941619225391421	all_D_0__Bacteria___D_1__Spirochaetes___D_2__Spirochaetia___D_3__Spirochaetales___D_4__Spirochaetaceae___D_5__Spirochaeta_2	observed_features_all	TRUE
BM_Kappa	-	lambda=1 delta=1kappa=ML	486.412296718556	486.719989026248	kappa	kappa : 0.25256290328651 (95% CI  NA  -  0.700202560963557 )	0.0745413356822778	-0.403826611853173	148.184862036386	-0.844788381243271 - 0.037135157536925	0.224980494586785	0.080222189113949	all_D_0__Bacteria___D_1__Spirochaetes___D_2__Spirochaetia___D_3__Spirochaetales___D_4__Spirochaetaceae___D_5__Spirochaeta_2	observed_features_all	FALSE
BM_Delta	-	lambda=1 delta=MLkappa=1	497.398696258291	497.706388565983	delta	delta : 1 (95% CI  0.402554425491682  -  NA )	0.0658707750507318	-0.352846771583378	158.789422666509	-0.76463062832845 - 0.0589370851616947	0.210093804461772	0.10085578373267	all_D_0__Bacteria___D_1__Spirochaetes___D_2__Spirochaetia___D_3__Spirochaetales___D_4__Spirochaetaceae___D_5__Spirochaeta_2	observed_features_all	FALSE
