model_name	compartment	branch_length_transformation	AIC	AICc	estimated_parameter	parameter_value	R2	slope	intercept	x_trait_slope_95CI	x_trait_slope_stdev	p	x_trait	y_trait	best_model
BM	-	lambda=1 delta=1kappa=1	272.710333412419	273.003016339248	None	All parameters fixed	0.0650725830887264	0.041001926646953	3.4120084654333	-0.0060010773663584 - 0.0880049306602644	0.0239811244965874	0.0946900628263534	all_D_0__Bacteria___D_1__Proteobacteria___D_2__Alphaproteobacteria___D_3__Rhizobiales___D_4__Stappiaceae___D_5__Pseudovibrio	perc_dis	FALSE
BM_Lambda	-	lambda=ML delta=1kappa=1	256.551219906987	256.843902833817	lambda	lambda : 1e-06 (95% CI  NA  -  0.286419491736972 )	0.0424084117461873	0.0365570169091643	2.77857647129813	-0.0159801117172741 - 0.0890941455356027	0.0268046574624685	0.179885964816539	all_D_0__Bacteria___D_1__Proteobacteria___D_2__Alphaproteobacteria___D_3__Rhizobiales___D_4__Stappiaceae___D_5__Pseudovibrio	perc_dis	TRUE
BM_Kappa	-	lambda=1 delta=1kappa=ML	271.09427798832	271.386960915149	kappa	kappa : 0.645123591150397 (95% CI  0.109302231136551  -  NA )	0.0686734864611309	0.0438665805245314	3.38921606042278	-0.00498983976766786 - 0.0927230008167307	0.0249267450470404	0.085720576360746	all_D_0__Bacteria___D_1__Proteobacteria___D_2__Alphaproteobacteria___D_3__Rhizobiales___D_4__Stappiaceae___D_5__Pseudovibrio	perc_dis	FALSE
BM_Delta	-	lambda=1 delta=MLkappa=1	272.710333412419	273.003016339248	delta	delta : 1 (95% CI  0.383053276356923  -  NA )	0.0650725830887264	0.041001926646953	3.4120084654333	-0.0060010773663584 - 0.0880049306602644	0.0239811244965874	0.0946900628263534	all_D_0__Bacteria___D_1__Proteobacteria___D_2__Alphaproteobacteria___D_3__Rhizobiales___D_4__Stappiaceae___D_5__Pseudovibrio	perc_dis	FALSE
