model_name	compartment	branch_length_transformation	AIC	AICc	estimated_parameter	parameter_value	R2	slope	intercept	x_trait_slope_95CI	x_trait_slope_stdev	p	x_trait	y_trait	best_model
BM	-	lambda=1 delta=1kappa=1	-67.0140134590515	-66.7282991733372	None	All parameters fixed	0.043331888248211	0.000107937254817621	0.174831306669278	-4.36525709393029e-05 - 0.000259527080574545	7.73417478351653e-05	0.170003912224264	tissue_D_0__Bacteria___D_1__Proteobacteria___D_2__Gammaproteobacteria___D_3__Enterobacteriales___D_4__Enterobacteriaceae___D_5__Pantoea	dominance_all	FALSE
BM_Lambda	-	lambda=ML delta=1kappa=1	-89.457344581301	-89.1716302955867	lambda	lambda : 1e-06 (95% CI  NA  -  0.477414648986024 )	0.00217233080809487	-9.41811029375579e-05	0.158602717507968	-0.000697504831287092 - 0.000509142625411977	0.000307818228749763	0.761109002034203	tissue_D_0__Bacteria___D_1__Proteobacteria___D_2__Gammaproteobacteria___D_3__Enterobacteriales___D_4__Enterobacteriaceae___D_5__Pantoea	dominance_all	TRUE
BM_Kappa	-	lambda=1 delta=1kappa=ML	-73.2906413819437	-73.0049270962295	kappa	kappa : 0.444478574473913 (95% CI  0.0136269054842754  -  0.876071227903889 )	0.00774170782166047	9.58825185360784e-05	0.192086330660144	-0.000228573068344274 - 0.000420338105416431	0.000165538564734874	0.565465919626962	tissue_D_0__Bacteria___D_1__Proteobacteria___D_2__Gammaproteobacteria___D_3__Enterobacteriales___D_4__Enterobacteriaceae___D_5__Pantoea	dominance_all	FALSE
BM_Delta	-	lambda=1 delta=MLkappa=1	-67.0140134590515	-66.7282991733372	delta	delta : 1 (95% CI  0.393858218211253  -  NA )	0.043331888248211	0.000107937254817621	0.174831306669278	-4.36525709393029e-05 - 0.000259527080574545	7.73417478351653e-05	0.170003912224264	tissue_D_0__Bacteria___D_1__Proteobacteria___D_2__Gammaproteobacteria___D_3__Enterobacteriales___D_4__Enterobacteriaceae___D_5__Pantoea	dominance_all	FALSE
