model_name	compartment	branch_length_transformation	AIC	AICc	estimated_parameter	parameter_value	R2	slope	intercept	x_trait_slope_95CI	x_trait_slope_stdev	p	x_trait	y_trait	best_model
BM	-	lambda=1 delta=1kappa=1	-28.0495082357223	-27.0495082357223	None	All parameters fixed	0.147902125731985	0.000557549628526928	0.0651089434052841	-0.000169937743270021 - 0.00128503700032388	0.000371167026427015	0.156953872430083	mucus_D_0__Bacteria___D_1__Proteobacteria___D_2__Gammaproteobacteria___D_3__Betaproteobacteriales___D_4__Burkholderiaceae___D_5__Aquabacterium	growth_rate_mm_per_year	FALSE
BM_Lambda	-	lambda=ML delta=1kappa=1	-42.2247103334088	-41.2247103334088	lambda	lambda : 0.0996304343924775 (95% CI  NA  -  0.791626067283025 )	0.270018551683198	0.000770324745097578	0.0553286354234406	8.18034865401144e-05 - 0.00145884600365504	0.000351286356406869	0.0471102962527752	mucus_D_0__Bacteria___D_1__Proteobacteria___D_2__Gammaproteobacteria___D_3__Betaproteobacteriales___D_4__Burkholderiaceae___D_5__Aquabacterium	growth_rate_mm_per_year	TRUE
BM_Kappa	-	lambda=1 delta=1kappa=ML	-40.1871590138296	-39.1871590138296	kappa	kappa : 1e-06 (95% CI  NA  -  0.393481912768849 )	0.183764452532352	0.000692725682298164	0.0572812446483053	-0.000100912738091816 - 0.00148636410268814	0.000404917561423459	0.110862143291385	mucus_D_0__Bacteria___D_1__Proteobacteria___D_2__Gammaproteobacteria___D_3__Betaproteobacteriales___D_4__Burkholderiaceae___D_5__Aquabacterium	growth_rate_mm_per_year	FALSE
BM_Delta	-	lambda=1 delta=MLkappa=1	-28.0495082357223	-27.0495082357223	delta	delta : 1 (95% CI  0.305580831255743  -  NA )	0.147902125731985	0.000557549628526928	0.0651089434052841	-0.000169937743270021 - 0.00128503700032388	0.000371167026427015	0.156953872430083	mucus_D_0__Bacteria___D_1__Proteobacteria___D_2__Gammaproteobacteria___D_3__Betaproteobacteriales___D_4__Burkholderiaceae___D_5__Aquabacterium	growth_rate_mm_per_year	FALSE
