model_name	compartment	branch_length_transformation	AIC	AICc	estimated_parameter	parameter_value	R2	slope	intercept	x_trait_slope_95CI	x_trait_slope_stdev	p	x_trait	y_trait	best_model
BM	-	lambda=1 delta=1kappa=1	-31.7826075455955	-30.9826075455955	None	All parameters fixed	0.0711844433250205	0.00047786799203254	0.0967396233798532	-0.000367948630562458 - 0.00132368461462754	0.000431539093160713	0.284509978186887	all_D_0__Bacteria___D_1__Proteobacteria___D_2__Alphaproteobacteria___D_3__Sphingomonadales___D_4__Sphingomonadaceae___D_5__Sphingobium	growth_rate_mm_per_year	FALSE
BM_Lambda	-	lambda=ML delta=1kappa=1	-43.4453165043853	-42.6453165043853	lambda	lambda : 1e-06 (95% CI  NA  -  0.738965946268167 )	0.251445838198037	0.000835124213381029	0.0837584130178643	0.000129072446030415 - 0.00154117598073164	0.000360230493546232	0.0339982079201246	all_D_0__Bacteria___D_1__Proteobacteria___D_2__Alphaproteobacteria___D_3__Sphingomonadales___D_4__Sphingomonadaceae___D_5__Sphingobium	growth_rate_mm_per_year	TRUE
BM_Kappa	-	lambda=1 delta=1kappa=ML	-37.990573446883	-37.190573446883	kappa	kappa : 0.0213646784816153 (95% CI  NA  -  0.784829083490491 )	0.181895773573675	0.000726367556566482	0.0824232671660941	-2.84561511271167e-05 - 0.00148119126426008	0.000385114136578367	0.0775670646421345	all_D_0__Bacteria___D_1__Proteobacteria___D_2__Alphaproteobacteria___D_3__Sphingomonadales___D_4__Sphingomonadaceae___D_5__Sphingobium	growth_rate_mm_per_year	FALSE
BM_Delta	-	lambda=1 delta=MLkappa=1	-31.7826075455955	-30.9826075455955	delta	delta : 1 (95% CI  0.290954385136722  -  NA )	0.0711844433250205	0.00047786799203254	0.0967396233798532	-0.000367948630562458 - 0.00132368461462754	0.000431539093160713	0.284509978186887	all_D_0__Bacteria___D_1__Proteobacteria___D_2__Alphaproteobacteria___D_3__Sphingomonadales___D_4__Sphingomonadaceae___D_5__Sphingobium	growth_rate_mm_per_year	FALSE
