model_name	compartment	branch_length_transformation	AIC	AICc	estimated_parameter	parameter_value	R2	slope	intercept	x_trait_slope_95CI	x_trait_slope_stdev	p	x_trait	y_trait	best_model
BM	-	lambda=1 delta=1kappa=1	-26.0425292877708	-25.7816597225534	None	All parameters fixed	0.00434241666455022	-0.000635729462465511	0.176911001756769	-0.00338785815414975 - 0.00211639922921873	0.00140414729167563	0.652810967587913	all_D_0__Bacteria___D_1__Cyanobacteria___D_2__Oxyphotobacteria___D_3__Synechococcales___D_4__Cyanobiaceae___D_5__Synechococcus_CC9902	dominance_all	FALSE
BM_Lambda	-	lambda=ML delta=1kappa=1	-81.6597437044551	-81.3988741392377	lambda	lambda : 1e-06 (95% CI  NA  -  0.24758274402377 )	0.0399359672425216	-0.00230346317546204	0.180809173389388	-0.00553237668721054 - 0.000925450336286449	0.0016474048529329	0.168605345609806	all_D_0__Bacteria___D_1__Cyanobacteria___D_2__Oxyphotobacteria___D_3__Synechococcales___D_4__Cyanobiaceae___D_5__Synechococcus_CC9902	dominance_all	TRUE
BM_Kappa	-	lambda=1 delta=1kappa=ML	-59.3242345229979	-59.0633649577805	kappa	kappa : 1e-06 (95% CI  NA  -  0.263229927535221 )	0.0220213642532396	-0.00165595433669542	0.21424854224451	-0.00481094495914823 - 0.0014990362857574	0.00160968909308817	0.308866370271132	all_D_0__Bacteria___D_1__Cyanobacteria___D_2__Oxyphotobacteria___D_3__Synechococcales___D_4__Cyanobiaceae___D_5__Synechococcus_CC9902	dominance_all	FALSE
BM_Delta	-	lambda=1 delta=MLkappa=1	-26.0425292877708	-25.7816597225534	delta	delta : 1 (95% CI  0.471007484762386  -  NA )	0.00434241666455022	-0.000635729462465511	0.176911001756769	-0.00338785815414975 - 0.00211639922921873	0.00140414729167563	0.652810967587913	all_D_0__Bacteria___D_1__Cyanobacteria___D_2__Oxyphotobacteria___D_3__Synechococcales___D_4__Cyanobiaceae___D_5__Synechococcus_CC9902	dominance_all	FALSE
