model_name	compartment	branch_length_transformation	AIC	AICc	estimated_parameter	parameter_value	R2	slope	intercept	x_trait_slope_95CI	x_trait_slope_stdev	p	x_trait	y_trait	best_model
BM	-	lambda=1 delta=1kappa=1	-56.2680245293609	-55.9952972566336	None	All parameters fixed	0.0302167378766262	-0.000359479435127032	0.188902552629814	-0.000954507456932329 - 0.000235548586678265	0.000303585725410866	0.242585802565614	skeleton_D_0__Bacteria___D_1__Proteobacteria___D_2__Gammaproteobacteria___D_3__Pseudomonadales___D_4__Pseudomonadaceae___D_5__Pseudomonas	dominance_all	FALSE
BM_Lambda	-	lambda=ML delta=1kappa=1	-91.9524605021493	-91.679733229422	lambda	lambda : 1e-06 (95% CI  NA  -  0.353273624320869 )	0.00200896366780228	-6.00866309318317e-05	0.155459628182546	-0.000451382215419365 - 0.000331208953555702	0.000199640604330374	0.764820628736177	skeleton_D_0__Bacteria___D_1__Proteobacteria___D_2__Gammaproteobacteria___D_3__Pseudomonadales___D_4__Pseudomonadaceae___D_5__Pseudomonas	dominance_all	TRUE
BM_Kappa	-	lambda=1 delta=1kappa=ML	-69.0141293343565	-68.7414020616293	kappa	kappa : 0.226548520227289 (95% CI  NA  -  0.641172244913482 )	0.010626713499467	-0.000157165666700944	0.201684044393515	-0.000600251737750682 - 0.000285920404348794	0.000226064321964152	0.490488680525423	skeleton_D_0__Bacteria___D_1__Proteobacteria___D_2__Gammaproteobacteria___D_3__Pseudomonadales___D_4__Pseudomonadaceae___D_5__Pseudomonas	dominance_all	FALSE
BM_Delta	-	lambda=1 delta=MLkappa=1	-56.2680245293609	-55.9952972566336	delta	delta : 1 (95% CI  0.428316909824998  -  NA )	0.0302167378766262	-0.000359479435127032	0.188902552629814	-0.000954507456932329 - 0.000235548586678265	0.000303585725410866	0.242585802565614	skeleton_D_0__Bacteria___D_1__Proteobacteria___D_2__Gammaproteobacteria___D_3__Pseudomonadales___D_4__Pseudomonadaceae___D_5__Pseudomonas	dominance_all	FALSE
