model_name	compartment	branch_length_transformation	AIC	AICc	estimated_parameter	parameter_value	R2	slope	intercept	x_trait_slope_95CI	x_trait_slope_stdev	p	x_trait	y_trait	best_model
BM	-	lambda=1 delta=1kappa=1	72.4004322636467	73.9004322636467	None	All parameters fixed	0.222000878194737	0.348749259260841	2.96800784271642	-0.0777912838968236 - 0.775289802418506	0.217622726100849	0.143499808473549	mucus_D_0__Bacteria___D_1__Tenericutes___D_2__Mollicutes___D_3__Entomoplasmatales___D_4__Spiroplasmataceae___D_5__Spiroplasma	perc_dis	FALSE
BM_Lambda	-	lambda=ML delta=1kappa=1	63.7979879050414	65.2979879050414	lambda	lambda : 1e-06 (95% CI  NA  -  0.711559032234447 )	0.275162926319834	0.410045165504143	2.27236636778813	-0.024757053615129 - 0.844847384623415	0.221837866897588	0.0975990750889557	mucus_D_0__Bacteria___D_1__Tenericutes___D_2__Mollicutes___D_3__Entomoplasmatales___D_4__Spiroplasmataceae___D_5__Spiroplasma	perc_dis	TRUE
BM_Kappa	-	lambda=1 delta=1kappa=ML	69.059098819186	70.559098819186	kappa	kappa : 1e-06 (95% CI  NA  -  NA )	0.304137345840504	0.472865707411358	2.99134097228808	0.00556167863291396 - 0.940169736189802	0.238420422846145	0.0786372243036433	mucus_D_0__Bacteria___D_1__Tenericutes___D_2__Mollicutes___D_3__Entomoplasmatales___D_4__Spiroplasmataceae___D_5__Spiroplasma	perc_dis	FALSE
BM_Delta	-	lambda=1 delta=MLkappa=1	72.4004322636467	73.9004322636467	delta	delta : 1 (95% CI  0.246178073650815  -  NA )	0.222000878194737	0.348749259260841	2.96800784271642	-0.0777912838968236 - 0.775289802418506	0.217622726100849	0.143499808473549	mucus_D_0__Bacteria___D_1__Tenericutes___D_2__Mollicutes___D_3__Entomoplasmatales___D_4__Spiroplasmataceae___D_5__Spiroplasma	perc_dis	FALSE
