model_name	compartment	branch_length_transformation	AIC	AICc	estimated_parameter	parameter_value	R2	slope	intercept	x_trait_slope_95CI	x_trait_slope_stdev	p	x_trait	y_trait	best_model
BM	-	lambda=1 delta=1kappa=1	256.382842868046	256.70716719237	None	All parameters fixed	0.0313763594656349	-0.0107062046288715	4.16187532979974	-0.0296198860307842 - 0.00820747677304114	0.00964983744995543	0.274199584118937	tissue_D_0__Bacteria___D_1__Proteobacteria___D_2__Gammaproteobacteria___D_3__Betaproteobacteriales___D_4__Burkholderiaceae___D_5__Aquabacterium	perc_dis	FALSE
BM_Lambda	-	lambda=ML delta=1kappa=1	236.141161365464	236.465485689788	lambda	lambda : 1e-06 (95% CI  NA  -  0.262627059399033 )	0.0441665860227547	-0.0187519717032604	4.19666545759761	-0.0464887107753282 - 0.0089847673688074	0.0141513974857489	0.193051948007997	tissue_D_0__Bacteria___D_1__Proteobacteria___D_2__Gammaproteobacteria___D_3__Betaproteobacteriales___D_4__Burkholderiaceae___D_5__Aquabacterium	perc_dis	TRUE
BM_Kappa	-	lambda=1 delta=1kappa=ML	251.492341448148	251.816665772473	kappa	kappa : 0.344274357431874 (95% CI  NA  -  0.917837475965343 )	0.0947304928253428	-0.0262417582769882	4.86113453314402	-0.052034722243164 - -0.000448794310812371	0.0131596754929469	0.0533525781886284	tissue_D_0__Bacteria___D_1__Proteobacteria___D_2__Gammaproteobacteria___D_3__Betaproteobacteriales___D_4__Burkholderiaceae___D_5__Aquabacterium	perc_dis	FALSE
BM_Delta	-	lambda=1 delta=MLkappa=1	256.382842868046	256.70716719237	delta	delta : 1 (95% CI  0.389392400753836  -  NA )	0.0313763594656349	-0.0107062046288715	4.16187532979974	-0.0296198860307842 - 0.00820747677304114	0.00964983744995543	0.274199584118937	tissue_D_0__Bacteria___D_1__Proteobacteria___D_2__Gammaproteobacteria___D_3__Betaproteobacteriales___D_4__Burkholderiaceae___D_5__Aquabacterium	perc_dis	FALSE
