model_name	compartment	branch_length_transformation	AIC	AICc	estimated_parameter	parameter_value	R2	slope	intercept	x_trait_slope_95CI	x_trait_slope_stdev	p	x_trait	y_trait	best_model
BM	-	lambda=1 delta=1kappa=1	103.423766676056	104.280909533199	None	All parameters fixed	0.0232638257997299	-6.04932734379445	6.19384660433885	-25.8858524071904 - 13.7871977196015	10.120676052753	0.558943624884785	tissue_unweighted_unifrac_ordination_PC2	perc_dis	FALSE
BM_Lambda	-	lambda=ML delta=1kappa=1	100.016329378711	100.873472235854	lambda	lambda : 0.942240249086524 (95% CI  NA  -  NA )	0.0356470848674129	-7.84755102063983	6.07293433045756	-28.5037580894364 - 12.8086560481568	10.5388811575493	0.468002954287528	tissue_unweighted_unifrac_ordination_PC2	perc_dis	TRUE
BM_Kappa	-	lambda=1 delta=1kappa=ML	101.976287325965	102.833430183108	kappa	kappa : 0.679570762749031 (95% CI  0.0632369141808565  -  NA )	0.0427028098068699	-8.92033366989247	6.41161176823168	-30.2943780866136 - 12.4537107468286	10.9051247024087	0.426164016936735	tissue_unweighted_unifrac_ordination_PC2	perc_dis	FALSE
BM_Delta	-	lambda=1 delta=MLkappa=1	103.423766676056	104.280909533199	delta	delta : 1 (95% CI  0.238620581808796  -  NA )	0.0232638257997299	-6.04932734379445	6.19384660433885	-25.8858524071904 - 13.7871977196015	10.120676052753	0.558943624884785	tissue_unweighted_unifrac_ordination_PC2	perc_dis	FALSE
