model_name	compartment	branch_length_transformation	AIC	AICc	estimated_parameter	parameter_value	R2	slope	intercept	x_trait_slope_95CI	x_trait_slope_stdev	p	x_trait	y_trait	best_model
BM	-	lambda=1 delta=1kappa=1	-27.1558862733735	-26.1558862733735	None	All parameters fixed	0.095595972499664	-0.000836926225490339	0.119723632909107	-0.0022362977042945 - 0.000562445253313825	0.000713965040206206	0.262142088952276	mucus_D_0__Bacteria___D_1__Proteobacteria___D_2__Gammaproteobacteria___D_3__Vibrionales___D_4__Vibrionaceae___D_5__Photobacterium	growth_rate_mm_per_year	FALSE
BM_Lambda	-	lambda=ML delta=1kappa=1	-39.852887287931	-38.852887287931	lambda	lambda : 0.305211818785618 (95% CI  NA  -  0.869006245145578 )	0.12375314185382	-0.00130703931668504	0.131527196483044	-0.00319767637807017 - 0.000583597744700095	0.000964610745604659	0.198498997266274	mucus_D_0__Bacteria___D_1__Proteobacteria___D_2__Gammaproteobacteria___D_3__Vibrionales___D_4__Vibrionaceae___D_5__Photobacterium	growth_rate_mm_per_year	TRUE
BM_Kappa	-	lambda=1 delta=1kappa=ML	-38.2976940258784	-37.2976940258784	kappa	kappa : 1e-06 (95% CI  NA  -  0.461719708401326 )	0.0741915952210397	-0.000889270733425375	0.123255010247705	-0.00259693149670349 - 0.000818390029852743	0.000871255491468427	0.326026960707566	mucus_D_0__Bacteria___D_1__Proteobacteria___D_2__Gammaproteobacteria___D_3__Vibrionales___D_4__Vibrionaceae___D_5__Photobacterium	growth_rate_mm_per_year	FALSE
BM_Delta	-	lambda=1 delta=MLkappa=1	-27.1558862733735	-26.1558862733735	delta	delta : 1 (95% CI  0.298896767967713  -  NA )	0.095595972499664	-0.000836926225490339	0.119723632909107	-0.0022362977042945 - 0.000562445253313825	0.000713965040206206	0.262142088952276	mucus_D_0__Bacteria___D_1__Proteobacteria___D_2__Gammaproteobacteria___D_3__Vibrionales___D_4__Vibrionaceae___D_5__Photobacterium	growth_rate_mm_per_year	FALSE
