model_name	compartment	branch_length_transformation	AIC	AICc	estimated_parameter	parameter_value	R2	slope	intercept	x_trait_slope_95CI	x_trait_slope_stdev	p	x_trait	y_trait	best_model
BM	-	lambda=1 delta=1kappa=1	254.209227405139	254.533551729464	None	All parameters fixed	0.0122784226307198	-0.00464907944885706	4.02795024508624	-0.0179070552709052 - 0.00860889637319109	0.00676427337859599	0.496067854616983	mucus_D_0__Bacteria___D_1__Proteobacteria___D_2__Gammaproteobacteria___D_3__Betaproteobacteriales___D_4__Burkholderiaceae___D_5__Aquabacterium	perc_dis	FALSE
BM_Lambda	-	lambda=ML delta=1kappa=1	237.672174439346	237.99649876367	lambda	lambda : 1e-06 (95% CI  NA  -  0.27424929618903 )	1.85831186291477e-05	0.000381992788310748	3.17032019031238	-0.0277924997132555 - 0.028556485289877	0.0143747410722277	0.978938666407108	mucus_D_0__Bacteria___D_1__Proteobacteria___D_2__Gammaproteobacteria___D_3__Betaproteobacteriales___D_4__Burkholderiaceae___D_5__Aquabacterium	perc_dis	TRUE
BM_Kappa	-	lambda=1 delta=1kappa=ML	252.171086613667	252.495410937992	kappa	kappa : 0.554036065915582 (95% CI  NA  -  NA )	0.0162128122336613	-0.00835509050224547	4.24001107054379	-0.0290487279607101 - 0.0123385469562191	0.010557978295135	0.433649794326576	mucus_D_0__Bacteria___D_1__Proteobacteria___D_2__Gammaproteobacteria___D_3__Betaproteobacteriales___D_4__Burkholderiaceae___D_5__Aquabacterium	perc_dis	FALSE
BM_Delta	-	lambda=1 delta=MLkappa=1	254.209227405139	254.533551729464	delta	delta : 1 (95% CI  0.380204847420082  -  NA )	0.0122784226307198	-0.00464907944885706	4.02795024508624	-0.0179070552709052 - 0.00860889637319109	0.00676427337859599	0.496067854616983	mucus_D_0__Bacteria___D_1__Proteobacteria___D_2__Gammaproteobacteria___D_3__Betaproteobacteriales___D_4__Burkholderiaceae___D_5__Aquabacterium	perc_dis	FALSE
