model_name	compartment	branch_length_transformation	AIC	AICc	estimated_parameter	parameter_value	R2	slope	intercept	x_trait_slope_95CI	x_trait_slope_stdev	p	x_trait	y_trait	best_model
BM	-	lambda=1 delta=1kappa=1	-31.9869820034869	-31.06390508041	None	All parameters fixed	0.146801980023152	-0.0131027335909999	0.115247054784459	-0.0296494920460349 - 0.00344402486403513	0.00844222370154848	0.142958527904754	all_D_0__Bacteria___D_1__Tenericutes___D_2__Mollicutes___D_3__Mycoplasmatales___D_4__Mycoplasmataceae___D_5__Mycoplasma	growth_rate_mm_per_year	FALSE
BM_Lambda	-	lambda=ML delta=1kappa=1	-42.3455309218348	-41.4224539987579	lambda	lambda : 0.485981055667205 (95% CI  NA  -  0.915644246895887 )	0.0922578023771572	-0.0135120155508669	0.120715912425725	-0.0357140053917978 - 0.00868997429006406	0.0113275458372097	0.252754646667723	all_D_0__Bacteria___D_1__Tenericutes___D_2__Mollicutes___D_3__Mycoplasmatales___D_4__Mycoplasmataceae___D_5__Mycoplasma	growth_rate_mm_per_year	TRUE
BM_Kappa	-	lambda=1 delta=1kappa=ML	-41.1681647766453	-40.2450878535684	kappa	kappa : 1e-06 (95% CI  NA  -  0.58709751354193 )	0.057401741822711	-0.010168126348291	0.119324458275809	-0.0317522176065925 - 0.0114159649100104	0.0110122914583171	0.371468879438984	all_D_0__Bacteria___D_1__Tenericutes___D_2__Mollicutes___D_3__Mycoplasmatales___D_4__Mycoplasmataceae___D_5__Mycoplasma	growth_rate_mm_per_year	FALSE
BM_Delta	-	lambda=1 delta=MLkappa=1	-31.9869820034869	-31.06390508041	delta	delta : 1 (95% CI  0.290663545891559  -  NA )	0.146801980023152	-0.0131027335909999	0.115247054784459	-0.0296494920460349 - 0.00344402486403513	0.00844222370154848	0.142958527904754	all_D_0__Bacteria___D_1__Tenericutes___D_2__Mollicutes___D_3__Mycoplasmatales___D_4__Mycoplasmataceae___D_5__Mycoplasma	growth_rate_mm_per_year	FALSE
