model_name	compartment	branch_length_transformation	AIC	AICc	estimated_parameter	parameter_value	R2	slope	intercept	x_trait_slope_95CI	x_trait_slope_stdev	p	x_trait	y_trait	best_model
BM	-	lambda=1 delta=1kappa=1	264.616142171616	264.923834479308	None	All parameters fixed	0.0308208089751758	0.0191279721855758	3.53184512152472	-0.0141131005694097 - 0.0523690449405613	0.0169597309974416	0.266104630807653	skeleton_D_0__Bacteria___D_1__Proteobacteria___D_2__Deltaproteobacteria___D_3__Desulfobacterales___D_4__Desulfobacteraceae___D_5__Desulfobacter	perc_dis	FALSE
BM_Lambda	-	lambda=ML delta=1kappa=1	247.959007145878	248.26669945357	lambda	lambda : 1e-06 (95% CI  NA  -  0.254812460582787 )	0.00888136048315165	0.010802018823555	3.05292361368557	-0.0245613864672362 - 0.0461654241143462	0.0180425537197914	0.552750688435453	skeleton_D_0__Bacteria___D_1__Proteobacteria___D_2__Deltaproteobacteria___D_3__Desulfobacterales___D_4__Desulfobacteraceae___D_5__Desulfobacter	perc_dis	TRUE
BM_Kappa	-	lambda=1 delta=1kappa=ML	263.004089178535	263.311781486227	kappa	kappa : 0.615328718730104 (95% CI  0.049889522359327  -  NA )	0.0308281612532698	0.0192935561248368	3.50405019824195	-0.0142311469952762 - 0.0528182592449498	0.0171044403674046	0.26604670844683	skeleton_D_0__Bacteria___D_1__Proteobacteria___D_2__Deltaproteobacteria___D_3__Desulfobacterales___D_4__Desulfobacteraceae___D_5__Desulfobacter	perc_dis	FALSE
BM_Delta	-	lambda=1 delta=MLkappa=1	264.616142171616	264.923834479308	delta	delta : 1 (95% CI  0.38066771559435  -  NA )	0.0308208089751758	0.0191279721855758	3.53184512152472	-0.0141131005694097 - 0.0523690449405613	0.0169597309974416	0.266104630807653	skeleton_D_0__Bacteria___D_1__Proteobacteria___D_2__Deltaproteobacteria___D_3__Desulfobacterales___D_4__Desulfobacteraceae___D_5__Desulfobacter	perc_dis	FALSE
