model_name	compartment	branch_length_transformation	AIC	AICc	estimated_parameter	parameter_value	R2	slope	intercept	x_trait_slope_95CI	x_trait_slope_stdev	p	x_trait	y_trait	best_model
BM	-	lambda=1 delta=1kappa=1	110.878960028931	111.400699159366	None	All parameters fixed	0.0296773554623508	-0.00264476503848661	4.15382447546858	-0.00869515030534097 - 0.00340562022836775	0.00308693125859916	0.400050700369202	skeleton_D_0__Bacteria___D_1__Proteobacteria___D_2__Alphaproteobacteria___D_3__Rhodospirillales___D_4__Terasakiellaceae___D_5__uncultured	depth	FALSE
BM_Lambda	-	lambda=ML delta=1kappa=1	106.272544687936	106.79428381837	lambda	lambda : 1e-06 (95% CI  NA  -  0.923223230339328 )	0.0710045920211276	-0.00800753887919319	4.10324340989226	-0.0195956612289657 - 0.00358058347057928	0.00591230732131248	0.188228757400055	skeleton_D_0__Bacteria___D_1__Proteobacteria___D_2__Alphaproteobacteria___D_3__Rhodospirillales___D_4__Terasakiellaceae___D_5__uncultured	depth	FALSE
BM_Kappa	-	lambda=1 delta=1kappa=ML	104.350434189208	104.872173319643	kappa	kappa : 0.0737351625801943 (95% CI  NA  -  0.77031490069269 )	0.00620168111815682	-0.00182233500408006	4.08858441275838	-0.0110517267643733 - 0.00740705675621322	0.00470887334708841	0.70216642959969	skeleton_D_0__Bacteria___D_1__Proteobacteria___D_2__Alphaproteobacteria___D_3__Rhodospirillales___D_4__Terasakiellaceae___D_5__uncultured	depth	TRUE
BM_Delta	-	lambda=1 delta=MLkappa=1	110.878960028931	111.400699159366	delta	delta : 1 (95% CI  0.300957676561654  -  NA )	0.0296773554623508	-0.00264476503848661	4.15382447546858	-0.00869515030534097 - 0.00340562022836775	0.00308693125859916	0.400050700369202	skeleton_D_0__Bacteria___D_1__Proteobacteria___D_2__Alphaproteobacteria___D_3__Rhodospirillales___D_4__Terasakiellaceae___D_5__uncultured	depth	FALSE
