model_name	compartment	branch_length_transformation	AIC	AICc	estimated_parameter	parameter_value	R2	slope	intercept	x_trait_slope_95CI	x_trait_slope_stdev	p	x_trait	y_trait	best_model
BM	-	lambda=1 delta=1kappa=1	257.156804291652	257.481128615977	None	All parameters fixed	0.0124519318750573	-0.00751300762110422	3.73406033630019	-0.0287865031488836 - 0.0137604879066752	0.010853824248867	0.493020617987744	tissue_D_0__Bacteria___D_1__Bacteroidetes___D_2__Bacteroidia___D_3__Bacteroidales___D_4__Rikenellaceae___D_5__Rikenellaceae_RC9_gut_group	perc_dis	FALSE
BM_Lambda	-	lambda=ML delta=1kappa=1	237.407104927651	237.731429251975	lambda	lambda : 1e-06 (95% CI  NA  -  0.240683265448064 )	0.0134320196221686	-0.00698397145117403	3.33246413302522	-0.0260148824280382 - 0.0120469395256901	0.00970964845758374	0.476367874239394	tissue_D_0__Bacteria___D_1__Bacteroidetes___D_2__Bacteroidia___D_3__Bacteroidales___D_4__Rikenellaceae___D_5__Rikenellaceae_RC9_gut_group	perc_dis	TRUE
BM_Kappa	-	lambda=1 delta=1kappa=ML	254.602414393085	254.92673871741	kappa	kappa : 0.510031323942113 (95% CI  NA  -  NA )	0.013721538758789	-0.00759602229935675	3.7117007576447	-0.0280721990709082 - 0.0128801544721947	0.0104470289650772	0.471621393231857	tissue_D_0__Bacteria___D_1__Bacteroidetes___D_2__Bacteroidia___D_3__Bacteroidales___D_4__Rikenellaceae___D_5__Rikenellaceae_RC9_gut_group	perc_dis	FALSE
BM_Delta	-	lambda=1 delta=MLkappa=1	257.156804291652	257.481128615977	delta	delta : 1 (95% CI  0.387970930627073  -  NA )	0.0124519318750573	-0.00751300762110422	3.73406033630019	-0.0287865031488836 - 0.0137604879066752	0.010853824248867	0.493020617987744	tissue_D_0__Bacteria___D_1__Bacteroidetes___D_2__Bacteroidia___D_3__Bacteroidales___D_4__Rikenellaceae___D_5__Rikenellaceae_RC9_gut_group	perc_dis	FALSE
