model_name	compartment	branch_length_transformation	AIC	AICc	estimated_parameter	parameter_value	R2	slope	intercept	x_trait_slope_95CI	x_trait_slope_stdev	p	x_trait	y_trait	best_model
BM	-	lambda=1 delta=1kappa=1	97.1176722583723	98.3176722583723	None	All parameters fixed	0.158315627615608	-0.108312821273714	9.43014776949421	-0.255901258922158 - 0.0392756163747298	0.0753002232900224	0.178154762392338	mucus_D_0__Bacteria___D_1__Proteobacteria___D_2__Gammaproteobacteria___D_3__Pseudomonadales___D_4__Moraxellaceae___D_5__Enhydrobacter	perc_dis	FALSE
BM_Lambda	-	lambda=ML delta=1kappa=1	88.130021590941	89.330021590941	lambda	lambda : 1e-06 (95% CI  NA  -  0.83199907019794 )	0.0530462326360183	-0.0386940336525777	5.35648418306535	-0.135308208514906 - 0.057920141209751	0.049292946358331	0.449040976039453	mucus_D_0__Bacteria___D_1__Proteobacteria___D_2__Gammaproteobacteria___D_3__Pseudomonadales___D_4__Moraxellaceae___D_5__Enhydrobacter	perc_dis	TRUE
BM_Kappa	-	lambda=1 delta=1kappa=ML	91.3465970861618	92.5465970861618	kappa	kappa : 1e-06 (95% CI  NA  -  0.762307562934761 )	0.261534633968719	-0.091375387332699	9.57699419923192	-0.182113433002214 - -0.000637341663183633	0.0462949212599568	0.0740538336047463	mucus_D_0__Bacteria___D_1__Proteobacteria___D_2__Gammaproteobacteria___D_3__Pseudomonadales___D_4__Moraxellaceae___D_5__Enhydrobacter	perc_dis	FALSE
BM_Delta	-	lambda=1 delta=MLkappa=1	97.1176722583723	98.3176722583723	delta	delta : 1 (95% CI  0.174101397495625  -  NA )	0.158315627615608	-0.108312821273714	9.43014776949421	-0.255901258922158 - 0.0392756163747298	0.0753002232900224	0.178154762392338	mucus_D_0__Bacteria___D_1__Proteobacteria___D_2__Gammaproteobacteria___D_3__Pseudomonadales___D_4__Moraxellaceae___D_5__Enhydrobacter	perc_dis	FALSE
