model_name	compartment	branch_length_transformation	AIC	AICc	estimated_parameter	parameter_value	R2	slope	intercept	x_trait_slope_95CI	x_trait_slope_stdev	p	x_trait	y_trait	best_model
BM	-	lambda=1 delta=1kappa=1	223.25524474911	223.618881112746	None	All parameters fixed	0.300208424875483	0.0134158391257715	2.06755298240185	0.00653078479659709 - 0.0203008934549459	0.00351278282100734	0.000542029064566574	tissue_D_0__Bacteria___D_1__Proteobacteria___D_2__Gammaproteobacteria___D_3__Oceanospirillales___D_4__Endozoicomonadaceae___D_5__Endozoicomonas	perc_dis	FALSE
BM_Lambda	-	lambda=ML delta=1kappa=1	200.663720957918	201.027357321555	lambda	lambda : 1e-06 (95% CI  NA  -  0.263585528289749 )	0.350159660669204	0.0160315120699249	1.40764635549792	0.00869040807629038 - 0.0233726160635593	0.00374546122124208	0.000144022716922709	tissue_D_0__Bacteria___D_1__Proteobacteria___D_2__Gammaproteobacteria___D_3__Oceanospirillales___D_4__Endozoicomonadaceae___D_5__Endozoicomonas	perc_dis	TRUE
BM_Kappa	-	lambda=1 delta=1kappa=ML	218.568541083179	218.932177446816	kappa	kappa : 0.35821957729218 (95% CI  NA  -  0.937077609766314 )	0.327684300097146	0.0149551030366642	2.01521778617276	0.00775456694052935 - 0.022155639132799	0.00367374290619124	0.000264213236354172	tissue_D_0__Bacteria___D_1__Proteobacteria___D_2__Gammaproteobacteria___D_3__Oceanospirillales___D_4__Endozoicomonadaceae___D_5__Endozoicomonas	perc_dis	FALSE
BM_Delta	-	lambda=1 delta=MLkappa=1	223.25524474911	223.618881112746	delta	delta : 1 (95% CI  0.388449701993203  -  NA )	0.300208424875483	0.0134158391257715	2.06755298240185	0.00653078479659709 - 0.0203008934549459	0.00351278282100734	0.000542029064566574	tissue_D_0__Bacteria___D_1__Proteobacteria___D_2__Gammaproteobacteria___D_3__Oceanospirillales___D_4__Endozoicomonadaceae___D_5__Endozoicomonas	perc_dis	FALSE
