model_name	compartment	branch_length_transformation	AIC	AICc	estimated_parameter	parameter_value	R2	slope	intercept	x_trait_slope_95CI	x_trait_slope_stdev	p	x_trait	y_trait	best_model
BM	-	lambda=1 delta=1kappa=1	256.435024568056	256.75934889238	None	All parameters fixed	0.00100247070876644	0.000567632514041719	3.56387103320252	-0.00512978305656382 - 0.00626504808464726	0.00290684467888038	0.846218487986178	Skeleton_enriched_Endozoicomonas_ASV_count	perc_dis	FALSE
BM_Lambda	-	lambda=ML delta=1kappa=1	238.048970865928	238.373295190253	lambda	lambda : 1e-06 (95% CI  NA  -  0.235387966164718 )	0.0084877041994369	0.00128175983916659	3.11366282748898	-0.00312302670333726 - 0.00568654638167044	0.00224734007270605	0.571800738955934	Skeleton_enriched_Endozoicomonas_ASV_count	perc_dis	TRUE
BM_Kappa	-	lambda=1 delta=1kappa=ML	254.483319984243	254.807644308568	kappa	kappa : 0.560299241705601 (95% CI  NA  -  NA )	0.00203658194762321	0.000745078333004669	3.45397850751603	-0.00449904109071188 - 0.00598919775672122	0.00267557113454926	0.782157930703501	Skeleton_enriched_Endozoicomonas_ASV_count	perc_dis	FALSE
BM_Delta	-	lambda=1 delta=MLkappa=1	256.435024568056	256.75934889238	delta	delta : 1 (95% CI  0.38292371914309  -  NA )	0.00100247070876644	0.000567632514041719	3.56387103320252	-0.00512978305656382 - 0.00626504808464726	0.00290684467888038	0.846218487986178	Skeleton_enriched_Endozoicomonas_ASV_count	perc_dis	FALSE
