model_name	compartment	branch_length_transformation	AIC	AICc	estimated_parameter	parameter_value	R2	slope	intercept	x_trait_slope_95CI	x_trait_slope_stdev	p	x_trait	y_trait	best_model
BM	-	lambda=1 delta=1kappa=1	110.19421559294	110.715954723375	None	All parameters fixed	0.0548985133914259	-0.236873481240905	4.1849369937035	-0.630084631218634 - 0.156337668736824	0.200617933662107	0.249283909033147	all_D_0__Bacteria___D_1__Proteobacteria___D_2__Gammaproteobacteria___D_3__Cellvibrionales___D_4__Spongiibacteraceae___D_5__BD1_7_clade	depth	FALSE
BM_Lambda	-	lambda=ML delta=1kappa=1	107.101006048542	107.622745178977	lambda	lambda : 1e-06 (95% CI  NA  -  NA )	0.0409265191507724	-0.587362020375327	4.12366064006421	-1.72493652045962 - 0.55021247970897	0.580395153104233	0.321630897884994	all_D_0__Bacteria___D_1__Proteobacteria___D_2__Gammaproteobacteria___D_3__Cellvibrionales___D_4__Spongiibacteraceae___D_5__BD1_7_clade	depth	FALSE
BM_Kappa	-	lambda=1 delta=1kappa=ML	104.150138075891	104.671877206326	kappa	kappa : 0.0890095475844195 (95% CI  NA  -  0.802889849658728 )	0.0140585008577992	-0.240541031947792	4.11871242729995	-1.04646799892146 - 0.565385935025874	0.411187228047789	0.564013437647942	all_D_0__Bacteria___D_1__Proteobacteria___D_2__Gammaproteobacteria___D_3__Cellvibrionales___D_4__Spongiibacteraceae___D_5__BD1_7_clade	depth	TRUE
BM_Delta	-	lambda=1 delta=MLkappa=1	110.19421559294	110.715954723375	delta	delta : 1 (95% CI  0.295655153823362  -  NA )	0.0548985133914259	-0.236873481240905	4.1849369937035	-0.630084631218634 - 0.156337668736824	0.200617933662107	0.249283909033147	all_D_0__Bacteria___D_1__Proteobacteria___D_2__Gammaproteobacteria___D_3__Cellvibrionales___D_4__Spongiibacteraceae___D_5__BD1_7_clade	depth	FALSE
