model_name	compartment	branch_length_transformation	AIC	AICc	estimated_parameter	parameter_value	R2	slope	intercept	x_trait_slope_95CI	x_trait_slope_stdev	p	x_trait	y_trait	best_model
BM	-	lambda=1 delta=1kappa=1	-66.795153521984	-66.5094392362697	None	All parameters fixed	0.0386677481211824	0.000417808180330981	0.173769729283156	-0.000204866344928193 - 0.00104048270559015	0.000317691084315905	0.19543328398325	tissue_D_0__Bacteria___D_1__Bacteroidetes___D_2__Bacteroidia___D_3__Flavobacteriales___D_4__Flavobacteriaceae___D_5__Maritimimonas	dominance_all	FALSE
BM_Lambda	-	lambda=ML delta=1kappa=1	-89.4404338308512	-89.1547195451369	lambda	lambda : 1e-06 (95% CI  NA  -  0.476520833877814 )	0.00179728223735393	0.000132019992614358	0.156841937484649	-0.000797936820611583 - 0.0010619768058403	0.00047446776184997	0.782155180769981	tissue_D_0__Bacteria___D_1__Bacteroidetes___D_2__Bacteroidia___D_3__Flavobacteriales___D_4__Flavobacteriaceae___D_5__Maritimimonas	dominance_all	TRUE
BM_Kappa	-	lambda=1 delta=1kappa=ML	-73.1732119602611	-72.8874976745469	kappa	kappa : 0.442956768320663 (95% CI  0.00897323763794058  -  0.874470240208484 )	0.00510492677691183	0.000182273319329381	0.19198403123872	-0.0005782960441304 - 0.000942842682789161	0.000388045593601929	0.640927492769273	tissue_D_0__Bacteria___D_1__Bacteroidetes___D_2__Bacteroidia___D_3__Flavobacteriales___D_4__Flavobacteriaceae___D_5__Maritimimonas	dominance_all	FALSE
BM_Delta	-	lambda=1 delta=MLkappa=1	-66.795153521984	-66.5094392362697	delta	delta : 1 (95% CI  0.392864018751385  -  NA )	0.0386677481211824	0.000417808180330981	0.173769729283156	-0.000204866344928193 - 0.00104048270559015	0.000317691084315905	0.19543328398325	tissue_D_0__Bacteria___D_1__Bacteroidetes___D_2__Bacteroidia___D_3__Flavobacteriales___D_4__Flavobacteriaceae___D_5__Maritimimonas	dominance_all	FALSE
