model_name	compartment	branch_length_transformation	AIC	AICc	estimated_parameter	parameter_value	R2	slope	intercept	x_trait_slope_95CI	x_trait_slope_stdev	p	x_trait	y_trait	best_model
BM	-	lambda=1 delta=1kappa=1	111.553762919854	112.075502050289	None	All parameters fixed	0.00416398867123973	0.00138920701066641	4.0868477238873	-0.00720600435148801 - 0.00998441837282083	0.00438531191946654	0.75414486192658	skeleton_D_0__Bacteria___D_1__Proteobacteria___D_2__Gammaproteobacteria___D_3__Pseudomonadales___D_4__Pseudomonadaceae___D_5__Pseudomonas	depth	FALSE
BM_Lambda	-	lambda=ML delta=1kappa=1	108.185627725088	108.707366855523	lambda	lambda : 1e-06 (95% CI  NA  -  NA )	7.13637926020902e-05	-0.000187207256125206	3.97707502572117	-0.00905302236704205 - 0.00867860785479164	0.00452337505659023	0.967330053912324	skeleton_D_0__Bacteria___D_1__Proteobacteria___D_2__Gammaproteobacteria___D_3__Pseudomonadales___D_4__Pseudomonadaceae___D_5__Pseudomonas	depth	FALSE
BM_Kappa	-	lambda=1 delta=1kappa=ML	104.49473534511	105.016474475545	kappa	kappa : 0.0612308582932039 (95% CI  NA  -  0.742914672909245 )	0.000596196926446705	0.000433433955904782	4.07411572695372	-0.00666641344844772 - 0.00753328136025728	0.00362237112466964	0.905752633725097	skeleton_D_0__Bacteria___D_1__Proteobacteria___D_2__Gammaproteobacteria___D_3__Pseudomonadales___D_4__Pseudomonadaceae___D_5__Pseudomonas	depth	TRUE
BM_Delta	-	lambda=1 delta=MLkappa=1	111.553762919854	112.075502050289	delta	delta : 1 (95% CI  0.300124566595207  -  NA )	0.00416398867123973	0.00138920701066641	4.0868477238873	-0.00720600435148801 - 0.00998441837282083	0.00438531191946654	0.75414486192658	skeleton_D_0__Bacteria___D_1__Proteobacteria___D_2__Gammaproteobacteria___D_3__Pseudomonadales___D_4__Pseudomonadaceae___D_5__Pseudomonas	depth	FALSE
