model_name	compartment	branch_length_transformation	AIC	AICc	estimated_parameter	parameter_value	R2	slope	intercept	x_trait_slope_95CI	x_trait_slope_stdev	p	x_trait	y_trait	best_model
BM	-	lambda=1 delta=1kappa=1	-41.6729938305323	-40.8729938305323	None	All parameters fixed	0.463833753294754	0.000736358069184283	0.123195539701506	0.000348427779350299 - 0.00112428835901827	0.000197923617262237	0.00186040871124304	all_D_0__Bacteria___D_1__Proteobacteria___D_2__Alphaproteobacteria___D_3__Rhodospirillales___D_4__Terasakiellaceae___D_5__uncultured	growth_rate_mm_per_year	FALSE
BM_Lambda	-	lambda=ML delta=1kappa=1	-41.7722911264007	-40.9722911264007	lambda	lambda : 0.991841660952152 (95% CI  NA  -  NA )	0.439991259517336	0.000729109227335213	0.123181022936256	0.000326054469008168 - 0.00113216398566226	0.000205640182819921	0.00269164956549939	all_D_0__Bacteria___D_1__Proteobacteria___D_2__Alphaproteobacteria___D_3__Rhodospirillales___D_4__Terasakiellaceae___D_5__uncultured	growth_rate_mm_per_year	FALSE
BM_Kappa	-	lambda=1 delta=1kappa=ML	-41.778032329186	-40.978032329186	kappa	kappa : 0.878809241396336 (95% CI  0.0779057449604732  -  NA )	0.428714492727642	0.000731469488952789	0.123517029293444	0.000317722528407622 - 0.00114521644949796	0.000211095388033248	0.00319012941985175	all_D_0__Bacteria___D_1__Proteobacteria___D_2__Alphaproteobacteria___D_3__Rhodospirillales___D_4__Terasakiellaceae___D_5__uncultured	growth_rate_mm_per_year	TRUE
BM_Delta	-	lambda=1 delta=MLkappa=1	-41.6729938305323	-40.8729938305323	delta	delta : 1 (95% CI  0.207853178175266  -  NA )	0.463833753294754	0.000736358069184283	0.123195539701506	0.000348427779350299 - 0.00112428835901827	0.000197923617262237	0.00186040871124304	all_D_0__Bacteria___D_1__Proteobacteria___D_2__Alphaproteobacteria___D_3__Rhodospirillales___D_4__Terasakiellaceae___D_5__uncultured	growth_rate_mm_per_year	FALSE
