model_name	compartment	branch_length_transformation	AIC	AICc	estimated_parameter	parameter_value	R2	slope	intercept	x_trait_slope_95CI	x_trait_slope_stdev	p	x_trait	y_trait	best_model
BM	-	lambda=1 delta=1kappa=1	-24.9574694857349	-24.6717552000206	None	All parameters fixed	0.0228937503700958	0.000565574832908093	0.141293668963615	-0.000538819942540213 - 0.0016699696083564	0.000563466722167503	0.321118509082269	mucus_D_0__Bacteria___D_1__Proteobacteria___D_2__Alphaproteobacteria___D_3__Rickettsiales___D_4__Midichloriaceae___D_5__MD3_55	dominance_all	FALSE
BM_Lambda	-	lambda=ML delta=1kappa=1	-82.5546579304535	-82.2689436447392	lambda	lambda : 1e-06 (95% CI  NA  -  0.303404557923204 )	0.153079657746198	0.000425101336663652	0.162799648935369	0.000126235099970314 - 0.00072396757335699	0.000152482773823132	0.00786940904891242	mucus_D_0__Bacteria___D_1__Proteobacteria___D_2__Alphaproteobacteria___D_3__Rickettsiales___D_4__Midichloriaceae___D_5__MD3_55	dominance_all	TRUE
BM_Kappa	-	lambda=1 delta=1kappa=ML	-64.0756398670064	-63.7899255812922	kappa	kappa : 1e-06 (95% CI  NA  -  0.168733956660552 )	0.172539216277017	0.000492396041779114	0.155036552400544	0.00017009167008294 - 0.000814700413475288	0.000164441005967436	0.00454715976464715	mucus_D_0__Bacteria___D_1__Proteobacteria___D_2__Alphaproteobacteria___D_3__Rickettsiales___D_4__Midichloriaceae___D_5__MD3_55	dominance_all	FALSE
BM_Delta	-	lambda=1 delta=MLkappa=1	-24.9574694857349	-24.6717552000206	delta	delta : 1 (95% CI  0.477124890595212  -  NA )	0.0228937503700958	0.000565574832908093	0.141293668963615	-0.000538819942540213 - 0.0016699696083564	0.000563466722167503	0.321118509082269	mucus_D_0__Bacteria___D_1__Proteobacteria___D_2__Alphaproteobacteria___D_3__Rickettsiales___D_4__Midichloriaceae___D_5__MD3_55	dominance_all	FALSE
