model_name	compartment	branch_length_transformation	AIC	AICc	estimated_parameter	parameter_value	R2	slope	intercept	x_trait_slope_95CI	x_trait_slope_stdev	p	x_trait	y_trait	best_model
BM	-	lambda=1 delta=1kappa=1	257.368275517461	257.692599841785	None	All parameters fixed	0.00721715650038436	1.65242985807983	3.46467120976163	-4.50970753204818 - 7.81456724820783	3.14394764802449	0.602226377464325	tissue_D_0__Bacteria___D_1__Tenericutes___D_2__Mollicutes___D_3__Mycoplasmatales___D_4__Mycoplasmataceae___D_5__Mycoplasma	perc_dis	FALSE
BM_Lambda	-	lambda=ML delta=1kappa=1	237.717661623905	238.04198594823	lambda	lambda : 1e-06 (95% CI  NA  -  0.246068652616763 )	0.00574257582907273	-1.21377798477179	3.37556378584769	-6.29185848339435 - 3.86430251385077	2.59085739725641	0.642114117973808	tissue_D_0__Bacteria___D_1__Tenericutes___D_2__Mollicutes___D_3__Mycoplasmatales___D_4__Mycoplasmataceae___D_5__Mycoplasma	perc_dis	TRUE
BM_Kappa	-	lambda=1 delta=1kappa=ML	255.147589174323	255.471913498647	kappa	kappa : 0.519782798667366 (95% CI  NA  -  NA )	0.000201560938846542	0.267903616068093	3.57634831143787	-5.73133159443874 - 6.26713882657493	3.06083429107492	0.930712773623263	tissue_D_0__Bacteria___D_1__Tenericutes___D_2__Mollicutes___D_3__Mycoplasmatales___D_4__Mycoplasmataceae___D_5__Mycoplasma	perc_dis	FALSE
BM_Delta	-	lambda=1 delta=MLkappa=1	257.368275517461	257.692599841785	delta	delta : 1 (95% CI  0.381876852655137  -  NA )	0.00721715650038436	1.65242985807983	3.46467120976163	-4.50970753204818 - 7.81456724820783	3.14394764802449	0.602226377464325	tissue_D_0__Bacteria___D_1__Tenericutes___D_2__Mollicutes___D_3__Mycoplasmatales___D_4__Mycoplasmataceae___D_5__Mycoplasma	perc_dis	FALSE
