model_name	compartment	branch_length_transformation	AIC	AICc	estimated_parameter	parameter_value	R2	slope	intercept	x_trait_slope_95CI	x_trait_slope_stdev	p	x_trait	y_trait	best_model
BM	-	lambda=1 delta=1kappa=1	-28.964904414129	-27.964904414129	None	All parameters fixed	0.198347690760171	-0.00677790764419045	0.140493333740806	-0.0141852000972078 - 0.000629384808826854	0.00377923084337618	0.0961821931438342	mucus_D_0__Bacteria___D_1__Proteobacteria___D_2__Alphaproteobacteria___D_3__Rickettsiales___D_4__Midichloriaceae___D_5__MD3_55	growth_rate_mm_per_year	FALSE
BM_Lambda	-	lambda=ML delta=1kappa=1	-41.2056982519466	-40.2056982519466	lambda	lambda : 0.263663424985164 (95% CI  NA  -  0.857983194741859 )	0.200345354931088	-0.00394333041246391	0.13527957811077	-0.00822594662517842 - 0.000339285800250608	0.00218500827179312	0.0943234980227596	mucus_D_0__Bacteria___D_1__Proteobacteria___D_2__Alphaproteobacteria___D_3__Rickettsiales___D_4__Midichloriaceae___D_5__MD3_55	growth_rate_mm_per_year	TRUE
BM_Kappa	-	lambda=1 delta=1kappa=ML	-41.1871936668688	-40.1871936668688	kappa	kappa : 1e-06 (95% CI  NA  -  0.377105532875903 )	0.236407707967856	-0.00375893718557039	0.136758820603303	-0.00743133242145954 - -8.65419496812268e-05	0.00187367103871896	0.0661034276224823	mucus_D_0__Bacteria___D_1__Proteobacteria___D_2__Alphaproteobacteria___D_3__Rickettsiales___D_4__Midichloriaceae___D_5__MD3_55	growth_rate_mm_per_year	FALSE
BM_Delta	-	lambda=1 delta=MLkappa=1	-28.964904414129	-27.964904414129	delta	delta : 1 (95% CI  0.29115346209552  -  NA )	0.198347690760171	-0.00677790764419045	0.140493333740806	-0.0141852000972078 - 0.000629384808826854	0.00377923084337618	0.0961821931438342	mucus_D_0__Bacteria___D_1__Proteobacteria___D_2__Alphaproteobacteria___D_3__Rickettsiales___D_4__Midichloriaceae___D_5__MD3_55	growth_rate_mm_per_year	FALSE
