model_name	compartment	branch_length_transformation	AIC	AICc	estimated_parameter	parameter_value	R2	slope	intercept	x_trait_slope_95CI	x_trait_slope_stdev	p	x_trait	y_trait	best_model
BM	-	lambda=1 delta=1kappa=1	-17.410568224741	-16.210568224741	None	All parameters fixed	0.00869643368711191	2.41251069919878e-05	0.139766963374715	-0.000128091387595817 - 0.000176341601579792	7.76614768305126e-05	0.761877858550849	Mucus_enriched_Endozoicomonas_ASV_count	growth_rate_mm_per_year	FALSE
BM_Lambda	-	lambda=ML delta=1kappa=1	-27.2064336185011	-26.0064336185011	lambda	lambda : 1e-06 (95% CI  NA  -  0.844283766113194 )	0.000164758346409222	2.4774458148895e-06	0.154595276567451	-0.000111574947054126 - 0.000116529838683905	5.81899963617426e-05	0.966803222628944	Mucus_enriched_Endozoicomonas_ASV_count	growth_rate_mm_per_year	TRUE
BM_Kappa	-	lambda=1 delta=1kappa=ML	-24.7909809904251	-23.5909809904251	kappa	kappa : 1e-06 (95% CI  NA  -  0.651953486487146 )	0.0371609776681961	-3.24895418086834e-05	0.147666893836774	-0.000130221497939435 - 6.52424143220686e-05	4.98632429238531e-05	0.528055015010381	Mucus_enriched_Endozoicomonas_ASV_count	growth_rate_mm_per_year	FALSE
BM_Delta	-	lambda=1 delta=MLkappa=1	-17.410568224741	-16.210568224741	delta	delta : 1 (95% CI  0.264709566727743  -  NA )	0.00869643368711191	2.41251069919878e-05	0.139766963374715	-0.000128091387595817 - 0.000176341601579792	7.76614768305126e-05	0.761877858550849	Mucus_enriched_Endozoicomonas_ASV_count	growth_rate_mm_per_year	FALSE
