model_name	compartment	branch_length_transformation	AIC	AICc	estimated_parameter	parameter_value	R2	slope	intercept	x_trait_slope_95CI	x_trait_slope_stdev	p	x_trait	y_trait	best_model
BM	-	lambda=1 delta=1kappa=1	138.220594782634	138.792023354063	None	All parameters fixed	0.00837075818797082	0.00278132791642734	2.97692661560499	-0.00986863318813579 - 0.0154312890209905	0.00645406178804241	0.670703318821332	skeleton_D_0__Bacteria___D_1__Proteobacteria___D_2__Alphaproteobacteria___D_3__Rhodospirillales___D_4__Terasakiellaceae___D_5__uncultured	perc_dis	FALSE
BM_Lambda	-	lambda=ML delta=1kappa=1	130.954470096469	131.525898667898	lambda	lambda : 1e-06 (95% CI  NA  -  0.944724681516438 )	0.00358176316852424	-0.0029176720121105	2.58671777338242	-0.0232531132900157 - 0.0174177692657946	0.0103752251417883	0.781173238422474	skeleton_D_0__Bacteria___D_1__Proteobacteria___D_2__Alphaproteobacteria___D_3__Rhodospirillales___D_4__Terasakiellaceae___D_5__uncultured	perc_dis	TRUE
BM_Kappa	-	lambda=1 delta=1kappa=ML	137.077550031554	137.648978602983	kappa	kappa : 0.709978905220036 (95% CI  0.111102122201254  -  NA )	0.00842627149339153	0.00327738535756416	2.96907164210366	-0.0115791322470221 - 0.0181339029621504	0.00757985592070728	0.669673273988721	skeleton_D_0__Bacteria___D_1__Proteobacteria___D_2__Alphaproteobacteria___D_3__Rhodospirillales___D_4__Terasakiellaceae___D_5__uncultured	perc_dis	FALSE
BM_Delta	-	lambda=1 delta=MLkappa=1	138.220594782634	138.792023354063	delta	delta : 1 (95% CI  0.287510551393374  -  NA )	0.00837075818797082	0.00278132791642734	2.97692661560499	-0.00986863318813579 - 0.0154312890209905	0.00645406178804241	0.670703318821332	skeleton_D_0__Bacteria___D_1__Proteobacteria___D_2__Alphaproteobacteria___D_3__Rhodospirillales___D_4__Terasakiellaceae___D_5__uncultured	perc_dis	FALSE
