model_name	compartment	branch_length_transformation	AIC	AICc	estimated_parameter	parameter_value	R2	slope	intercept	x_trait_slope_95CI	x_trait_slope_stdev	p	x_trait	y_trait	best_model
BM	-	lambda=1 delta=1kappa=1	275.625522011301	275.91820493813	None	All parameters fixed	0.00103156291321143	-0.00146512592410816	3.60196627790758	-0.0152541777024878 - 0.0123239258542714	0.00703523049917326	0.836036065332712	all_D_0__Bacteria___D_1__Bacteroidetes___D_2__Bacteroidia___D_3__Bacteroidales___D_4__Rikenellaceae___D_5__Rikenellaceae_RC9_gut_group	perc_dis	FALSE
BM_Lambda	-	lambda=ML delta=1kappa=1	257.94041064291	258.233093569739	lambda	lambda : 1e-06 (95% CI  NA  -  0.238805177844382 )	0.0116924974378962	-0.00697540531509549	3.13864829303495	-0.026370561378352 - 0.0124197507481611	0.00989548778737579	0.484758650608371	all_D_0__Bacteria___D_1__Bacteroidetes___D_2__Bacteroidia___D_3__Bacteroidales___D_4__Rikenellaceae___D_5__Rikenellaceae_RC9_gut_group	perc_dis	TRUE
BM_Kappa	-	lambda=1 delta=1kappa=ML	274.172444926733	274.465127853562	kappa	kappa : 0.658142057849749 (95% CI  0.117414416797092  -  NA )	0.00113484298071217	-0.00171139560539702	3.56096235967166	-0.0170670165429222 - 0.0136442253321281	0.00783450047832916	0.828141560147093	all_D_0__Bacteria___D_1__Bacteroidetes___D_2__Bacteroidia___D_3__Bacteroidales___D_4__Rikenellaceae___D_5__Rikenellaceae_RC9_gut_group	perc_dis	FALSE
BM_Delta	-	lambda=1 delta=MLkappa=1	275.625522011301	275.91820493813	delta	delta : 1 (95% CI  0.384787636346526  -  NA )	0.00103156291321143	-0.00146512592410816	3.60196627790758	-0.0152541777024878 - 0.0123239258542714	0.00703523049917326	0.836036065332712	all_D_0__Bacteria___D_1__Bacteroidetes___D_2__Bacteroidia___D_3__Bacteroidales___D_4__Rikenellaceae___D_5__Rikenellaceae_RC9_gut_group	perc_dis	FALSE
