model_name	compartment	branch_length_transformation	AIC	AICc	estimated_parameter	parameter_value	R2	slope	intercept	x_trait_slope_95CI	x_trait_slope_stdev	p	x_trait	y_trait	best_model
BM	-	lambda=1 delta=1kappa=1	-53.3651455897867	-53.0860758223449	None	All parameters fixed	0.03017530668541	0.000585156149051165	0.139512542072532	-0.000395060960433225 - 0.00156537325853556	0.000500110770145097	0.248278415982507	skeleton_D_0__Bacteria___D_1__Proteobacteria___D_2__Alphaproteobacteria___D_3__Rickettsiales___D_4__Midichloriaceae___D_5__MD3_55	dominance_all	FALSE
BM_Lambda	-	lambda=ML delta=1kappa=1	-101.382766772163	-101.103697004722	lambda	lambda : 1e-06 (95% CI  NA  -  0.269258748737781 )	0.231491409597779	0.00053170473558602	0.147986124555045	0.000245447030697128 - 0.000817962440474912	0.000146049849433108	0.000712119442994208	skeleton_D_0__Bacteria___D_1__Proteobacteria___D_2__Alphaproteobacteria___D_3__Rickettsiales___D_4__Midichloriaceae___D_5__MD3_55	dominance_all	TRUE
BM_Kappa	-	lambda=1 delta=1kappa=ML	-75.8720570295556	-75.5929872621137	kappa	kappa : 1e-06 (95% CI  NA  -  0.31250877088161 )	0.222931298734746	0.000598916063685034	0.146080929908297	0.000268516184353318 - 0.000929315943016751	0.000168571367005978	0.000923380047312738	skeleton_D_0__Bacteria___D_1__Proteobacteria___D_2__Alphaproteobacteria___D_3__Rickettsiales___D_4__Midichloriaceae___D_5__MD3_55	dominance_all	FALSE
BM_Delta	-	lambda=1 delta=MLkappa=1	-53.3651455897867	-53.0860758223449	delta	delta : 1 (95% CI  0.459393844339659  -  NA )	0.03017530668541	0.000585156149051165	0.139512542072532	-0.000395060960433225 - 0.00156537325853556	0.000500110770145097	0.248278415982507	skeleton_D_0__Bacteria___D_1__Proteobacteria___D_2__Alphaproteobacteria___D_3__Rickettsiales___D_4__Midichloriaceae___D_5__MD3_55	dominance_all	FALSE
