model_name	compartment	branch_length_transformation	AIC	AICc	estimated_parameter	parameter_value	R2	slope	intercept	x_trait_slope_95CI	x_trait_slope_stdev	p	x_trait	y_trait	best_model
BM	-	lambda=1 delta=1kappa=1	-29.5278272314777	-28.6047503084007	None	All parameters fixed	0.00505362708046497	0.000100743158615989	0.108340195905944	-0.000639724096195025 - 0.000841210413427002	0.000377789415719905	0.793614793401939	tissue_D_0__Bacteria___D_1__Proteobacteria___D_2__Gammaproteobacteria___D_3__Pseudomonadales___D_4__Pseudomonadaceae___D_5__Pseudomonas	growth_rate_mm_per_year	FALSE
BM_Lambda	-	lambda=ML delta=1kappa=1	-43.5509088126744	-42.6278318895975	lambda	lambda : 0.343483632309664 (95% CI  NA  -  0.828888800057073 )	0.158215086880982	0.000460489844837498	0.0940228519489387	-9.59122194337908e-05 - 0.00101689190910879	0.000283878604220045	0.127070202290181	tissue_D_0__Bacteria___D_1__Proteobacteria___D_2__Gammaproteobacteria___D_3__Pseudomonadales___D_4__Pseudomonadaceae___D_5__Pseudomonas	growth_rate_mm_per_year	TRUE
BM_Kappa	-	lambda=1 delta=1kappa=ML	-42.8261944424704	-41.9031175193934	kappa	kappa : 1e-06 (95% CI  NA  -  0.353700834567164 )	0.1501895603116	0.000403186077461814	0.100648577542946	-9.92013223763483e-05 - 0.000905573477299977	0.000256320101958246	0.138044876950905	tissue_D_0__Bacteria___D_1__Proteobacteria___D_2__Gammaproteobacteria___D_3__Pseudomonadales___D_4__Pseudomonadaceae___D_5__Pseudomonas	growth_rate_mm_per_year	FALSE
BM_Delta	-	lambda=1 delta=MLkappa=1	-29.5278272314777	-28.6047503084007	delta	delta : 1 (95% CI  0.300895112874439  -  NA )	0.00505362708046497	0.000100743158615989	0.108340195905944	-0.000639724096195025 - 0.000841210413427002	0.000377789415719905	0.793614793401939	tissue_D_0__Bacteria___D_1__Proteobacteria___D_2__Gammaproteobacteria___D_3__Pseudomonadales___D_4__Pseudomonadaceae___D_5__Pseudomonas	growth_rate_mm_per_year	FALSE
