model_name	compartment	branch_length_transformation	AIC	AICc	estimated_parameter	parameter_value	R2	slope	intercept	x_trait_slope_95CI	x_trait_slope_stdev	p	x_trait	y_trait	best_model
BM	-	lambda=1 delta=1kappa=1	-30.516614952415	-29.716614952415	None	All parameters fixed	0.00350601719429071	-0.000149791776974324	0.129473699032159	-0.00138720391657837 - 0.00108762036262972	0.000631332724287778	0.815464178111206	tissue_D_0__Bacteria___D_1__Proteobacteria___D_2__Alphaproteobacteria___D_3__Rhizobiales___D_4__Beijerinckiaceae___D_5__Methylobacterium	growth_rate_mm_per_year	FALSE
BM_Lambda	-	lambda=ML delta=1kappa=1	-38.8435617640483	-38.0435617640483	lambda	lambda : 1e-06 (95% CI  NA  -  0.911667221269147 )	0.0333885520848472	0.000535540223246003	0.127400823936548	-0.000876396875459719 - 0.00194747732195172	0.000720376070768225	0.468005731075515	tissue_D_0__Bacteria___D_1__Proteobacteria___D_2__Alphaproteobacteria___D_3__Rhizobiales___D_4__Beijerinckiaceae___D_5__Methylobacterium	growth_rate_mm_per_year	TRUE
BM_Kappa	-	lambda=1 delta=1kappa=ML	-35.1462572712377	-34.3462572712377	kappa	kappa : 0.163766388871323 (95% CI  NA  -  0.921896861444766 )	0.0235115242977631	0.000421247019752885	0.118162594351394	-0.000908980993424901 - 0.00175147503293067	0.000678687761825401	0.543551993791365	tissue_D_0__Bacteria___D_1__Proteobacteria___D_2__Alphaproteobacteria___D_3__Rhizobiales___D_4__Beijerinckiaceae___D_5__Methylobacterium	growth_rate_mm_per_year	FALSE
BM_Delta	-	lambda=1 delta=MLkappa=1	-30.516614952415	-29.716614952415	delta	delta : 1 (95% CI  0.27361255791248  -  NA )	0.00350601719429071	-0.000149791776974324	0.129473699032159	-0.00138720391657837 - 0.00108762036262972	0.000631332724287778	0.815464178111206	tissue_D_0__Bacteria___D_1__Proteobacteria___D_2__Alphaproteobacteria___D_3__Rhizobiales___D_4__Beijerinckiaceae___D_5__Methylobacterium	growth_rate_mm_per_year	FALSE
