model_name	compartment	branch_length_transformation	AIC	AICc	estimated_parameter	parameter_value	R2	slope	intercept	x_trait_slope_95CI	x_trait_slope_stdev	p	x_trait	y_trait	best_model
BM	-	lambda=1 delta=1kappa=1	-35.3182371126319	-34.518237112632	None	All parameters fixed	0.236825799926559	-0.0061875358137228	0.142455742751914	-0.0116301949902922 - -0.000744876637153421	0.00277686692682111	0.0405582613360915	all_D_0__Bacteria___D_1__Spirochaetes___D_2__Spirochaetia___D_3__Spirochaetales___D_4__Spirochaetaceae___D_5__Spirochaeta_2	growth_rate_mm_per_year	FALSE
BM_Lambda	-	lambda=ML delta=1kappa=1	-39.6101914087677	-38.8101914087677	lambda	lambda : 0.215173666540155 (95% CI  NA  -  0.9943476350465 )	0.0971802433406867	-0.0049365786468403	0.150792891805322	-0.0123093994150245 - 0.00243624212134393	0.00376164324907359	0.207918843295001	all_D_0__Bacteria___D_1__Spirochaetes___D_2__Spirochaetia___D_3__Spirochaetales___D_4__Spirochaetaceae___D_5__Spirochaeta_2	growth_rate_mm_per_year	TRUE
BM_Kappa	-	lambda=1 delta=1kappa=ML	-37.0341178153451	-36.2341178153451	kappa	kappa : 0.496395912419205 (95% CI  NA  -  NA )	0.14139864127066	-0.00525172280942435	0.139220535269585	-0.0115929168555288 - 0.00108947123668015	0.00323530308474719	0.124069930166838	all_D_0__Bacteria___D_1__Spirochaetes___D_2__Spirochaetia___D_3__Spirochaetales___D_4__Spirochaetaceae___D_5__Spirochaeta_2	growth_rate_mm_per_year	FALSE
BM_Delta	-	lambda=1 delta=MLkappa=1	-35.3182371126319	-34.518237112632	delta	delta : 1 (95% CI  0.25273839395834  -  NA )	0.236825799926559	-0.0061875358137228	0.142455742751914	-0.0116301949902922 - -0.000744876637153421	0.00277686692682111	0.0405582613360915	all_D_0__Bacteria___D_1__Spirochaetes___D_2__Spirochaetia___D_3__Spirochaetales___D_4__Spirochaetaceae___D_5__Spirochaeta_2	growth_rate_mm_per_year	FALSE
