model_name	compartment	branch_length_transformation	AIC	AICc	estimated_parameter	parameter_value	R2	slope	intercept	x_trait_slope_95CI	x_trait_slope_stdev	p	x_trait	y_trait	best_model
BM	-	lambda=1 delta=1kappa=1	111.305105377165	111.8268445076	None	All parameters fixed	0.0136425195556651	0.00321307626454626	3.90766088398538	-0.00771745732681775 - 0.0141436098559103	0.00557680285273674	0.569877781587014	mucus_D_0__Bacteria___D_1__Proteobacteria___D_2__Alphaproteobacteria___D_3__Rickettsiales___D_4__Midichloriaceae___D_5__MD3_55	depth	FALSE
BM_Lambda	-	lambda=ML delta=1kappa=1	106.507127650843	107.028866781278	lambda	lambda : 1e-06 (95% CI  NA  -  0.945217459571554 )	0.062584877749522	0.00372078832854934	3.87379993981816	-0.00204046123447675 - 0.00948203789157544	0.00293941304236025	0.217725419242717	mucus_D_0__Bacteria___D_1__Proteobacteria___D_2__Alphaproteobacteria___D_3__Rickettsiales___D_4__Midichloriaceae___D_5__MD3_55	depth	FALSE
BM_Kappa	-	lambda=1 delta=1kappa=ML	102.400280946944	102.922020077378	kappa	kappa : 1e-06 (95% CI  NA  -  0.605203835297957 )	0.079007962420133	0.00336479632190474	3.75609432037549	-0.00123143351870359 - 0.00796102616251308	0.00234501522480017	0.164227643220748	mucus_D_0__Bacteria___D_1__Proteobacteria___D_2__Alphaproteobacteria___D_3__Rickettsiales___D_4__Midichloriaceae___D_5__MD3_55	depth	TRUE
BM_Delta	-	lambda=1 delta=MLkappa=1	111.305105377165	111.8268445076	delta	delta : 1 (95% CI  0.313415644861719  -  NA )	0.0136425195556651	0.00321307626454626	3.90766088398538	-0.00771745732681775 - 0.0141436098559103	0.00557680285273674	0.569877781587014	mucus_D_0__Bacteria___D_1__Proteobacteria___D_2__Alphaproteobacteria___D_3__Rickettsiales___D_4__Midichloriaceae___D_5__MD3_55	depth	FALSE
