model_name	compartment	branch_length_transformation	AIC	AICc	estimated_parameter	parameter_value	R2	slope	intercept	x_trait_slope_95CI	x_trait_slope_stdev	p	x_trait	y_trait	best_model
BM	-	lambda=1 delta=1kappa=1	111.391525357552	111.913264487986	None	All parameters fixed	0.0103585651270513	-0.00572687049809059	4.25396820726966	-0.0281221737578341 - 0.0166684327616529	0.0114261751325222	0.620792220637799	skeleton_D_0__Bacteria___D_1__Proteobacteria___D_2__Gammaproteobacteria___D_3__Oceanospirillales___D_4__Endozoicomonadaceae___D_5__Endozoicomonas	depth	FALSE
BM_Lambda	-	lambda=ML delta=1kappa=1	105.669031769975	106.19077090041	lambda	lambda : 1e-06 (95% CI  NA  -  0.67767126286523 )	0.092320120771307	-0.0200598530674198	4.25191536448333	-0.0452248203651092 - 0.00510511423026955	0.0128392690294334	0.131288884657569	skeleton_D_0__Bacteria___D_1__Proteobacteria___D_2__Gammaproteobacteria___D_3__Oceanospirillales___D_4__Endozoicomonadaceae___D_5__Endozoicomonas	depth	FALSE
BM_Kappa	-	lambda=1 delta=1kappa=ML	104.116232390024	104.637971520458	kappa	kappa : 0.0404939229080062 (95% CI  NA  -  0.72567845301869 )	0.0151462141551343	-0.00702365003034696	4.26579106024349	-0.0296829843443502 - 0.0156356842836563	0.0115608848540833	0.549201328956534	skeleton_D_0__Bacteria___D_1__Proteobacteria___D_2__Gammaproteobacteria___D_3__Oceanospirillales___D_4__Endozoicomonadaceae___D_5__Endozoicomonas	depth	TRUE
BM_Delta	-	lambda=1 delta=MLkappa=1	111.391525357552	111.913264487986	delta	delta : 1 (95% CI  0.306080633845889  -  NA )	0.0103585651270513	-0.00572687049809059	4.25396820726966	-0.0281221737578341 - 0.0166684327616529	0.0114261751325222	0.620792220637799	skeleton_D_0__Bacteria___D_1__Proteobacteria___D_2__Gammaproteobacteria___D_3__Oceanospirillales___D_4__Endozoicomonadaceae___D_5__Endozoicomonas	depth	FALSE
