model_name	compartment	branch_length_transformation	AIC	AICc	estimated_parameter	parameter_value	R2	slope	intercept	x_trait_slope_95CI	x_trait_slope_stdev	p	x_trait	y_trait	best_model
BM	-	lambda=1 delta=1kappa=1	-26.1165409577777	-25.8556713925604	None	All parameters fixed	0.00584516474721618	-0.00936364209292156	0.174526596832399	-0.0442761127784479 - 0.0255488285926048	0.0178124850436359	0.601583101676612	all_D_0__Bacteria___D_1__Tenericutes___D_2__Mollicutes___D_3__Mycoplasmatales___D_4__Mycoplasmataceae___D_5__Mycoplasma	dominance_all	FALSE
BM_Lambda	-	lambda=ML delta=1kappa=1	-79.8217930593415	-79.5609234941241	lambda	lambda : 1e-06 (95% CI  NA  -  0.289181516688164 )	0.00324083623297666	-0.00389743379238254	0.160114588684241	-0.0234386893511755 - 0.0156438217664104	0.00997002834632294	0.697626513346202	all_D_0__Bacteria___D_1__Tenericutes___D_2__Mollicutes___D_3__Mycoplasmatales___D_4__Mycoplasmataceae___D_5__Mycoplasma	dominance_all	TRUE
BM_Kappa	-	lambda=1 delta=1kappa=ML	-58.3409118038751	-58.0800422386577	kappa	kappa : 1e-06 (95% CI  NA  -  0.276179404778076 )	0.00219722598850881	-0.00336637347997037	0.201989549645251	-0.0238758430796437 - 0.017143096119703	0.0104640151018742	0.749099214842583	all_D_0__Bacteria___D_1__Tenericutes___D_2__Mollicutes___D_3__Mycoplasmatales___D_4__Mycoplasmataceae___D_5__Mycoplasma	dominance_all	FALSE
BM_Delta	-	lambda=1 delta=MLkappa=1	-26.1165409577777	-25.8556713925604	delta	delta : 1 (95% CI  0.46971682673886  -  NA )	0.00584516474721618	-0.00936364209292156	0.174526596832399	-0.0442761127784479 - 0.0255488285926048	0.0178124850436359	0.601583101676612	all_D_0__Bacteria___D_1__Tenericutes___D_2__Mollicutes___D_3__Mycoplasmatales___D_4__Mycoplasmataceae___D_5__Mycoplasma	dominance_all	FALSE
