model_name	compartment	branch_length_transformation	AIC	AICc	estimated_parameter	parameter_value	R2	slope	intercept	x_trait_slope_95CI	x_trait_slope_stdev	p	x_trait	y_trait	best_model
BM	-	lambda=1 delta=1kappa=1	-29.4712533438192	-29.2103837786018	None	All parameters fixed	0.0716308484416282	0.000613171793503853	0.140057057529409	-1.79302899967046e-05 - 0.00124427387700441	0.000321990858928856	0.063000455125833	all_D_0__Bacteria___D_1__Proteobacteria___D_2__Gammaproteobacteria___D_3__Oceanospirillales___D_4__Endozoicomonadaceae___D_5__Endozoicomonas	dominance_all	FALSE
BM_Lambda	-	lambda=ML delta=1kappa=1	-87.0080190347555	-86.7471494695381	lambda	lambda : 1e-06 (95% CI  NA  -  0.281808774986952 )	0.139209195455129	0.000613625057875639	0.134457593969215	0.000177385468201444 - 0.00104986464754983	0.000222571219221528	0.00828011994662159	all_D_0__Bacteria___D_1__Proteobacteria___D_2__Gammaproteobacteria___D_3__Oceanospirillales___D_4__Endozoicomonadaceae___D_5__Endozoicomonas	dominance_all	TRUE
BM_Kappa	-	lambda=1 delta=1kappa=ML	-66.4896858398175	-66.2288162746001	kappa	kappa : 1e-06 (95% CI  NA  -  0.244530972257546 )	0.155069711942868	0.000660426623764744	0.161925128164524	0.000219690483321203 - 0.00110116276420829	0.000224865377777317	0.00511892204242415	all_D_0__Bacteria___D_1__Proteobacteria___D_2__Gammaproteobacteria___D_3__Oceanospirillales___D_4__Endozoicomonadaceae___D_5__Endozoicomonas	dominance_all	FALSE
BM_Delta	-	lambda=1 delta=MLkappa=1	-29.4712533438192	-29.2103837786018	delta	delta : 1 (95% CI  0.474593364515157  -  NA )	0.0716308484416282	0.000613171793503853	0.140057057529409	-1.79302899967046e-05 - 0.00124427387700441	0.000321990858928856	0.063000455125833	all_D_0__Bacteria___D_1__Proteobacteria___D_2__Gammaproteobacteria___D_3__Oceanospirillales___D_4__Endozoicomonadaceae___D_5__Endozoicomonas	dominance_all	FALSE
