model_name	compartment	branch_length_transformation	AIC	AICc	estimated_parameter	parameter_value	R2	slope	intercept	x_trait_slope_95CI	x_trait_slope_stdev	p	x_trait	y_trait	best_model
BM	-	lambda=1 delta=1kappa=1	566.41591188838	566.688639161107	None	All parameters fixed	0.0199905832431665	-0.33011544592234	155.668974973848	-1.00544856955626 - 0.345217677711576	0.344557716139753	0.343139503980359	skeleton_D_0__Bacteria___D_1__Bacteroidetes___D_2__Bacteroidia___D_3__Cytophagales___D_4__Cyclobacteriaceae___D_5__uncultured	observed_features_all	FALSE
BM_Lambda	-	lambda=ML delta=1kappa=1	541.916842266961	542.189569539688	lambda	lambda : 1e-06 (95% CI  NA  -  0.433905379278737 )	0.012827184836977	-0.333097030015545	156.881890717349	-1.18688787188477 - 0.520693811853678	0.435607572382257	0.448458298519064	skeleton_D_0__Bacteria___D_1__Bacteroidetes___D_2__Bacteroidia___D_3__Cytophagales___D_4__Cyclobacteriaceae___D_5__uncultured	observed_features_all	TRUE
BM_Kappa	-	lambda=1 delta=1kappa=ML	556.092351347723	556.36507862045	kappa	kappa : 0.181115257043205 (95% CI  NA  -  0.671309029504577 )	0.00171901340008526	0.119477945852175	135.456277398524	-0.721770607675444 - 0.960726499379794	0.429208445677356	0.782004941609197	skeleton_D_0__Bacteria___D_1__Bacteroidetes___D_2__Bacteroidia___D_3__Cytophagales___D_4__Cyclobacteriaceae___D_5__uncultured	observed_features_all	FALSE
BM_Delta	-	lambda=1 delta=MLkappa=1	566.41591188838	566.688639161107	delta	delta : 1 (95% CI  0.416784813617671  -  NA )	0.0199905832431665	-0.33011544592234	155.668974973848	-1.00544856955626 - 0.345217677711576	0.344557716139753	0.343139503980359	skeleton_D_0__Bacteria___D_1__Bacteroidetes___D_2__Bacteroidia___D_3__Cytophagales___D_4__Cyclobacteriaceae___D_5__uncultured	observed_features_all	FALSE
