model_name	compartment	branch_length_transformation	AIC	AICc	estimated_parameter	parameter_value	R2	slope	intercept	x_trait_slope_95CI	x_trait_slope_stdev	p	x_trait	y_trait	best_model
BM	-	lambda=1 delta=1kappa=1	-24.0792542258885	-23.7935399401742	None	All parameters fixed	0.00363735602394619	-0.000205412951577506	0.179243211988817	-0.00122158086825899 - 0.000810754965103979	0.000518453018715043	0.693914123441724	mucus_D_0__Bacteria___D_1__Proteobacteria___D_2__Gammaproteobacteria___D_3__Vibrionales___D_4__Vibrionaceae___D_5__Vibrio	dominance_all	FALSE
BM_Lambda	-	lambda=ML delta=1kappa=1	-75.3876052063447	-75.1018909206305	lambda	lambda : 1e-06 (95% CI  NA  -  0.289322530751487 )	0.00685717888129022	-0.000417273909190239	0.173450086955397	-0.0019182583433378 - 0.00108371052495732	0.000765808384769164	0.588650891064734	mucus_D_0__Bacteria___D_1__Proteobacteria___D_2__Gammaproteobacteria___D_3__Vibrionales___D_4__Vibrionaceae___D_5__Vibrio	dominance_all	TRUE
BM_Kappa	-	lambda=1 delta=1kappa=ML	-55.9741946259378	-55.6884803402235	kappa	kappa : 1e-06 (95% CI  NA  -  0.291636692401776 )	0.00931776572092042	-0.000467717191964651	0.211879919963748	-0.00190922324821612 - 0.000973788864286813	0.000735462273597686	0.528179565252271	mucus_D_0__Bacteria___D_1__Proteobacteria___D_2__Gammaproteobacteria___D_3__Vibrionales___D_4__Vibrionaceae___D_5__Vibrio	dominance_all	FALSE
BM_Delta	-	lambda=1 delta=MLkappa=1	-24.0792542258885	-23.7935399401742	delta	delta : 1 (95% CI  0.46510637663282  -  NA )	0.00363735602394619	-0.000205412951577506	0.179243211988817	-0.00122158086825899 - 0.000810754965103979	0.000518453018715043	0.693914123441724	mucus_D_0__Bacteria___D_1__Proteobacteria___D_2__Gammaproteobacteria___D_3__Vibrionales___D_4__Vibrionaceae___D_5__Vibrio	dominance_all	FALSE
