model_name	compartment	branch_length_transformation	AIC	AICc	estimated_parameter	parameter_value	R2	slope	intercept	x_trait_slope_95CI	x_trait_slope_stdev	p	x_trait	y_trait	best_model
BM	-	lambda=1 delta=1kappa=1	-32.7823236421295	-31.9823236421295	None	All parameters fixed	0.121364271197531	-0.0335906365314398	0.133640348463222	-0.0778773362251445 - 0.0106960631622649	0.0225952549457677	0.156553766949303	all_D_0__Bacteria___D_1__Proteobacteria___D_2__Gammaproteobacteria___D_3__Cellvibrionales___D_4__Spongiibacteraceae___D_5__BD1_7_clade	growth_rate_mm_per_year	FALSE
BM_Lambda	-	lambda=ML delta=1kappa=1	-42.6394357097974	-41.8394357097974	lambda	lambda : 1e-06 (95% CI  NA  -  0.796675788189336 )	0.217170658985461	-0.0844752253779367	0.156939520677502	-0.163063619062419 - -0.00588683169345443	0.0400961192267767	0.0512682444756623	all_D_0__Bacteria___D_1__Proteobacteria___D_2__Gammaproteobacteria___D_3__Cellvibrionales___D_4__Spongiibacteraceae___D_5__BD1_7_clade	growth_rate_mm_per_year	TRUE
BM_Kappa	-	lambda=1 delta=1kappa=ML	-37.27314248623	-36.47314248623	kappa	kappa : 0.181674673166867 (95% CI  NA  -  0.935474068181013 )	0.13131283406681	-0.0564842588504832	0.135055768940084	-0.127671412747887 - 0.0147028950469202	0.036319976478267	0.139458355221759	all_D_0__Bacteria___D_1__Proteobacteria___D_2__Gammaproteobacteria___D_3__Cellvibrionales___D_4__Spongiibacteraceae___D_5__BD1_7_clade	growth_rate_mm_per_year	FALSE
BM_Delta	-	lambda=1 delta=MLkappa=1	-32.7823236421295	-31.9823236421295	delta	delta : 1 (95% CI  0.275045397897814  -  NA )	0.121364271197531	-0.0335906365314398	0.133640348463222	-0.0778773362251445 - 0.0106960631622649	0.0225952549457677	0.156553766949303	all_D_0__Bacteria___D_1__Proteobacteria___D_2__Gammaproteobacteria___D_3__Cellvibrionales___D_4__Spongiibacteraceae___D_5__BD1_7_clade	growth_rate_mm_per_year	FALSE
