model_name	compartment	branch_length_transformation	AIC	AICc	estimated_parameter	parameter_value	R2	slope	intercept	x_trait_slope_95CI	x_trait_slope_stdev	p	x_trait	y_trait	best_model
BM	-	lambda=1 delta=1kappa=1	110.457017063888	112.457017063888	None	All parameters fixed	0.0934571079222223	-0.105856388371201	167.310020309977	-0.350093769055585 - 0.138380992313183	0.124610908512441	0.423703632801681	mucus_D_0__Bacteria___D_1__Proteobacteria___D_2__Alphaproteobacteria___D_3__Rhizobiales___D_4__Stappiaceae___D_5__Pseudovibrio	observed_features_all	FALSE
BM_Lambda	-	lambda=ML delta=1kappa=1	100.510864101062	102.510864101062	lambda	lambda : 1e-06 (95% CI  NA  -  0.594023454144973 )	0.00744443401387639	-0.0239883210753247	167.393305804322	-0.229184125483415 - 0.181207483332765	0.104691736942903	0.825316294772849	mucus_D_0__Bacteria___D_1__Proteobacteria___D_2__Alphaproteobacteria___D_3__Rhizobiales___D_4__Stappiaceae___D_5__Pseudovibrio	observed_features_all	TRUE
BM_Kappa	-	lambda=1 delta=1kappa=ML	106.392439112119	108.392439112119	kappa	kappa : 1e-06 (95% CI  NA  -  0.954509184173968 )	0.0450875344490599	-0.0851671376112191	157.478219260363	-0.375524364798636 - 0.205190089576198	0.14814144244256	0.583353075681931	mucus_D_0__Bacteria___D_1__Proteobacteria___D_2__Alphaproteobacteria___D_3__Rhizobiales___D_4__Stappiaceae___D_5__Pseudovibrio	observed_features_all	FALSE
BM_Delta	-	lambda=1 delta=MLkappa=1	110.457017063888	112.457017063888	delta	delta : 1 (95% CI  0.231024235474559  -  NA )	0.0934571079222223	-0.105856388371201	167.310020309977	-0.350093769055585 - 0.138380992313183	0.124610908512441	0.423703632801681	mucus_D_0__Bacteria___D_1__Proteobacteria___D_2__Alphaproteobacteria___D_3__Rhizobiales___D_4__Stappiaceae___D_5__Pseudovibrio	observed_features_all	FALSE
