model_name	compartment	branch_length_transformation	AIC	AICc	estimated_parameter	parameter_value	R2	slope	intercept	x_trait_slope_95CI	x_trait_slope_stdev	p	x_trait	y_trait	best_model
BM	-	lambda=1 delta=1kappa=1	254.209227407807	254.533551732132	None	All parameters fixed	0.0122784226333756	-0.00464907944948986	4.02795024501919	-0.0179070552718913 - 0.00860889637291153	0.00676427337877622	0.496067854570113	mucus_D_0__Bacteria___D_1__Proteobacteria___D_2__Gammaproteobacteria___D_3__Betaproteobacteriales___D_4__Burkholderiaceae___D_5__Aquabacterium	perc_dis	FALSE
BM_Lambda	-	lambda=ML delta=1kappa=1	237.672174437731	237.996498762056	lambda	lambda : 1e-06 (95% CI  NA  -  0.274249296134065 )	1.85831185615552e-05	0.000381992787605367	3.17032019041134	-0.0277924997129315 - 0.0285564852881422	0.0143747410717025	0.978938666445221	mucus_D_0__Bacteria___D_1__Proteobacteria___D_2__Gammaproteobacteria___D_3__Betaproteobacteriales___D_4__Burkholderiaceae___D_5__Aquabacterium	perc_dis	TRUE
BM_Kappa	-	lambda=1 delta=1kappa=ML	252.171086614736	252.495410939061	kappa	kappa : 0.554036065711494 (95% CI  NA  -  NA )	0.0162128122408924	-0.00835509050564752	4.24001107067118	-0.0290487279678475 - 0.0123385469565525	0.0105579782970408	0.433649794223198	mucus_D_0__Bacteria___D_1__Proteobacteria___D_2__Gammaproteobacteria___D_3__Betaproteobacteriales___D_4__Burkholderiaceae___D_5__Aquabacterium	perc_dis	FALSE
BM_Delta	-	lambda=1 delta=MLkappa=1	254.209227407807	254.533551732132	delta	delta : 1 (95% CI  0.380204847434892  -  NA )	0.0122784226333756	-0.00464907944948986	4.02795024501919	-0.0179070552718913 - 0.00860889637291153	0.00676427337877622	0.496067854570113	mucus_D_0__Bacteria___D_1__Proteobacteria___D_2__Gammaproteobacteria___D_3__Betaproteobacteriales___D_4__Burkholderiaceae___D_5__Aquabacterium	perc_dis	FALSE
