model_name	compartment	branch_length_transformation	AIC	AICc	estimated_parameter	parameter_value	R2	slope	intercept	x_trait_slope_95CI	x_trait_slope_stdev	p	x_trait	y_trait	best_model
BM	-	lambda=1 delta=1kappa=1	253.968979779194	254.293304103518	None	All parameters fixed	0.018193086651695	-0.00857551675629871	4.56933385581608	-0.0286056769129275 - 0.0114546434003301	0.0102194694676678	0.40664155542006	observed_features_mucus	perc_dis	FALSE
BM_Lambda	-	lambda=ML delta=1kappa=1	236.602479596298	236.926803920622	lambda	lambda : 1e-06 (95% CI  NA  -  0.301833113389224 )	0.0264060529095237	-0.0135666241133784	4.43356469290978	-0.0397589010128199 - 0.012625652786063	0.0133634065813477	0.316427769954884	observed_features_mucus	perc_dis	TRUE
BM_Kappa	-	lambda=1 delta=1kappa=ML	252.060604707127	252.384929031451	kappa	kappa : 0.588122845442969 (95% CI  0.022023513442985  -  NA )	0.0188444158827512	-0.0118085579651869	4.88471295217657	-0.038900412724415 - 0.0152832967940413	0.0138223748771572	0.398288551842861	observed_features_mucus	perc_dis	FALSE
BM_Delta	-	lambda=1 delta=MLkappa=1	253.968979779194	254.293304103518	delta	delta : 1 (95% CI  0.381512985300476  -  NA )	0.018193086651695	-0.00857551675629871	4.56933385581608	-0.0286056769129275 - 0.0114546434003301	0.0102194694676678	0.40664155542006	observed_features_mucus	perc_dis	FALSE
