model_name	compartment	branch_length_transformation	AIC	AICc	estimated_parameter	parameter_value	R2	slope	intercept	x_trait_slope_95CI	x_trait_slope_stdev	p	x_trait	y_trait	best_model
BM	-	lambda=1 delta=1kappa=1	-30.6939072375906	-29.7708303145137	None	All parameters fixed	0.074986031239799	-0.000774237807262583	0.123221262663741	-0.0021986982377314 - 0.000650222623206238	0.000726765525749398	0.304760015625795	tissue_D_0__Bacteria___D_1__Proteobacteria___D_2__Alphaproteobacteria___D_3__Rhizobiales___D_4__Beijerinckiaceae___D_5__Methylobacterium	growth_rate_mm_per_year	FALSE
BM_Lambda	-	lambda=ML delta=1kappa=1	-40.8356517022093	-39.9125747791324	lambda	lambda : 0.416261787078696 (95% CI  NA  -  0.89976931632796 )	1.1408722041271e-06	-3.64106798529098e-06	0.117526188096333	-0.00178931473512116 - 0.00178203259915058	0.000911057993436667	0.996867631238263	tissue_D_0__Bacteria___D_1__Proteobacteria___D_2__Alphaproteobacteria___D_3__Rhizobiales___D_4__Beijerinckiaceae___D_5__Methylobacterium	growth_rate_mm_per_year	TRUE
BM_Kappa	-	lambda=1 delta=1kappa=ML	-40.238967538864	-39.3158906157871	kappa	kappa : 1e-06 (95% CI  NA  -  0.542975681537226 )	0.00103974411569131	-0.000104222320432129	0.120195639195089	-0.00179646896279024 - 0.00158802432192598	0.000863391144060261	0.905633907842085	tissue_D_0__Bacteria___D_1__Proteobacteria___D_2__Alphaproteobacteria___D_3__Rhizobiales___D_4__Beijerinckiaceae___D_5__Methylobacterium	growth_rate_mm_per_year	FALSE
BM_Delta	-	lambda=1 delta=MLkappa=1	-30.6939072375906	-29.7708303145137	delta	delta : 1 (95% CI  0.286236197219079  -  NA )	0.074986031239799	-0.000774237807262583	0.123221262663741	-0.0021986982377314 - 0.000650222623206238	0.000726765525749398	0.304760015625795	tissue_D_0__Bacteria___D_1__Proteobacteria___D_2__Alphaproteobacteria___D_3__Rhizobiales___D_4__Beijerinckiaceae___D_5__Methylobacterium	growth_rate_mm_per_year	FALSE
