model_name	compartment	branch_length_transformation	AIC	AICc	estimated_parameter	parameter_value	R2	slope	intercept	x_trait_slope_95CI	x_trait_slope_stdev	p	x_trait	y_trait	best_model
BM	-	lambda=1 delta=1kappa=1	-36.4681920992265	-36.1824778135122	None	All parameters fixed	0.243425081648898	-0.000613399506812393	0.232853499396985	-0.00093662720813093 - -0.000290171805493855	0.000164912092509458	0.000573651296159827	mucus_D_0__Bacteria___D_1__Proteobacteria___D_2__Alphaproteobacteria___D_3__Sphingomonadales___D_4__Sphingomonadaceae___D_5__Sphingobium	dominance_all	FALSE
BM_Lambda	-	lambda=ML delta=1kappa=1	-77.9632607029768	-77.6775464172625	lambda	lambda : 1e-06 (95% CI  NA  -  0.297191497171647 )	0.062105290408771	-0.000382780082696037	0.205219973652937	-0.000827394887846154 - 6.18347224540805e-05	0.000226844288341897	0.0987660252646898	mucus_D_0__Bacteria___D_1__Proteobacteria___D_2__Alphaproteobacteria___D_3__Sphingomonadales___D_4__Sphingomonadaceae___D_5__Sphingobium	dominance_all	TRUE
BM_Kappa	-	lambda=1 delta=1kappa=ML	-58.5610806278434	-58.2753663421291	kappa	kappa : 0.0449551660434104 (95% CI  NA  -  0.440685496142815 )	0.0695568835243994	-0.000412691186625767	0.238344374185716	-0.000863842154881123 - 3.845978162959e-05	0.000230179065436406	0.0800228399122598	mucus_D_0__Bacteria___D_1__Proteobacteria___D_2__Alphaproteobacteria___D_3__Sphingomonadales___D_4__Sphingomonadaceae___D_5__Sphingobium	dominance_all	FALSE
BM_Delta	-	lambda=1 delta=MLkappa=1	-36.4681920992265	-36.1824778135122	delta	delta : 1 (95% CI  0.4491275280672  -  NA )	0.243425081648898	-0.000613399506812393	0.232853499396985	-0.00093662720813093 - -0.000290171805493855	0.000164912092509458	0.000573651296159827	mucus_D_0__Bacteria___D_1__Proteobacteria___D_2__Alphaproteobacteria___D_3__Sphingomonadales___D_4__Sphingomonadaceae___D_5__Sphingobium	dominance_all	FALSE
