model_name	compartment	branch_length_transformation	AIC	AICc	estimated_parameter	parameter_value	R2	slope	intercept	x_trait_slope_95CI	x_trait_slope_stdev	p	x_trait	y_trait	best_model
BM	-	lambda=1 delta=1kappa=1	-36.6448305186007	-36.3839609533833	None	All parameters fixed	0.198063111492514	0.00105791845315552	0.0973066821808733	0.000449324501624282 - 0.00166651240468675	0.000310507118128182	0.00135478496439179	all_D_0__Bacteria___D_1__Proteobacteria___D_2__Gammaproteobacteria___D_3__Pseudomonadales___D_4__Pseudomonadaceae___D_5__Pseudomonas	dominance_all	FALSE
BM_Lambda	-	lambda=ML delta=1kappa=1	-82.5698443027387	-82.3089747375213	lambda	lambda : 1e-06 (95% CI  NA  -  0.302060406840098 )	0.0576031207226749	0.0004789041794068	0.124739977906671	-7.48916527371755e-05 - 0.00103270001155078	0.000282548893951008	0.0967029750121648	all_D_0__Bacteria___D_1__Proteobacteria___D_2__Gammaproteobacteria___D_3__Pseudomonadales___D_4__Pseudomonadaceae___D_5__Pseudomonas	dominance_all	TRUE
BM_Kappa	-	lambda=1 delta=1kappa=ML	-59.1745300378623	-58.9136604726449	kappa	kappa : 1e-06 (95% CI  NA  -  0.372048182608832 )	0.0190288812298574	0.000292533617904419	0.181926298853027	-0.000307954485301688 - 0.000893021721110526	0.000306371481227606	0.344547577683173	all_D_0__Bacteria___D_1__Proteobacteria___D_2__Gammaproteobacteria___D_3__Pseudomonadales___D_4__Pseudomonadaceae___D_5__Pseudomonas	dominance_all	FALSE
BM_Delta	-	lambda=1 delta=MLkappa=1	-36.6448305186007	-36.3839609533833	delta	delta : 1 (95% CI  0.444726911676469  -  NA )	0.198063111492514	0.00105791845315552	0.0973066821808733	0.000449324501624282 - 0.00166651240468675	0.000310507118128182	0.00135478496439179	all_D_0__Bacteria___D_1__Proteobacteria___D_2__Gammaproteobacteria___D_3__Pseudomonadales___D_4__Pseudomonadaceae___D_5__Pseudomonas	dominance_all	FALSE
