model_name	compartment	branch_length_transformation	AIC	AICc	estimated_parameter	parameter_value	R2	slope	intercept	x_trait_slope_95CI	x_trait_slope_stdev	p	x_trait	y_trait	best_model
BM	-	lambda=1 delta=1kappa=1	254.163577323845	254.48790164817	None	All parameters fixed	0.0134050189008712	-0.00333680268420068	3.65870322470744	-0.0124386707255576 - 0.00576506535715622	0.00464381022518209	0.47681441530171	mucus_D_0__Bacteria___D_1__Proteobacteria___D_2__Alphaproteobacteria___D_3__Rhodospirillales___D_4__Terasakiellaceae___D_5__uncultured	perc_dis	FALSE
BM_Lambda	-	lambda=ML delta=1kappa=1	236.944362256279	237.268686580603	lambda	lambda : 1e-06 (95% CI  NA  -  0.259716380586121 )	0.0180490175065633	-0.00886911601227513	3.34338815875721	-0.029669087046687 - 0.0119308550221368	0.0106122301195979	0.408522901529756	mucus_D_0__Bacteria___D_1__Proteobacteria___D_2__Alphaproteobacteria___D_3__Rhodospirillales___D_4__Terasakiellaceae___D_5__uncultured	perc_dis	TRUE
BM_Kappa	-	lambda=1 delta=1kappa=ML	252.489816153167	252.814140477491	kappa	kappa : 0.594073582187519 (95% CI  0.00842248242695374  -  NA )	0.00830915502010035	-0.00362001337342885	3.60010374818458	-0.0161943235542013 - 0.00895429680734365	0.00641546437794515	0.5758903412425	mucus_D_0__Bacteria___D_1__Proteobacteria___D_2__Alphaproteobacteria___D_3__Rhodospirillales___D_4__Terasakiellaceae___D_5__uncultured	perc_dis	FALSE
BM_Delta	-	lambda=1 delta=MLkappa=1	254.163577323845	254.48790164817	delta	delta : 1 (95% CI  0.380450145065392  -  NA )	0.0134050189008712	-0.00333680268420068	3.65870322470744	-0.0124386707255576 - 0.00576506535715622	0.00464381022518209	0.47681441530171	mucus_D_0__Bacteria___D_1__Proteobacteria___D_2__Alphaproteobacteria___D_3__Rhodospirillales___D_4__Terasakiellaceae___D_5__uncultured	perc_dis	FALSE
