model_name	compartment	branch_length_transformation	AIC	AICc	estimated_parameter	parameter_value	R2	slope	intercept	x_trait_slope_95CI	x_trait_slope_stdev	p	x_trait	y_trait	best_model
BM	-	lambda=1 delta=1kappa=1	275.543998277889	275.836681204718	None	All parameters fixed	0.00288075011669326	-0.0149586414036794	3.74312374146757	-0.0991261231664407 - 0.0692088403590819	0.0429425927361027	0.729324586434548	all_D_0__Bacteria___D_1__Cyanobacteria___D_2__Oxyphotobacteria___D_3__Synechococcales___D_4__Cyanobiaceae___D_5__Synechococcus_CC9902	perc_dis	FALSE
BM_Lambda	-	lambda=ML delta=1kappa=1	257.397435850621	257.69011877745	lambda	lambda : 1e-06 (95% CI  NA  -  0.244998976654165 )	0.0238136012089011	-0.0741723231667995	3.81727662836099	-0.217796365513965 - 0.069451719180366	0.0732775726261049	0.317233452750914	all_D_0__Bacteria___D_1__Cyanobacteria___D_2__Oxyphotobacteria___D_3__Synechococcales___D_4__Cyanobiaceae___D_5__Synechococcus_CC9902	perc_dis	TRUE
BM_Kappa	-	lambda=1 delta=1kappa=ML	273.970401133506	274.263084060335	kappa	kappa : 0.643401897453557 (95% CI  0.108609158599945  -  NA )	0.00577629055364822	-0.0273123745293998	3.82000538337079	-0.135682213461815 - 0.0810574644030157	0.0552907341491916	0.623895782263489	all_D_0__Bacteria___D_1__Cyanobacteria___D_2__Oxyphotobacteria___D_3__Synechococcales___D_4__Cyanobiaceae___D_5__Synechococcus_CC9902	perc_dis	FALSE
BM_Delta	-	lambda=1 delta=MLkappa=1	275.543998277889	275.836681204718	delta	delta : 1 (95% CI  0.385102782300116  -  NA )	0.00288075011669326	-0.0149586414036794	3.74312374146757	-0.0991261231664407 - 0.0692088403590819	0.0429425927361027	0.729324586434548	all_D_0__Bacteria___D_1__Cyanobacteria___D_2__Oxyphotobacteria___D_3__Synechococcales___D_4__Cyanobiaceae___D_5__Synechococcus_CC9902	perc_dis	FALSE
