model_name	compartment	branch_length_transformation	AIC	AICc	estimated_parameter	parameter_value	R2	slope	intercept	x_trait_slope_95CI	x_trait_slope_stdev	p	x_trait	y_trait	best_model
BM	-	lambda=1 delta=1kappa=1	265.323184324744	265.630876632437	None	All parameters fixed	0.0143672157842366	0.0263431118771116	3.31545722798942	-0.0412752141375932 - 0.0939614378918164	0.0344991459258698	0.449593792226622	skeleton_D_0__Bacteria___D_1__Proteobacteria___D_2__Deltaproteobacteria___D_3__Myxococcales___D_4__P3OB_42___D_5__uncultured_bacterium	perc_dis	FALSE
BM_Lambda	-	lambda=ML delta=1kappa=1	246.619888920847	246.927581228539	lambda	lambda : 1e-06 (95% CI  NA  -  0.221694117347199 )	0.0399834951449703	0.0250128181420397	2.89323544941766	-0.0129700427938124 - 0.0629956790778919	0.0193790106815572	0.204212559066302	skeleton_D_0__Bacteria___D_1__Proteobacteria___D_2__Deltaproteobacteria___D_3__Myxococcales___D_4__P3OB_42___D_5__uncultured_bacterium	perc_dis	TRUE
BM_Kappa	-	lambda=1 delta=1kappa=ML	263.390638897427	263.698331205119	kappa	kappa : 0.571349048422048 (95% CI  NA  -  NA )	0.0222998222887405	0.0265391580736708	3.35682069737928	-0.0279193027939951 - 0.0809976189413368	0.0277849290141153	0.345232091575839	skeleton_D_0__Bacteria___D_1__Proteobacteria___D_2__Deltaproteobacteria___D_3__Myxococcales___D_4__P3OB_42___D_5__uncultured_bacterium	perc_dis	FALSE
BM_Delta	-	lambda=1 delta=MLkappa=1	265.323184324744	265.630876632437	delta	delta : 1 (95% CI  0.385999018995936  -  NA )	0.0143672157842366	0.0263431118771116	3.31545722798942	-0.0412752141375932 - 0.0939614378918164	0.0344991459258698	0.449593792226622	skeleton_D_0__Bacteria___D_1__Proteobacteria___D_2__Deltaproteobacteria___D_3__Myxococcales___D_4__P3OB_42___D_5__uncultured_bacterium	perc_dis	FALSE
