model_name	compartment	branch_length_transformation	AIC	AICc	estimated_parameter	parameter_value	R2	slope	intercept	x_trait_slope_95CI	x_trait_slope_stdev	p	x_trait	y_trait	best_model
BM	-	lambda=1 delta=1kappa=1	-55.6219130972867	-55.3491858245594	None	All parameters fixed	0.0167930203217445	-0.000166789784480206	0.174667732398025	-0.000539676860795516 - 0.000206097291835104	0.000190248508324138	0.385308989373058	skeleton_D_0__Bacteria___D_1__Spirochaetes___D_2__Spirochaetia___D_3__Spirochaetales___D_4__Spirochaetaceae___D_5__Spirochaeta_2	dominance_all	FALSE
BM_Lambda	-	lambda=ML delta=1kappa=1	-91.8986040382651	-91.6258767655379	lambda	lambda : 1e-06 (95% CI  NA  -  0.356805249870442 )	0.000864728038805802	-3.61451780730819e-05	0.153868375722654	-0.000395127083173916 - 0.000322836727027752	0.000183154033214711	0.844443525015846	skeleton_D_0__Bacteria___D_1__Spirochaetes___D_2__Spirochaetia___D_3__Spirochaetales___D_4__Spirochaetaceae___D_5__Spirochaeta_2	dominance_all	TRUE
BM_Kappa	-	lambda=1 delta=1kappa=ML	-68.7181803283288	-68.4454530556016	kappa	kappa : 0.223026820000744 (95% CI  NA  -  0.633646365926676 )	0.00433928019042694	-8.21721237888797e-05	0.196417096456272	-0.000445853587505659 - 0.0002815093399279	0.000185551767202438	0.659993789637699	skeleton_D_0__Bacteria___D_1__Spirochaetes___D_2__Spirochaetia___D_3__Spirochaetales___D_4__Spirochaetaceae___D_5__Spirochaeta_2	dominance_all	FALSE
BM_Delta	-	lambda=1 delta=MLkappa=1	-55.6219130972867	-55.3491858245594	delta	delta : 1 (95% CI  0.431940129816416  -  NA )	0.0167930203217445	-0.000166789784480206	0.174667732398025	-0.000539676860795516 - 0.000206097291835104	0.000190248508324138	0.385308989373058	skeleton_D_0__Bacteria___D_1__Spirochaetes___D_2__Spirochaetia___D_3__Spirochaetales___D_4__Spirochaetaceae___D_5__Spirochaeta_2	dominance_all	FALSE
