model_name	compartment	branch_length_transformation	AIC	AICc	estimated_parameter	parameter_value	R2	slope	intercept	x_trait_slope_95CI	x_trait_slope_stdev	p	x_trait	y_trait	best_model
BM	-	lambda=1 delta=1kappa=1	219.302675726857	219.689772501051	None	All parameters fixed	0.000725803904643689	-0.00274010326496242	4.28789186553687	-0.0379675120217722 - 0.0324873054918473	0.0179731677330662	0.879785125343643	skeleton_D_0__Bacteria___D_1__Spirochaetes___D_2__Spirochaetia___D_3__Spirochaetales___D_4__Spirochaetaceae___D_5__Spirochaeta_2	perc_dis	FALSE
BM_Lambda	-	lambda=ML delta=1kappa=1	205.6837682391	206.070865013293	lambda	lambda : 1e-06 (95% CI  NA  -  0.306326590138422 )	0.00197928221315755	-0.00578661231030139	3.39391400872674	-0.0508082601182367 - 0.0392350354976339	0.0229702284734364	0.802715467643688	skeleton_D_0__Bacteria___D_1__Spirochaetes___D_2__Spirochaetia___D_3__Spirochaetales___D_4__Spirochaetaceae___D_5__Spirochaeta_2	perc_dis	TRUE
BM_Kappa	-	lambda=1 delta=1kappa=ML	217.115906358596	217.503003132789	kappa	kappa : 0.522397153523939 (95% CI  NA  -  NA )	0.00081500324851897	-0.00333668379179293	4.63356555383548	-0.0438165824118462 - 0.0371432148282603	0.0206530095000272	0.872668738710575	skeleton_D_0__Bacteria___D_1__Spirochaetes___D_2__Spirochaetia___D_3__Spirochaetales___D_4__Spirochaetaceae___D_5__Spirochaeta_2	perc_dis	FALSE
BM_Delta	-	lambda=1 delta=MLkappa=1	219.302675726857	219.689772501051	delta	delta : 1 (95% CI  0.344322434068115  -  NA )	0.000725803904643689	-0.00274010326496242	4.28789186553687	-0.0379675120217722 - 0.0324873054918473	0.0179731677330662	0.879785125343643	skeleton_D_0__Bacteria___D_1__Spirochaetes___D_2__Spirochaetia___D_3__Spirochaetales___D_4__Spirochaetaceae___D_5__Spirochaeta_2	perc_dis	FALSE
