model_name	compartment	branch_length_transformation	AIC	AICc	estimated_parameter	parameter_value	R2	slope	intercept	x_trait_slope_95CI	x_trait_slope_stdev	p	x_trait	y_trait	best_model
BM	-	lambda=1 delta=1kappa=1	265.839521893535	266.147214201227	None	All parameters fixed	0.00217530250505731	-0.00274021049800339	3.63404862203853	-0.0209278901459132 - 0.0154474691499064	0.00927942839179072	0.769292544909828	skeleton_D_0__Bacteria___D_1__Proteobacteria___D_2__Alphaproteobacteria___D_3__Rhodospirillales___D_4__Terasakiellaceae___D_5__uncultured	perc_dis	FALSE
BM_Lambda	-	lambda=ML delta=1kappa=1	248.115841116149	248.423533423841	lambda	lambda : 1e-06 (95% CI  NA  -  0.237796535771792 )	0.00517346399860873	-0.00585253516494294	3.20883339793536	-0.0310034086412296 - 0.0192983383113437	0.0128320783042279	0.650794609107036	skeleton_D_0__Bacteria___D_1__Proteobacteria___D_2__Alphaproteobacteria___D_3__Rhodospirillales___D_4__Terasakiellaceae___D_5__uncultured	perc_dis	TRUE
BM_Kappa	-	lambda=1 delta=1kappa=ML	264.293400412169	264.601092719861	kappa	kappa : 0.616676620439831 (95% CI  0.0445842939338638  -  NA )	0.000617979463733774	-0.00169253260268491	3.59600123217727	-0.0227857031052386 - 0.0194006378998687	0.0107618216849764	0.875821733212577	skeleton_D_0__Bacteria___D_1__Proteobacteria___D_2__Alphaproteobacteria___D_3__Rhodospirillales___D_4__Terasakiellaceae___D_5__uncultured	perc_dis	FALSE
BM_Delta	-	lambda=1 delta=MLkappa=1	265.839521893535	266.147214201227	delta	delta : 1 (95% CI  0.383192459580663  -  NA )	0.00217530250505731	-0.00274021049800339	3.63404862203853	-0.0209278901459132 - 0.0154474691499064	0.00927942839179072	0.769292544909828	skeleton_D_0__Bacteria___D_1__Proteobacteria___D_2__Alphaproteobacteria___D_3__Rhodospirillales___D_4__Terasakiellaceae___D_5__uncultured	perc_dis	FALSE
