model_name	compartment	branch_length_transformation	AIC	AICc	estimated_parameter	parameter_value	R2	slope	intercept	x_trait_slope_95CI	x_trait_slope_stdev	p	x_trait	y_trait	best_model
BM	-	lambda=1 delta=1kappa=1	-32.9439538219959	-32.1439538219959	None	All parameters fixed	0.129218624014395	0.000481096728938431	0.0914864873605586	-0.000130859689195968 - 0.00109305314707283	0.000312222662313469	0.142890081630894	all_D_0__Bacteria___D_1__Proteobacteria___D_2__Gammaproteobacteria___D_3__Pseudomonadales___D_4__Pseudomonadaceae___D_5__Pseudomonas	growth_rate_mm_per_year	FALSE
BM_Lambda	-	lambda=ML delta=1kappa=1	-45.3218262941198	-44.5218262941198	lambda	lambda : 1e-06 (95% CI  NA  -  0.663043513897116 )	0.325553052615285	0.000738399602777138	0.079356965745439	0.000217624102111067 - 0.00125917510344321	0.000265701786054118	0.0134079741037851	all_D_0__Bacteria___D_1__Proteobacteria___D_2__Gammaproteobacteria___D_3__Pseudomonadales___D_4__Pseudomonadaceae___D_5__Pseudomonas	growth_rate_mm_per_year	TRUE
BM_Kappa	-	lambda=1 delta=1kappa=ML	-39.3375070351775	-38.5375070351775	kappa	kappa : 1e-06 (95% CI  NA  -  0.764486955562726 )	0.244109710253971	0.000645439182407515	0.0816901476082761	8.89095900839805e-05 - 0.00120196877473105	0.000283943669552824	0.03715443478161	all_D_0__Bacteria___D_1__Proteobacteria___D_2__Gammaproteobacteria___D_3__Pseudomonadales___D_4__Pseudomonadaceae___D_5__Pseudomonas	growth_rate_mm_per_year	FALSE
BM_Delta	-	lambda=1 delta=MLkappa=1	-32.9439538219959	-32.1439538219959	delta	delta : 1 (95% CI  0.293935829094841  -  NA )	0.129218624014395	0.000481096728938431	0.0914864873605586	-0.000130859689195968 - 0.00109305314707283	0.000312222662313469	0.142890081630894	all_D_0__Bacteria___D_1__Proteobacteria___D_2__Gammaproteobacteria___D_3__Pseudomonadales___D_4__Pseudomonadaceae___D_5__Pseudomonas	growth_rate_mm_per_year	FALSE
