model_name	compartment	branch_length_transformation	AIC	AICc	estimated_parameter	parameter_value	R2	slope	intercept	x_trait_slope_95CI	x_trait_slope_stdev	p	x_trait	y_trait	best_model
BM	-	lambda=1 delta=1kappa=1	-28.4859319349932	-27.6287890778503	None	All parameters fixed	0.0993124677915914	-0.000994273762419704	0.133110395894169	-0.00250958418223844 - 0.000521036657399031	0.000773117561132008	0.217921071062893	mucus_D_0__Bacteria___D_1__Proteobacteria___D_2__Gammaproteobacteria___D_3__Vibrionales___D_4__Vibrionaceae___D_5__Photobacterium	growth_rate_mm_per_year	FALSE
BM_Lambda	-	lambda=ML delta=1kappa=1	-39.0544793023928	-38.19733644525	lambda	lambda : 1e-06 (95% CI  NA  -  0.826856846002858 )	0.133707265708799	-0.00192625607809444	0.156319395609088	-0.00440755619535339 - 0.000555044039164505	0.0012659694475811	0.148916965786078	mucus_D_0__Bacteria___D_1__Proteobacteria___D_2__Gammaproteobacteria___D_3__Vibrionales___D_4__Vibrionaceae___D_5__Photobacterium	growth_rate_mm_per_year	TRUE
BM_Kappa	-	lambda=1 delta=1kappa=ML	-33.4820804712623	-32.6249376141194	kappa	kappa : 0.128939953789507 (95% CI  NA  -  0.890006566591937 )	0.0932096987962514	-0.00134514364649511	0.132069538195797	-0.00346839782484036 - 0.000778110531850154	0.00108329294813534	0.233407032672466	mucus_D_0__Bacteria___D_1__Proteobacteria___D_2__Gammaproteobacteria___D_3__Vibrionales___D_4__Vibrionaceae___D_5__Photobacterium	growth_rate_mm_per_year	FALSE
BM_Delta	-	lambda=1 delta=MLkappa=1	-28.4859319349932	-27.6287890778503	delta	delta : 1 (95% CI  0.279425345758424  -  NA )	0.0993124677915914	-0.000994273762419704	0.133110395894169	-0.00250958418223844 - 0.000521036657399031	0.000773117561132008	0.217921071062893	mucus_D_0__Bacteria___D_1__Proteobacteria___D_2__Gammaproteobacteria___D_3__Vibrionales___D_4__Vibrionaceae___D_5__Photobacterium	growth_rate_mm_per_year	FALSE
