model_name	compartment	branch_length_transformation	AIC	AICc	estimated_parameter	parameter_value	R2	slope	intercept	x_trait_slope_95CI	x_trait_slope_stdev	p	x_trait	y_trait	best_model
BM	-	lambda=1 delta=1kappa=1	256.338751195099	256.663075519423	None	All parameters fixed	0.0324434771392174	-0.0181990205251105	3.73028598481476	-0.0497989973103712 - 0.0134009562601503	0.0161224371353371	0.266057937518946	tissue_D_0__Bacteria___D_1__Bacteroidetes___D_2__Bacteroidia___D_3__Flavobacteriales___D_4__Flavobacteriaceae___D_5__Maritimimonas	perc_dis	FALSE
BM_Lambda	-	lambda=ML delta=1kappa=1	237.395031063374	237.719355387698	lambda	lambda : 1e-06 (95% CI  NA  -  0.231256567041054 )	0.0137297668802714	-0.0181881287297298	3.42450204937603	-0.0672019625061873 - 0.0308257050467277	0.025007058049213	0.471487598669703	tissue_D_0__Bacteria___D_1__Bacteroidetes___D_2__Bacteroidia___D_3__Flavobacteriales___D_4__Flavobacteriaceae___D_5__Maritimimonas	perc_dis	TRUE
BM_Kappa	-	lambda=1 delta=1kappa=ML	254.373985315903	254.698309640227	kappa	kappa : 0.558009872488739 (95% CI  NA  -  NA )	0.0199022113114326	-0.017351742285593	3.69580325537285	-0.0560678241904026 - 0.0213643396192166	0.019753103012658	0.385230524689932	tissue_D_0__Bacteria___D_1__Bacteroidetes___D_2__Bacteroidia___D_3__Flavobacteriales___D_4__Flavobacteriaceae___D_5__Maritimimonas	perc_dis	FALSE
BM_Delta	-	lambda=1 delta=MLkappa=1	256.338751195099	256.663075519423	delta	delta : 1 (95% CI  0.384455318957155  -  NA )	0.0324434771392174	-0.0181990205251105	3.73028598481476	-0.0497989973103712 - 0.0134009562601503	0.0161224371353371	0.266057937518946	tissue_D_0__Bacteria___D_1__Bacteroidetes___D_2__Bacteroidia___D_3__Flavobacteriales___D_4__Flavobacteriaceae___D_5__Maritimimonas	perc_dis	FALSE
