model_name	compartment	branch_length_transformation	AIC	AICc	estimated_parameter	parameter_value	R2	slope	intercept	x_trait_slope_95CI	x_trait_slope_stdev	p	x_trait	y_trait	best_model
BM	-	lambda=1 delta=1kappa=1	275.292763472288	275.585446399118	None	All parameters fixed	0.0085579597961698	-0.00507124069293027	3.87837193437363	-0.0215792305765664 - 0.0114367491907058	0.00842244381818169	0.550337600727657	all_D_0__Bacteria___D_1__Proteobacteria___D_2__Alphaproteobacteria___D_3__Sphingomonadales___D_4__Sphingomonadaceae___D_5__Sphingobium	perc_dis	FALSE
BM_Lambda	-	lambda=ML delta=1kappa=1	258.383960078675	258.676643005504	lambda	lambda : 1e-06 (95% CI  NA  -  0.254975194651479 )	0.00167931162851761	-0.00427187696529854	3.30247409654163	-0.0357725294901688 - 0.0272287755595717	0.0160717614922808	0.791693551962923	all_D_0__Bacteria___D_1__Proteobacteria___D_2__Alphaproteobacteria___D_3__Sphingomonadales___D_4__Sphingomonadaceae___D_5__Sphingobium	perc_dis	TRUE
BM_Kappa	-	lambda=1 delta=1kappa=ML	273.535367447196	273.828050374025	kappa	kappa : 0.612940931523157 (95% CI  0.0607019520079064  -  NA )	0.0160824098700384	-0.00999883042456955	4.08809548899023	-0.0336517322111786 - 0.0136540713620395	0.0120678070339842	0.412040662003712	all_D_0__Bacteria___D_1__Proteobacteria___D_2__Alphaproteobacteria___D_3__Sphingomonadales___D_4__Sphingomonadaceae___D_5__Sphingobium	perc_dis	FALSE
BM_Delta	-	lambda=1 delta=MLkappa=1	275.292763472288	275.585446399118	delta	delta : 1 (95% CI  0.384418744086373  -  NA )	0.0085579597961698	-0.00507124069293027	3.87837193437363	-0.0215792305765664 - 0.0114367491907058	0.00842244381818169	0.550337600727657	all_D_0__Bacteria___D_1__Proteobacteria___D_2__Alphaproteobacteria___D_3__Sphingomonadales___D_4__Sphingomonadaceae___D_5__Sphingobium	perc_dis	FALSE
