model_name	compartment	branch_length_transformation	AIC	AICc	estimated_parameter	parameter_value	R2	slope	intercept	x_trait_slope_95CI	x_trait_slope_stdev	p	x_trait	y_trait	best_model
BM	-	lambda=1 delta=1kappa=1	274.019805691261	274.312488618091	None	All parameters fixed	0.0368302860388615	-0.0394408235269791	3.78089626600579	-0.100440321923408 - 0.0215586748694503	0.0311221930594027	0.212033691957725	all_D_0__Bacteria___D_1__Bacteroidetes___D_2__Chlorobia___D_3__Chlorobiales___D_4__Chlorobiaceae___D_5__Prosthecochloris	perc_dis	FALSE
BM_Lambda	-	lambda=ML delta=1kappa=1	258.395995525544	258.688678452373	lambda	lambda : 1e-06 (95% CI  NA  -  0.24232776778203 )	0.00140620074138492	0.0117737762634108	3.0073224648188	-0.0831156839321142 - 0.106663236458936	0.048412989895676	0.809038552888274	all_D_0__Bacteria___D_1__Bacteroidetes___D_2__Chlorobia___D_3__Chlorobiales___D_4__Chlorobiaceae___D_5__Prosthecochloris	perc_dis	TRUE
BM_Kappa	-	lambda=1 delta=1kappa=ML	273.441229304599	273.733912231428	kappa	kappa : 0.76954611203203 (95% CI  0.174679869884793  -  NA )	0.0210507094064769	-0.0335935169744306	3.68971425280643	-0.102877624897258 - 0.035690590948397	0.0353490346545039	0.347377641578709	all_D_0__Bacteria___D_1__Bacteroidetes___D_2__Chlorobia___D_3__Chlorobiales___D_4__Chlorobiaceae___D_5__Prosthecochloris	perc_dis	FALSE
BM_Delta	-	lambda=1 delta=MLkappa=1	274.019805691261	274.312488618091	delta	delta : 1 (95% CI  0.375363669530091  -  NA )	0.0368302860388615	-0.0394408235269791	3.78089626600579	-0.100440321923408 - 0.0215586748694503	0.0311221930594027	0.212033691957725	all_D_0__Bacteria___D_1__Bacteroidetes___D_2__Chlorobia___D_3__Chlorobiales___D_4__Chlorobiaceae___D_5__Prosthecochloris	perc_dis	FALSE
