model_name	compartment	branch_length_transformation	AIC	AICc	estimated_parameter	parameter_value	R2	slope	intercept	x_trait_slope_95CI	x_trait_slope_stdev	p	x_trait	y_trait	best_model
BM	-	lambda=1 delta=1kappa=1	250.542627313962	250.875960647296	None	All parameters fixed	0.0288054803372275	-0.0101244133639677	4.04460143700013	-0.029067058719906 - 0.00881823199197054	0.00966461497751952	0.301629508727347	tissue_D_0__Bacteria___D_1__Proteobacteria___D_2__Gammaproteobacteria___D_3__Betaproteobacteriales___D_4__Burkholderiaceae___D_5__Aquabacterium	perc_dis	FALSE
BM_Lambda	-	lambda=ML delta=1kappa=1	231.210791359057	231.54412469239	lambda	lambda : 1e-06 (95% CI  NA  -  0.271366043671059 )	0.0398799427772639	-0.0179856075034614	4.11926262081638	-0.0464214322468513 - 0.0104502172399286	0.0145080738486684	0.222893128332162	tissue_D_0__Bacteria___D_1__Proteobacteria___D_2__Gammaproteobacteria___D_3__Betaproteobacteriales___D_4__Burkholderiaceae___D_5__Aquabacterium	perc_dis	TRUE
BM_Kappa	-	lambda=1 delta=1kappa=ML	245.556780764649	245.890114097982	kappa	kappa : 0.333585282442434 (95% CI  NA  -  0.910805219972743 )	0.0890978588272788	-0.0251902928445843	4.732747924229	-0.0511434773042861 - 0.000762891615117597	0.013241420642705	0.0649260741778814	tissue_D_0__Bacteria___D_1__Proteobacteria___D_2__Gammaproteobacteria___D_3__Betaproteobacteriales___D_4__Burkholderiaceae___D_5__Aquabacterium	perc_dis	FALSE
BM_Delta	-	lambda=1 delta=MLkappa=1	250.542627313962	250.875960647296	delta	delta : 1 (95% CI  0.387111709579454  -  NA )	0.0288054803372275	-0.0101244133639677	4.04460143700013	-0.029067058719906 - 0.00881823199197054	0.00966461497751952	0.301629508727347	tissue_D_0__Bacteria___D_1__Proteobacteria___D_2__Gammaproteobacteria___D_3__Betaproteobacteriales___D_4__Burkholderiaceae___D_5__Aquabacterium	perc_dis	FALSE
