model_name	compartment	branch_length_transformation	AIC	AICc	estimated_parameter	parameter_value	R2	slope	intercept	x_trait_slope_95CI	x_trait_slope_stdev	p	x_trait	y_trait	best_model
BM	-	lambda=1 delta=1kappa=1	173.671831416235	174.21728596169	None	All parameters fixed	0.0136277418375973	0.0221006881647578	4.73068352407469	-0.0547426859238132 - 0.0989440622533288	0.0392058031064138	0.578407245168068	skeleton_D_0__Bacteria___D_1__Proteobacteria___D_2__Deltaproteobacteria___D_3__Myxococcales___D_4__P3OB_42___D_5__uncultured_bacterium	perc_dis	FALSE
BM_Lambda	-	lambda=ML delta=1kappa=1	158.338321500571	158.883776046026	lambda	lambda : 1e-06 (95% CI  NA  -  0.34021976849147 )	0.025013617197905	0.0188967642375102	3.79550962189024	-0.0293191741504308 - 0.0671127026254512	0.024599968565276	0.450206382928969	skeleton_D_0__Bacteria___D_1__Proteobacteria___D_2__Deltaproteobacteria___D_3__Myxococcales___D_4__P3OB_42___D_5__uncultured_bacterium	perc_dis	TRUE
BM_Kappa	-	lambda=1 delta=1kappa=ML	169.533040448736	170.07849499419	kappa	kappa : 0.126310057063597 (95% CI  NA  -  0.967569273184024 )	0.0288843466287514	0.0229866636264495	5.28924038384945	-0.0314852079423599 - 0.0774585351952589	0.0277917712085762	0.416677566994913	skeleton_D_0__Bacteria___D_1__Proteobacteria___D_2__Deltaproteobacteria___D_3__Myxococcales___D_4__P3OB_42___D_5__uncultured_bacterium	perc_dis	FALSE
BM_Delta	-	lambda=1 delta=MLkappa=1	173.671831416235	174.21728596169	delta	delta : 1 (95% CI  0.306845879421682  -  NA )	0.0136277418375973	0.0221006881647578	4.73068352407469	-0.0547426859238132 - 0.0989440622533288	0.0392058031064138	0.578407245168068	skeleton_D_0__Bacteria___D_1__Proteobacteria___D_2__Deltaproteobacteria___D_3__Myxococcales___D_4__P3OB_42___D_5__uncultured_bacterium	perc_dis	FALSE
