model_name	compartment	branch_length_transformation	AIC	AICc	estimated_parameter	parameter_value	R2	slope	intercept	x_trait_slope_95CI	x_trait_slope_stdev	p	x_trait	y_trait	best_model
BM	-	lambda=1 delta=1kappa=1	587.245431691817	587.506301257034	None	All parameters fixed	0.0339409721097228	-0.299468038895898	150.177862835787	-0.756237767417812 - 0.157301689626016	0.233045779858119	0.205082729101544	all_D_0__Bacteria___D_1__Spirochaetes___D_2__Spirochaetia___D_3__Spirochaetales___D_4__Spirochaetaceae___D_5__Spirochaeta_2	observed_features_all	FALSE
BM_Lambda	-	lambda=ML delta=1kappa=1	564.745874073601	565.006743638818	lambda	lambda : 1e-06 (95% CI  NA  -  0.635490177232658 )	0.0349167594415614	-0.363880921533332	151.115871675198	-0.910811052480864 - 0.1830492094142	0.279045985177312	0.198578129318692	all_D_0__Bacteria___D_1__Spirochaetes___D_2__Spirochaetia___D_3__Spirochaetales___D_4__Spirochaetaceae___D_5__Spirochaeta_2	observed_features_all	TRUE
BM_Kappa	-	lambda=1 delta=1kappa=ML	575.369914653117	575.630784218334	kappa	kappa : 0.220756069636949 (95% CI  NA  -  0.665661825532693 )	0.0370210613292452	-0.328384123116773	140.010811427021	-0.807205196307806 - 0.15043695007426	0.244296465913792	0.185335260657657	all_D_0__Bacteria___D_1__Spirochaetes___D_2__Spirochaetia___D_3__Spirochaetales___D_4__Spirochaetaceae___D_5__Spirochaeta_2	observed_features_all	FALSE
BM_Delta	-	lambda=1 delta=MLkappa=1	587.245431691817	587.506301257034	delta	delta : 1 (95% CI  0.420471741458717  -  NA )	0.0339409721097228	-0.299468038895898	150.177862835787	-0.756237767417812 - 0.157301689626016	0.233045779858119	0.205082729101544	all_D_0__Bacteria___D_1__Spirochaetes___D_2__Spirochaetia___D_3__Spirochaetales___D_4__Spirochaetaceae___D_5__Spirochaeta_2	observed_features_all	FALSE
