model_name	compartment	branch_length_transformation	AIC	AICc	estimated_parameter	parameter_value	R2	slope	intercept	x_trait_slope_95CI	x_trait_slope_stdev	p	x_trait	y_trait	best_model
BM	-	lambda=1 delta=1kappa=1	588.937191388638	589.198060953855	None	All parameters fixed	4.63305088622363e-06	-0.00504184747753525	148.25852406678	-0.674714100329975 - 0.664630405374904	0.341669516761449	0.988288904241363	all_D_0__Bacteria___D_1__Proteobacteria___D_2__Alphaproteobacteria___D_3__Rickettsiales___D_4__Midichloriaceae___D_5__MD3_55	observed_features_all	FALSE
BM_Lambda	-	lambda=ML delta=1kappa=1	566.246325778499	566.507195343716	lambda	lambda : 1e-06 (95% CI  NA  -  0.571819370060885 )	0.00490737763506483	-0.062355355153204	147.630261731188	-0.316211635997132 - 0.191500925690724	0.129518510634657	0.632438070829913	all_D_0__Bacteria___D_1__Proteobacteria___D_2__Alphaproteobacteria___D_3__Rickettsiales___D_4__Midichloriaceae___D_5__MD3_55	observed_features_all	TRUE
BM_Kappa	-	lambda=1 delta=1kappa=ML	576.524591289219	576.785460854436	kappa	kappa : 0.171561800591407 (95% CI  NA  -  0.634004867084074 )	0.0145146468022979	-0.121116280780696	148.362838798402	-0.406435823539122 - 0.16420326197773	0.145571195284911	0.409612417908963	all_D_0__Bacteria___D_1__Proteobacteria___D_2__Alphaproteobacteria___D_3__Rickettsiales___D_4__Midichloriaceae___D_5__MD3_55	observed_features_all	FALSE
BM_Delta	-	lambda=1 delta=MLkappa=1	588.937191388638	589.198060953855	delta	delta : 1 (95% CI  0.419551524286499  -  NA )	4.63305088622363e-06	-0.00504184747753525	148.25852406678	-0.674714100329975 - 0.664630405374904	0.341669516761449	0.988288904241363	all_D_0__Bacteria___D_1__Proteobacteria___D_2__Alphaproteobacteria___D_3__Rickettsiales___D_4__Midichloriaceae___D_5__MD3_55	observed_features_all	FALSE
