model_name	compartment	branch_length_transformation	AIC	AICc	estimated_parameter	parameter_value	R2	slope	intercept	x_trait_slope_95CI	x_trait_slope_stdev	p	x_trait	y_trait	best_model
BM	-	lambda=1 delta=1kappa=1	274.525067445633	274.817750372462	None	All parameters fixed	0.0257062470234892	-0.608254410614467	3.70853067858607	-1.74076510984287 - 0.524256288613938	0.577811581238982	0.298503602569045	all_D_0__Bacteria___D_1__Proteobacteria___D_2__Gammaproteobacteria___D_3__Cellvibrionales___D_4__Spongiibacteraceae___D_5__BD1_7_clade	perc_dis	FALSE
BM_Lambda	-	lambda=ML delta=1kappa=1	257.533560241945	257.826243168774	lambda	lambda : 1e-06 (95% CI  NA  -  0.253112237873955 )	0.0207888615811144	-1.0889139661469	3.34305142383617	-3.34911886974524 - 1.17129093745144	1.15316576714201	0.350426165049202	all_D_0__Bacteria___D_1__Proteobacteria___D_2__Gammaproteobacteria___D_3__Cellvibrionales___D_4__Spongiibacteraceae___D_5__BD1_7_clade	perc_dis	TRUE
BM_Kappa	-	lambda=1 delta=1kappa=ML	273.466404371431	273.75908729826	kappa	kappa : 0.699350037831249 (95% CI  0.143561698185642  -  NA )	0.0175051024838679	-0.620499608059476	3.6499017832041	-2.02640391253648 - 0.785404696417525	0.717298114529083	0.391924930583325	all_D_0__Bacteria___D_1__Proteobacteria___D_2__Gammaproteobacteria___D_3__Cellvibrionales___D_4__Spongiibacteraceae___D_5__BD1_7_clade	perc_dis	FALSE
BM_Delta	-	lambda=1 delta=MLkappa=1	274.525067445633	274.817750372462	delta	delta : 1 (95% CI  0.382878972997693  -  NA )	0.0257062470234892	-0.608254410614467	3.70853067858607	-1.74076510984287 - 0.524256288613938	0.577811581238982	0.298503602569045	all_D_0__Bacteria___D_1__Proteobacteria___D_2__Gammaproteobacteria___D_3__Cellvibrionales___D_4__Spongiibacteraceae___D_5__BD1_7_clade	perc_dis	FALSE
