model_name	compartment	branch_length_transformation	AIC	AICc	estimated_parameter	parameter_value	R2	slope	intercept	x_trait_slope_95CI	x_trait_slope_stdev	p	x_trait	y_trait	best_model
BM	-	lambda=1 delta=1kappa=1	-57.1707142567635	-56.8979869840362	None	All parameters fixed	0.0486648290320105	-0.00173795137596103	0.187622745555962	-0.00398310783715985 - 0.000507205085237802	0.00114548799040757	0.136206849860681	skeleton_D_0__Bacteria___D_1__Proteobacteria___D_2__Alphaproteobacteria___D_3__Rhodobacterales___D_4__Rhodobacteraceae___D_5__Ruegeria	dominance_all	FALSE
BM_Lambda	-	lambda=ML delta=1kappa=1	-93.6705338951178	-93.3978066223905	lambda	lambda : 1e-06 (95% CI  NA  -  0.354038070764295 )	0.0378315477761616	-0.00145901236415756	0.1626774021955	-0.00360885805350791 - 0.000690833325192782	0.00109686004558691	0.190164131077316	skeleton_D_0__Bacteria___D_1__Proteobacteria___D_2__Alphaproteobacteria___D_3__Rhodobacterales___D_4__Rhodobacteraceae___D_5__Ruegeria	dominance_all	TRUE
BM_Kappa	-	lambda=1 delta=1kappa=ML	-70.0632110353477	-69.7904837626205	kappa	kappa : 0.219195901860627 (95% CI  NA  -  0.63622893469804 )	0.0324026225613964	-0.00155300912893593	0.21253216004352	-0.00403260602127812 - 0.000926587763406257	0.00126510045527663	0.225988540903989	skeleton_D_0__Bacteria___D_1__Proteobacteria___D_2__Alphaproteobacteria___D_3__Rhodobacterales___D_4__Rhodobacteraceae___D_5__Ruegeria	dominance_all	FALSE
BM_Delta	-	lambda=1 delta=MLkappa=1	-57.1707142567635	-56.8979869840362	delta	delta : 1 (95% CI  0.433527196720494  -  NA )	0.0486648290320105	-0.00173795137596103	0.187622745555962	-0.00398310783715985 - 0.000507205085237802	0.00114548799040757	0.136206849860681	skeleton_D_0__Bacteria___D_1__Proteobacteria___D_2__Alphaproteobacteria___D_3__Rhodobacterales___D_4__Rhodobacteraceae___D_5__Ruegeria	dominance_all	FALSE
