model_name	compartment	branch_length_transformation	AIC	AICc	estimated_parameter	parameter_value	R2	slope	intercept	x_trait_slope_95CI	x_trait_slope_stdev	p	x_trait	y_trait	best_model
BM	-	lambda=1 delta=1kappa=1	186.503924475056	186.965462936595	None	All parameters fixed	0.0187437375355213	-0.0235719269942135	4.24703606595322	-0.0879047190405132 - 0.0407608650520863	0.0328228530848468	0.478829840057233	all_D_0__Bacteria___D_1__Proteobacteria___D_2__Gammaproteobacteria___D_3__Alteromonadales___D_4__Pseudoalteromonadaceae___D_5__Pseudoalteromonas	perc_dis	FALSE
BM_Lambda	-	lambda=ML delta=1kappa=1	176.818556738469	177.280095200007	lambda	lambda : 1e-06 (95% CI  NA  -  0.379181872819864 )	0.00503858509538641	-0.0193296628680919	3.69233195894075	-0.121787996761897 - 0.0831286710257128	0.0522746601499004	0.714437573397837	all_D_0__Bacteria___D_1__Proteobacteria___D_2__Gammaproteobacteria___D_3__Alteromonadales___D_4__Pseudoalteromonadaceae___D_5__Pseudoalteromonas	perc_dis	TRUE
BM_Kappa	-	lambda=1 delta=1kappa=ML	185.803695977787	186.265234439326	kappa	kappa : 0.613813040523256 (95% CI  NA  -  NA )	0.00855826663835344	-0.0185132131752067	4.32145875252903	-0.0936749284590943 - 0.0566485021086808	0.0383478139203508	0.633149691220905	all_D_0__Bacteria___D_1__Proteobacteria___D_2__Gammaproteobacteria___D_3__Alteromonadales___D_4__Pseudoalteromonadaceae___D_5__Pseudoalteromonas	perc_dis	FALSE
BM_Delta	-	lambda=1 delta=MLkappa=1	186.503924475056	186.965462936595	delta	delta : 1 (95% CI  0.312531811335915  -  NA )	0.0187437375355213	-0.0235719269942135	4.24703606595322	-0.0879047190405132 - 0.0407608650520863	0.0328228530848468	0.478829840057233	all_D_0__Bacteria___D_1__Proteobacteria___D_2__Gammaproteobacteria___D_3__Alteromonadales___D_4__Pseudoalteromonadaceae___D_5__Pseudoalteromonas	perc_dis	FALSE
