model_name	compartment	branch_length_transformation	AIC	AICc	estimated_parameter	parameter_value	R2	slope	intercept	x_trait_slope_95CI	x_trait_slope_stdev	p	x_trait	y_trait	best_model
BM	-	lambda=1 delta=1kappa=1	265.866748388266	266.174440695958	None	All parameters fixed	0.00152825306787922	-0.00441883798069299	3.67204799438083	-0.0394217685033159 - 0.03058409254193	0.0178586380217464	0.805837897773829	skeleton_D_0__Bacteria___D_1__Acidobacteria___D_2__Thermoanaerobaculia___D_3__Thermoanaerobaculales___D_4__Thermoanaerobaculaceae___D_5__Subgroup_10	perc_dis	FALSE
BM_Lambda	-	lambda=ML delta=1kappa=1	246.075698581491	246.383390889184	lambda	lambda : 1e-06 (95% CI  NA  -  0.221580090875258 )	0.0523421076941059	-0.0711241554832257	3.9064707822649	-0.164911315900015 - 0.0226630049335638	0.0478505920493824	0.145018923195114	skeleton_D_0__Bacteria___D_1__Acidobacteria___D_2__Thermoanaerobaculia___D_3__Thermoanaerobaculales___D_4__Thermoanaerobaculaceae___D_5__Subgroup_10	perc_dis	TRUE
BM_Kappa	-	lambda=1 delta=1kappa=ML	264.148021329724	264.455713637417	kappa	kappa : 0.594214544977902 (95% CI  0.0205775459063419  -  NA )	0.00415175946890954	-0.012107033927842	3.71849796372971	-0.0702161571862016 - 0.0460020893305177	0.02964751186651	0.685182967859722	skeleton_D_0__Bacteria___D_1__Acidobacteria___D_2__Thermoanaerobaculia___D_3__Thermoanaerobaculales___D_4__Thermoanaerobaculaceae___D_5__Subgroup_10	perc_dis	FALSE
BM_Delta	-	lambda=1 delta=MLkappa=1	265.866748388266	266.174440695958	delta	delta : 1 (95% CI  0.383615648930938  -  NA )	0.00152825306787922	-0.00441883798069299	3.67204799438083	-0.0394217685033159 - 0.03058409254193	0.0178586380217464	0.805837897773829	skeleton_D_0__Bacteria___D_1__Acidobacteria___D_2__Thermoanaerobaculia___D_3__Thermoanaerobaculales___D_4__Thermoanaerobaculaceae___D_5__Subgroup_10	perc_dis	FALSE
