model_name	compartment	branch_length_transformation	AIC	AICc	estimated_parameter	parameter_value	R2	slope	intercept	x_trait_slope_95CI	x_trait_slope_stdev	p	x_trait	y_trait	best_model
BM	-	lambda=1 delta=1kappa=1	270.486352274528	270.779035201357	None	All parameters fixed	0.111154107300903	9.53732464126671	1.93543177258589	1.3807377057156 - 17.6939115768178	4.16152394670975	0.0269980391466849	dominance_all	perc_dis	FALSE
BM_Lambda	-	lambda=ML delta=1kappa=1	252.913427485123	253.206110411953	lambda	lambda : 1e-06 (95% CI  NA  -  0.270416363557044 )	0.11839485927533	14.0819098481585	0.765276681601204	2.46037149100516 - 25.7034482053119	5.9293563046701	0.0221941825579699	dominance_all	perc_dis	TRUE
BM_Kappa	-	lambda=1 delta=1kappa=ML	268.335815313755	268.628498240585	kappa	kappa : 0.573136618960674 (95% CI  0.0551101395184736  -  NA )	0.12706364550222	12.3084508712464	1.27015708368947	2.55146991451955 - 22.0654318279732	4.9780515085341	0.0175479760889234	dominance_all	perc_dis	FALSE
BM_Delta	-	lambda=1 delta=MLkappa=1	270.486352274528	270.779035201357	delta	delta : 1 (95% CI  0.383717267525458  -  NA )	0.111154107300903	9.53732464126671	1.93543177258589	1.3807377057156 - 17.6939115768178	4.16152394670975	0.0269980391466849	dominance_all	perc_dis	FALSE
