model_name	compartment	branch_length_transformation	AIC	AICc	estimated_parameter	parameter_value	R2	slope	intercept	x_trait_slope_95CI	x_trait_slope_stdev	p	x_trait	y_trait	best_model
BM	-	lambda=1 delta=1kappa=1	176.163514097303	176.607958541748	None	All parameters fixed	0.00469387738201205	1.43761638065796	3.68765628082577	-6.31650394494398 - 9.19173670625989	3.95618383959282	0.71904682523521	dominance_mucus	perc_dis	FALSE
BM_Lambda	-	lambda=ML delta=1kappa=1	167.482124782239	167.926569226684	lambda	lambda : 0.110742023156183 (95% CI  NA  -  0.732233834425093 )	0.0329760672666825	5.92832111411953	2.54683540824413	-5.9629411159293 - 17.8195833441684	6.06697052553512	0.336863914949793	dominance_mucus	perc_dis	TRUE
BM_Kappa	-	lambda=1 delta=1kappa=ML	176.1549636521	176.599408096544	kappa	kappa : 0.961306974860543 (95% CI  0.193017187003083  -  NA )	0.00547233461037298	1.59232052075404	3.6504438622249	-6.35882422589776 - 9.54346526740585	4.05670650339378	0.697649480453373	dominance_mucus	perc_dis	FALSE
BM_Delta	-	lambda=1 delta=MLkappa=1	176.163514097303	176.607958541748	delta	delta : 1 (95% CI  0.309299060092554  -  NA )	0.00469387738201205	1.43761638065796	3.68765628082577	-6.31650394494398 - 9.19173670625989	3.95618383959282	0.71904682523521	dominance_mucus	perc_dis	FALSE
