model_name	compartment	branch_length_transformation	AIC	AICc	estimated_parameter	parameter_value	R2	slope	intercept	x_trait_slope_95CI	x_trait_slope_stdev	p	x_trait	y_trait	best_model
BM	-	lambda=1 delta=1kappa=1	-65.4412456305949	-65.1555313448806	None	All parameters fixed	0.00930479216748344	-0.000157185413181679	0.177839297086121	-0.000641972203112826 - 0.000327601376749467	0.000247340198944462	0.52846822541035	tissue_D_0__Bacteria___D_1__Proteobacteria___D_2__Alphaproteobacteria___D_3__Rhizobiales___D_4__Beijerinckiaceae___D_5__Methylobacterium	dominance_all	FALSE
BM_Lambda	-	lambda=ML delta=1kappa=1	-89.6307308796491	-89.3450165939349	lambda	lambda : 1e-06 (95% CI  NA  -  0.483858005816883 )	0.0060095923200601	-0.000276303601558181	0.162301986590258	-0.00133843190131295 - 0.000785824698196586	0.000541902193752432	0.612744678665371	tissue_D_0__Bacteria___D_1__Proteobacteria___D_2__Alphaproteobacteria___D_3__Rhizobiales___D_4__Beijerinckiaceae___D_5__Methylobacterium	dominance_all	TRUE
BM_Kappa	-	lambda=1 delta=1kappa=ML	-73.0302355320841	-72.7445212463698	kappa	kappa : 0.415237187449335 (95% CI  NA  -  0.828732450254128 )	0.00154789126858059	-0.000108769866183966	0.195594571288193	-0.000934472807889582 - 0.000716933075521649	0.000421277011074294	0.797491425461903	tissue_D_0__Bacteria___D_1__Proteobacteria___D_2__Alphaproteobacteria___D_3__Rhizobiales___D_4__Beijerinckiaceae___D_5__Methylobacterium	dominance_all	FALSE
BM_Delta	-	lambda=1 delta=MLkappa=1	-65.4412456305949	-65.1555313448806	delta	delta : 1 (95% CI  0.400383227197045  -  NA )	0.00930479216748344	-0.000157185413181679	0.177839297086121	-0.000641972203112826 - 0.000327601376749467	0.000247340198944462	0.52846822541035	tissue_D_0__Bacteria___D_1__Proteobacteria___D_2__Alphaproteobacteria___D_3__Rhizobiales___D_4__Beijerinckiaceae___D_5__Methylobacterium	dominance_all	FALSE
