model_name	compartment	branch_length_transformation	AIC	AICc	estimated_parameter	parameter_value	R2	slope	intercept	x_trait_slope_95CI	x_trait_slope_stdev	p	x_trait	y_trait	best_model
BM	-	lambda=1 delta=1kappa=1	111.392155097562	111.913894227997	None	All parameters fixed	0.0103345949595473	0.00422041678083332	3.89582977971389	-0.0123031293106538 - 0.0207439628723205	0.00843038065892201	0.621198739089669	all_D_0__Bacteria___D_1__Proteobacteria___D_2__Alphaproteobacteria___D_3__Sphingomonadales___D_4__Sphingomonadaceae___D_5__Sphingobium	depth	FALSE
BM_Lambda	-	lambda=ML delta=1kappa=1	107.899559045036	108.42129817547	lambda	lambda : 1e-06 (95% CI  NA  -  NA )	0.011012916770094	-0.00429636232892036	4.23000292130074	-0.0205854020256745 - 0.0119926773678338	0.00831073453916029	0.609911973302352	all_D_0__Bacteria___D_1__Proteobacteria___D_2__Alphaproteobacteria___D_3__Sphingomonadales___D_4__Sphingomonadaceae___D_5__Sphingobium	depth	FALSE
BM_Kappa	-	lambda=1 delta=1kappa=ML	104.510133264589	105.031872395024	kappa	kappa : 0.0582018707090878 (95% CI  NA  -  0.750245872708595 )	1.88775101151335e-06	-4.92836293852616e-05	4.08943032544832	-0.0144002242607158 - 0.0143016570019453	0.00732190848537274	0.994685132555341	all_D_0__Bacteria___D_1__Proteobacteria___D_2__Alphaproteobacteria___D_3__Sphingomonadales___D_4__Sphingomonadaceae___D_5__Sphingobium	depth	TRUE
BM_Delta	-	lambda=1 delta=MLkappa=1	111.392155097562	111.913894227997	delta	delta : 1 (95% CI  0.293270121515427  -  NA )	0.0103345949595473	0.00422041678083332	3.89582977971389	-0.0123031293106538 - 0.0207439628723205	0.00843038065892201	0.621198739089669	all_D_0__Bacteria___D_1__Proteobacteria___D_2__Alphaproteobacteria___D_3__Sphingomonadales___D_4__Sphingomonadaceae___D_5__Sphingobium	depth	FALSE
