model_name	compartment	branch_length_transformation	AIC	AICc	estimated_parameter	parameter_value	R2	slope	intercept	x_trait_slope_95CI	x_trait_slope_stdev	p	x_trait	y_trait	best_model
BM	-	lambda=1 delta=1kappa=1	90.8248026812721	91.747879604349	None	All parameters fixed	0.0775462994353344	-7.36037210187533	6.24114616863651	-20.6582877528723 - 5.93754354912168	6.78465084234541	0.296313928378666	mucus_weighted_unifrac_ordination_PC3	perc_dis	TRUE
BM_Lambda	-	lambda=ML delta=1kappa=1	90.8248026812721	91.747879604349	lambda	lambda : 1 (95% CI  0.753217075800477  -  NA )	0.0775462994353344	-7.36037210187533	6.24114616863651	-20.6582877528723 - 5.93754354912168	6.78465084234541	0.296313928378666	mucus_weighted_unifrac_ordination_PC3	perc_dis	FALSE
BM_Kappa	-	lambda=1 delta=1kappa=ML	90.8248026812721	91.747879604349	kappa	kappa : 1 (95% CI  0.534340121866065  -  NA )	0.0775462994353345	-7.36037210187533	6.24114616863651	-20.6582877528723 - 5.93754354912168	6.78465084234541	0.296313928378666	mucus_weighted_unifrac_ordination_PC3	perc_dis	FALSE
BM_Delta	-	lambda=1 delta=MLkappa=1	90.8248026812721	91.747879604349	delta	delta : 1 (95% CI  0.154497270138009  -  NA )	0.0775462994353344	-7.36037210187533	6.24114616863651	-20.6582877528723 - 5.93754354912168	6.78465084234541	0.296313928378666	mucus_weighted_unifrac_ordination_PC3	perc_dis	FALSE
