model_name	compartment	branch_length_transformation	AIC	AICc	estimated_parameter	parameter_value	R2	slope	intercept	x_trait_slope_95CI	x_trait_slope_stdev	p	x_trait	y_trait	best_model
BM	-	lambda=1 delta=1kappa=1	562.978175458836	563.250902731563	None	All parameters fixed	0.0891129979811037	-0.287868075531223	153.031290124163	-0.55677689371451 - -0.0189592573479354	0.137198376624126	0.0415339405589901	skeleton_D_0__Bacteria___D_1__Spirochaetes___D_2__Spirochaetia___D_3__Spirochaetales___D_4__Spirochaetaceae___D_5__Spirochaeta_2	observed_features_all	FALSE
BM_Lambda	-	lambda=ML delta=1kappa=1	540.171212310175	540.443939582902	lambda	lambda : 1e-06 (95% CI  NA  -  0.648170986186663 )	0.0488193023436174	-0.231657808542269	155.321749806953	-0.530424713431228 - 0.0671090963466897	0.152432094331102	0.1355709055379	skeleton_D_0__Bacteria___D_1__Spirochaetes___D_2__Spirochaetia___D_3__Spirochaetales___D_4__Spirochaetaceae___D_5__Spirochaeta_2	observed_features_all	TRUE
BM_Kappa	-	lambda=1 delta=1kappa=ML	552.394061203825	552.666788476553	kappa	kappa : 0.244721410655714 (95% CI  NA  -  0.702604994951092 )	0.0780287134031269	-0.267571243352773	143.352443300575	-0.536304073626946 - 0.00116158692139995	0.137108586874578	0.0572353784240858	skeleton_D_0__Bacteria___D_1__Spirochaetes___D_2__Spirochaetia___D_3__Spirochaetales___D_4__Spirochaetaceae___D_5__Spirochaeta_2	observed_features_all	FALSE
BM_Delta	-	lambda=1 delta=MLkappa=1	562.978175458836	563.250902731563	delta	delta : 1 (95% CI  0.416524397810809  -  NA )	0.0891129979811037	-0.287868075531223	153.031290124163	-0.55677689371451 - -0.0189592573479354	0.137198376624126	0.0415339405589901	skeleton_D_0__Bacteria___D_1__Spirochaetes___D_2__Spirochaetia___D_3__Spirochaetales___D_4__Spirochaetaceae___D_5__Spirochaeta_2	observed_features_all	FALSE
