model_name	compartment	branch_length_transformation	AIC	AICc	estimated_parameter	parameter_value	R2	slope	intercept	x_trait_slope_95CI	x_trait_slope_stdev	p	x_trait	y_trait	best_model
BM	-	lambda=1 delta=1kappa=1	73.4689447284112	74.6689447284112	None	All parameters fixed	0.00868737051873585	-0.00266583451391865	2.05456278148851	-0.0194946699027449 - 0.0141630008749076	0.00858614050450319	0.761998754329451	observed_features_tissue	perc_dis	FALSE
BM_Lambda	-	lambda=ML delta=1kappa=1	48.0158748984168	49.2158748984168	lambda	lambda : 1e-06 (95% CI  NA  -  0.508070932672775 )	0.00664410355968459	-0.00129214917523627	1.66762485021667	-0.0106291333771609 - 0.00804483502668833	0.00476376744996153	0.791225162457722	observed_features_tissue	perc_dis	TRUE
BM_Kappa	-	lambda=1 delta=1kappa=ML	55.4383375576962	56.6383375576962	kappa	kappa : 1e-06 (95% CI  NA  -  0.243729431192337 )	0.0448077415147948	-0.00386987351786691	2.1840579310561	-0.0144289362356204 - 0.00668918919988657	0.005387276896813	0.48752775253597	observed_features_tissue	perc_dis	FALSE
BM_Delta	-	lambda=1 delta=MLkappa=1	73.4689447284112	74.6689447284112	delta	delta : 1 (95% CI  0.266854659634006  -  NA )	0.00868737051873585	-0.00266583451391865	2.05456278148851	-0.0194946699027449 - 0.0141630008749076	0.00858614050450319	0.761998754329451	observed_features_tissue	perc_dis	FALSE
