model_name	compartment	branch_length_transformation	AIC	AICc	estimated_parameter	parameter_value	R2	slope	intercept	x_trait_slope_95CI	x_trait_slope_stdev	p	x_trait	y_trait	best_model
BM	-	lambda=1 delta=1kappa=1	275.66995747486	275.962640401689	None	All parameters fixed	2.21981949569294e-05	-0.000946882912315519	3.59488336538508	-0.0617273529636256 - 0.0598335871389946	0.0310104439037297	0.975785560082021	all_D_0__Bacteria___D_1__Proteobacteria___D_2__Gammaproteobacteria___D_3__Alteromonadales___D_4__Pseudoalteromonadaceae___D_5__Pseudoalteromonas	perc_dis	FALSE
BM_Lambda	-	lambda=ML delta=1kappa=1	258.424993826422	258.717676753252	lambda	lambda : 1e-06 (95% CI  NA  -  0.244610628374386 )	0.000747858291294385	-0.00818120301687218	3.10181459970611	-0.0986245203780432 - 0.0822621143442989	0.0461445496740669	0.860128871012135	all_D_0__Bacteria___D_1__Proteobacteria___D_2__Gammaproteobacteria___D_3__Alteromonadales___D_4__Pseudoalteromonadaceae___D_5__Pseudoalteromonas	perc_dis	TRUE
BM_Kappa	-	lambda=1 delta=1kappa=ML	274.222303067445	274.514985994274	kappa	kappa : 0.658674788597546 (95% CI  0.114254601419513  -  NA )	2.31649908214129e-06	-0.000344486716132218	3.55057838575556	-0.0687966750434141 - 0.0681077016111497	0.0349245858812663	0.992176713701277	all_D_0__Bacteria___D_1__Proteobacteria___D_2__Gammaproteobacteria___D_3__Alteromonadales___D_4__Pseudoalteromonadaceae___D_5__Pseudoalteromonas	perc_dis	FALSE
BM_Delta	-	lambda=1 delta=MLkappa=1	275.66995747486	275.962640401689	delta	delta : 1 (95% CI  0.384558636700797  -  NA )	2.21981949569294e-05	-0.000946882912315519	3.59488336538508	-0.0617273529636256 - 0.0598335871389946	0.0310104439037297	0.975785560082021	all_D_0__Bacteria___D_1__Proteobacteria___D_2__Gammaproteobacteria___D_3__Alteromonadales___D_4__Pseudoalteromonadaceae___D_5__Pseudoalteromonas	perc_dis	FALSE
