model_name	compartment	branch_length_transformation	AIC	AICc	estimated_parameter	parameter_value	R2	slope	intercept	x_trait_slope_95CI	x_trait_slope_stdev	p	x_trait	y_trait	best_model
BM	-	lambda=1 delta=1kappa=1	254.6773717801	255.001696104425	None	All parameters fixed	0.000650604191277816	0.00109379233258075	3.51385580910063	-0.0125363187879338 - 0.0147239034530953	0.00695413832679314	0.875851804931717	mucus_D_0__Bacteria___D_1__Proteobacteria___D_2__Gammaproteobacteria___D_3__Pseudomonadales___D_4__Pseudomonadaceae___D_5__Pseudomonas	perc_dis	FALSE
BM_Lambda	-	lambda=ML delta=1kappa=1	237.617622963534	237.941947287859	lambda	lambda : 1e-06 (95% CI  NA  -  0.271971082745967 )	0.00138141511266132	0.00230423371018899	2.91817862806048	-0.0173940559627313 - 0.0220025233831093	0.0100501477923063	0.819885829994879	mucus_D_0__Bacteria___D_1__Proteobacteria___D_2__Gammaproteobacteria___D_3__Pseudomonadales___D_4__Pseudomonadaceae___D_5__Pseudomonas	perc_dis	TRUE
BM_Kappa	-	lambda=1 delta=1kappa=ML	252.819046065151	253.143370389476	kappa	kappa : 0.57623473315619 (95% CI  NA  -  NA )	2.07622901134119e-05	0.000245503011042459	3.55723642441443	-0.0168853488663449 - 0.0173763548884298	0.00874023054968743	0.977738290201916	mucus_D_0__Bacteria___D_1__Proteobacteria___D_2__Gammaproteobacteria___D_3__Pseudomonadales___D_4__Pseudomonadaceae___D_5__Pseudomonas	perc_dis	FALSE
BM_Delta	-	lambda=1 delta=MLkappa=1	254.6773717801	255.001696104425	delta	delta : 1 (95% CI  0.381415165564305  -  NA )	0.000650604191277816	0.00109379233258075	3.51385580910063	-0.0125363187879338 - 0.0147239034530953	0.00695413832679314	0.875851804931717	mucus_D_0__Bacteria___D_1__Proteobacteria___D_2__Gammaproteobacteria___D_3__Pseudomonadales___D_4__Pseudomonadaceae___D_5__Pseudomonas	perc_dis	FALSE
