model_name	compartment	branch_length_transformation	AIC	AICc	estimated_parameter	parameter_value	R2	slope	intercept	x_trait_slope_95CI	x_trait_slope_stdev	p	x_trait	y_trait	best_model
BM	-	lambda=1 delta=1kappa=1	111.661665627991	112.183404758426	None	All parameters fixed	2.25777996582975e-05	0.00333464464140029	4.14669571417836	-0.277437681498547 - 0.284106970781348	0.143251186806096	0.981620743319331	mucus_D_0__Bacteria___D_1__Proteobacteria___D_2__Gammaproteobacteria___D_3__Pseudomonadales___D_4__Moraxellaceae___D_5__Enhydrobacter	depth	FALSE
BM_Lambda	-	lambda=ML delta=1kappa=1	108.165231359119	108.686970489554	lambda	lambda : 1e-06 (95% CI  NA  -  NA )	0.000855475825019361	0.0216638833781336	3.9548675367878	-0.274544294944632 - 0.317872061700899	0.151126621593248	0.887211181523819	mucus_D_0__Bacteria___D_1__Proteobacteria___D_2__Gammaproteobacteria___D_3__Pseudomonadales___D_4__Moraxellaceae___D_5__Enhydrobacter	depth	FALSE
BM_Kappa	-	lambda=1 delta=1kappa=ML	104.489061183228	105.010800313663	kappa	kappa : 0.0558848970689985 (95% CI  NA  -  0.735637701041111 )	0.00081445373140483	-0.0168667615199503	4.08964356868258	-0.253225692928762 - 0.219492169888861	0.120591291535108	0.889932124964916	mucus_D_0__Bacteria___D_1__Proteobacteria___D_2__Gammaproteobacteria___D_3__Pseudomonadales___D_4__Moraxellaceae___D_5__Enhydrobacter	depth	TRUE
BM_Delta	-	lambda=1 delta=MLkappa=1	111.661665627991	112.183404758426	delta	delta : 1 (95% CI  0.302337805128865  -  NA )	2.25777996582975e-05	0.00333464464140029	4.14669571417836	-0.277437681498547 - 0.284106970781348	0.143251186806096	0.981620743319331	mucus_D_0__Bacteria___D_1__Proteobacteria___D_2__Gammaproteobacteria___D_3__Pseudomonadales___D_4__Moraxellaceae___D_5__Enhydrobacter	depth	FALSE
