model_name	compartment	branch_length_transformation	AIC	AICc	estimated_parameter	parameter_value	R2	slope	intercept	x_trait_slope_95CI	x_trait_slope_stdev	p	x_trait	y_trait	best_model
BM	-	lambda=1 delta=1kappa=1	110.642229239738	111.163968370172	None	All parameters fixed	0.0384720737472627	0.00903428625900854	3.66539257716948	-0.00903547650406118 - 0.0271040490220783	0.0092192667158519	0.336893589917203	all_D_0__Bacteria___D_1__Proteobacteria___D_2__Gammaproteobacteria___D_3__Betaproteobacteriales___D_4__Burkholderiaceae___D_5__Aquabacterium	depth	FALSE
BM_Lambda	-	lambda=ML delta=1kappa=1	108.108986942552	108.630726072987	lambda	lambda : 1e-06 (95% CI  NA  -  NA )	0.00301453587889914	-0.00248200015818631	4.10579523593671	-0.0205406983540335 - 0.0155766980376609	0.00921362152849346	0.789936877715315	all_D_0__Bacteria___D_1__Proteobacteria___D_2__Gammaproteobacteria___D_3__Betaproteobacteriales___D_4__Burkholderiaceae___D_5__Aquabacterium	depth	FALSE
BM_Kappa	-	lambda=1 delta=1kappa=ML	104.28596065889	104.807699789325	kappa	kappa : 0.0906486977644612 (95% CI  NA  -  0.789090142045719 )	0.00892858394288547	0.00371802055574096	3.91815410280102	-0.0119539432256972 - 0.0193899843371791	0.00799589988848885	0.646129326868765	all_D_0__Bacteria___D_1__Proteobacteria___D_2__Gammaproteobacteria___D_3__Betaproteobacteriales___D_4__Burkholderiaceae___D_5__Aquabacterium	depth	TRUE
BM_Delta	-	lambda=1 delta=MLkappa=1	110.642229239738	111.163968370172	delta	delta : 1 (95% CI  0.28304706973679  -  NA )	0.0384720737472627	0.00903428625900854	3.66539257716948	-0.00903547650406118 - 0.0271040490220783	0.0092192667158519	0.336893589917203	all_D_0__Bacteria___D_1__Proteobacteria___D_2__Gammaproteobacteria___D_3__Betaproteobacteriales___D_4__Burkholderiaceae___D_5__Aquabacterium	depth	FALSE
