model_name	compartment	branch_length_transformation	AIC	AICc	estimated_parameter	parameter_value	R2	slope	intercept	x_trait_slope_95CI	x_trait_slope_stdev	p	x_trait	y_trait	best_model
BM	-	lambda=1 delta=1kappa=1	274.069820642541	274.36250356937	None	All parameters fixed	0.0357348252243695	0.0403268802651588	3.51799369054243	-0.0230277647475521 - 0.10368152527787	0.0323237984758729	0.219092410505487	all_D_0__Bacteria___D_1__Proteobacteria___D_2__Deltaproteobacteria___D_3__Desulfobacterales___D_4__Desulfobacteraceae___D_5__Desulfobacter	perc_dis	FALSE
BM_Lambda	-	lambda=ML delta=1kappa=1	258.059129597888	258.351812524718	lambda	lambda : 1e-06 (95% CI  NA  -  0.26191561971006 )	0.00902228687134544	0.0218940601033238	3.00128666510413	-0.0475014480013912 - 0.0912895682080388	0.0354058714819974	0.539668270560023	all_D_0__Bacteria___D_1__Proteobacteria___D_2__Deltaproteobacteria___D_3__Desulfobacterales___D_4__Desulfobacteraceae___D_5__Desulfobacter	perc_dis	TRUE
BM_Kappa	-	lambda=1 delta=1kappa=ML	272.584634697807	272.877317624637	kappa	kappa : 0.658214627064447 (95% CI  0.123076153731033  -  NA )	0.0365378441084063	0.0411018723522946	3.48710720948562	-0.0227301939738057 - 0.104933938678395	0.0325673807786226	0.213892044226346	all_D_0__Bacteria___D_1__Proteobacteria___D_2__Deltaproteobacteria___D_3__Desulfobacterales___D_4__Desulfobacteraceae___D_5__Desulfobacter	perc_dis	FALSE
BM_Delta	-	lambda=1 delta=MLkappa=1	274.069820642541	274.36250356937	delta	delta : 1 (95% CI  0.381973480890787  -  NA )	0.0357348252243695	0.0403268802651588	3.51799369054243	-0.0230277647475521 - 0.10368152527787	0.0323237984758729	0.219092410505487	all_D_0__Bacteria___D_1__Proteobacteria___D_2__Deltaproteobacteria___D_3__Desulfobacterales___D_4__Desulfobacteraceae___D_5__Desulfobacter	perc_dis	FALSE
