model_name	compartment	branch_length_transformation	AIC	AICc	estimated_parameter	parameter_value	R2	slope	intercept	x_trait_slope_95CI	x_trait_slope_stdev	p	x_trait	y_trait	best_model
BM	-	lambda=1 delta=1kappa=1	-56.3452335769684	-56.0725063042412	None	All parameters fixed	0.0318085373355513	0.00030775919318179	0.162646362302169	-0.000188341260283064 - 0.000803859646646644	0.000253112476257579	0.230363520574334	skeleton_D_0__Bacteria___D_1__Bacteroidetes___D_2__Bacteroidia___D_3__Cytophagales___D_4__Amoebophilaceae___D_5__Candidatus_Amoebophilus	dominance_all	FALSE
BM_Lambda	-	lambda=ML delta=1kappa=1	-93.655530408796	-93.3828031360687	lambda	lambda : 1e-06 (95% CI  NA  -  0.302489278215941 )	0.0375243523380575	0.000312766977731639	0.141746949252877	-0.000150049678570787 - 0.000775583634034064	0.000236130947093074	0.192008581670458	skeleton_D_0__Bacteria___D_1__Bacteroidetes___D_2__Bacteroidia___D_3__Cytophagales___D_4__Amoebophilaceae___D_5__Candidatus_Amoebophilus	dominance_all	TRUE
BM_Kappa	-	lambda=1 delta=1kappa=ML	-69.4537780258394	-69.1810507531121	kappa	kappa : 0.232139636652626 (95% CI  NA  -  0.639791273918305 )	0.0199228478713206	0.00026082077664475	0.184255722546933	-0.000273677637897803 - 0.000795319191187303	0.000272703272725792	0.343966775499675	skeleton_D_0__Bacteria___D_1__Bacteroidetes___D_2__Bacteroidia___D_3__Cytophagales___D_4__Amoebophilaceae___D_5__Candidatus_Amoebophilus	dominance_all	FALSE
BM_Delta	-	lambda=1 delta=MLkappa=1	-56.3452335769684	-56.0725063042412	delta	delta : 1 (95% CI  0.432637354608519  -  NA )	0.0318085373355513	0.00030775919318179	0.162646362302169	-0.000188341260283064 - 0.000803859646646644	0.000253112476257579	0.230363520574334	skeleton_D_0__Bacteria___D_1__Bacteroidetes___D_2__Bacteroidia___D_3__Cytophagales___D_4__Amoebophilaceae___D_5__Candidatus_Amoebophilus	dominance_all	FALSE
