model_name	compartment	branch_length_transformation	AIC	AICc	estimated_parameter	parameter_value	R2	slope	intercept	x_trait_slope_95CI	x_trait_slope_stdev	p	x_trait	y_trait	best_model
BM	-	lambda=1 delta=1kappa=1	573.394770097099	573.655639662316	None	All parameters fixed	0.271812642226322	-0.65700823392611	193.849657635551	-0.964451295329439 - -0.34956517252278	0.156858704797617	0.000122442273501555	all_D_0__Bacteria___D_1__Proteobacteria___D_2__Gammaproteobacteria___D_3__Pseudomonadales___D_4__Pseudomonadaceae___D_5__Pseudomonas	observed_features_all	FALSE
BM_Lambda	-	lambda=ML delta=1kappa=1	534.286244092013	534.547113657231	lambda	lambda : 0.00129093763809815 (95% CI  NA  -  0.584035479209393 )	0.481901623323413	-1.01125305544912	218.512699796615	-1.31102701916724 - -0.711479091731009	0.152945899856182	3.17479089684269e-08	all_D_0__Bacteria___D_1__Proteobacteria___D_2__Gammaproteobacteria___D_3__Pseudomonadales___D_4__Pseudomonadaceae___D_5__Pseudomonas	observed_features_all	TRUE
BM_Kappa	-	lambda=1 delta=1kappa=ML	549.184183726723	549.44505329194	kappa	kappa : 0.0330127898131359 (95% CI  NA  -  0.409477481150398 )	0.442203639096618	-0.928661282358524	197.035053812246	-1.22684997018915 - -0.630472594527895	0.152137085627872	1.87234194815034e-07	all_D_0__Bacteria___D_1__Proteobacteria___D_2__Gammaproteobacteria___D_3__Pseudomonadales___D_4__Pseudomonadaceae___D_5__Pseudomonas	observed_features_all	FALSE
BM_Delta	-	lambda=1 delta=MLkappa=1	573.394770097099	573.655639662316	delta	delta : 1 (95% CI  0.442375187471971  -  NA )	0.271812642226322	-0.65700823392611	193.849657635551	-0.964451295329439 - -0.34956517252278	0.156858704797617	0.000122442273501555	all_D_0__Bacteria___D_1__Proteobacteria___D_2__Gammaproteobacteria___D_3__Pseudomonadales___D_4__Pseudomonadaceae___D_5__Pseudomonas	observed_features_all	FALSE
