model_name	compartment	branch_length_transformation	AIC	AICc	estimated_parameter	parameter_value	R2	slope	intercept	x_trait_slope_95CI	x_trait_slope_stdev	p	x_trait	y_trait	best_model
BM	-	lambda=1 delta=1kappa=1	175.952049176076	176.39649362052	None	All parameters fixed	0.0116849533405723	-0.00481102647640407	4.4397897699253	-0.021199896654238 - 0.0115778437014298	0.00836166845807852	0.569638637851266	observed_features_mucus	perc_dis	FALSE
BM_Lambda	-	lambda=ML delta=1kappa=1	167.725777870944	168.170222315388	lambda	lambda : 0.138866215851876 (95% CI  NA  -  0.757465207501403 )	0.0259071947300455	-0.0111067472026253	4.6667518711548	-0.0363330680951387 - 0.0141195736898881	0.0128705718839354	0.395492880750154	observed_features_mucus	perc_dis	TRUE
BM_Kappa	-	lambda=1 delta=1kappa=ML	175.937970278158	176.382414722602	kappa	kappa : 0.952396457215496 (95% CI  0.246317361555913  -  NA )	0.0128427947414883	-0.00535414241571032	4.48581418243384	-0.0227413709995152 - 0.0120330861680946	0.00887103499173719	0.550999290395851	observed_features_mucus	perc_dis	FALSE
BM_Delta	-	lambda=1 delta=MLkappa=1	175.952049176076	176.39649362052	delta	delta : 1 (95% CI  0.308635718191  -  NA )	0.0116849533405723	-0.00481102647640407	4.4397897699253	-0.021199896654238 - 0.0115778437014298	0.00836166845807852	0.569638637851266	observed_features_mucus	perc_dis	FALSE
