model_name	compartment	branch_length_transformation	AIC	AICc	estimated_parameter	parameter_value	R2	slope	intercept	x_trait_slope_95CI	x_trait_slope_stdev	p	x_trait	y_trait	best_model
BM	-	lambda=1 delta=1kappa=1	111.014555824837	111.536294955272	None	All parameters fixed	0.0246036879133353	0.0093533000134875	4.12813522493589	-0.0142083535010776 - 0.0329149535280526	0.0120212517931455	0.44413477493816	mucus_D_0__Bacteria___D_1__Proteobacteria___D_2__Gammaproteobacteria___D_3__Vibrionales___D_4__Vibrionaceae___D_5__Photobacterium	depth	FALSE
BM_Lambda	-	lambda=ML delta=1kappa=1	107.797627446563	108.319366576998	lambda	lambda : 1e-06 (95% CI  NA  -  NA )	0.0148825969260297	-0.020690748625844	4.04751048817925	-0.0880397701997678 - 0.0466582729480798	0.0343617457009815	0.552724605577164	mucus_D_0__Bacteria___D_1__Proteobacteria___D_2__Gammaproteobacteria___D_3__Vibrionales___D_4__Vibrionaceae___D_5__Photobacterium	depth	FALSE
BM_Kappa	-	lambda=1 delta=1kappa=ML	104.343607946566	104.865347077001	kappa	kappa : 0.0640406670082477 (95% CI  NA  -  0.76048298665317 )	0.00639603197029268	0.00960770238561211	4.06787465456674	-0.03830176444828 - 0.0575171692195042	0.024443605527496	0.697747912226299	mucus_D_0__Bacteria___D_1__Proteobacteria___D_2__Gammaproteobacteria___D_3__Vibrionales___D_4__Vibrionaceae___D_5__Photobacterium	depth	TRUE
BM_Delta	-	lambda=1 delta=MLkappa=1	111.014555824837	111.536294955272	delta	delta : 1 (95% CI  0.298027662389991  -  NA )	0.0246036879133353	0.0093533000134875	4.12813522493589	-0.0142083535010776 - 0.0329149535280526	0.0120212517931455	0.44413477493816	mucus_D_0__Bacteria___D_1__Proteobacteria___D_2__Gammaproteobacteria___D_3__Vibrionales___D_4__Vibrionaceae___D_5__Photobacterium	depth	FALSE
