model_name	compartment	branch_length_transformation	AIC	AICc	estimated_parameter	parameter_value	R2	slope	intercept	x_trait_slope_95CI	x_trait_slope_stdev	p	x_trait	y_trait	best_model
BM	-	lambda=1 delta=1kappa=1	567.300864493054	567.573591765781	None	All parameters fixed	0.0013633893444058	-0.149694524025509	150.156102653237	-1.33341598701733 - 1.03402693896631	0.603939521934602	0.805367625317069	skeleton_D_0__Bacteria___D_1__Proteobacteria___D_2__Deltaproteobacteria___D_3__Myxococcales___D_4__P3OB_42___D_5__uncultured_bacterium	observed_features_all	FALSE
BM_Lambda	-	lambda=ML delta=1kappa=1	541.05168396929	541.324411242017	lambda	lambda : 1e-06 (95% CI  NA  -  0.456929455946084 )	0.0308324645933056	-0.3887916777449	153.21143242048	-1.02567823570516 - 0.248094880215358	0.324942121408295	0.237769413679653	skeleton_D_0__Bacteria___D_1__Proteobacteria___D_2__Deltaproteobacteria___D_3__Myxococcales___D_4__P3OB_42___D_5__uncultured_bacterium	observed_features_all	TRUE
BM_Kappa	-	lambda=1 delta=1kappa=ML	555.778140123968	556.050867396695	kappa	kappa : 0.179948187235446 (95% CI  NA  -  0.656757604864223 )	0.00838266379936077	-0.236753374221946	140.793059162725	-0.989115669983902 - 0.51560892154001	0.383858314164263	0.540492674873892	skeleton_D_0__Bacteria___D_1__Proteobacteria___D_2__Deltaproteobacteria___D_3__Myxococcales___D_4__P3OB_42___D_5__uncultured_bacterium	observed_features_all	FALSE
BM_Delta	-	lambda=1 delta=MLkappa=1	567.300864493054	567.573591765781	delta	delta : 1 (95% CI  0.421488021608647  -  NA )	0.0013633893444058	-0.149694524025509	150.156102653237	-1.33341598701733 - 1.03402693896631	0.603939521934602	0.805367625317069	skeleton_D_0__Bacteria___D_1__Proteobacteria___D_2__Deltaproteobacteria___D_3__Myxococcales___D_4__P3OB_42___D_5__uncultured_bacterium	observed_features_all	FALSE
