model_name	compartment	branch_length_transformation	AIC	AICc	estimated_parameter	parameter_value	R2	slope	intercept	x_trait_slope_95CI	x_trait_slope_stdev	p	x_trait	y_trait	best_model
BM	-	lambda=1 delta=1kappa=1	-25.8872361179735	-25.6263665527561	None	All parameters fixed	0.00118192495201848	-0.000405191110953125	0.1732209763312	-0.0037727507634106 - 0.00296236854150435	0.00171814267982524	0.814588555489738	all_D_0__Bacteria___D_1__Proteobacteria___D_2__Gammaproteobacteria___D_3__Vibrionales___D_4__Vibrionaceae___D_5__Vibrio	dominance_all	FALSE
BM_Lambda	-	lambda=ML delta=1kappa=1	-80.1374999094863	-79.8766303442689	lambda	lambda : 1e-06 (95% CI  NA  -  0.281511392965681 )	0.00964230800034042	-0.00150826759741305	0.166005049295008	-0.0058783646601499 - 0.00286182946532379	0.00222964135853921	0.502063010883595	all_D_0__Bacteria___D_1__Proteobacteria___D_2__Gammaproteobacteria___D_3__Vibrionales___D_4__Vibrionaceae___D_5__Vibrio	dominance_all	TRUE
BM_Kappa	-	lambda=1 delta=1kappa=ML	-58.6762462282569	-58.4153766630395	kappa	kappa : 1e-06 (95% CI  NA  -  0.265293805470709 )	0.00900243633126598	-0.00139231999455237	0.208097310913474	-0.00556872364237885 - 0.0027840836532741	0.00213081818766657	0.516669385346954	all_D_0__Bacteria___D_1__Proteobacteria___D_2__Gammaproteobacteria___D_3__Vibrionales___D_4__Vibrionaceae___D_5__Vibrio	dominance_all	FALSE
BM_Delta	-	lambda=1 delta=MLkappa=1	-25.8872361179735	-25.6263665527561	delta	delta : 1 (95% CI  0.470559367808162  -  NA )	0.00118192495201848	-0.000405191110953125	0.1732209763312	-0.0037727507634106 - 0.00296236854150435	0.00171814267982524	0.814588555489738	all_D_0__Bacteria___D_1__Proteobacteria___D_2__Gammaproteobacteria___D_3__Vibrionales___D_4__Vibrionaceae___D_5__Vibrio	dominance_all	FALSE
