model_name	compartment	branch_length_transformation	AIC	AICc	estimated_parameter	parameter_value	R2	slope	intercept	x_trait_slope_95CI	x_trait_slope_stdev	p	x_trait	y_trait	best_model
BM	-	lambda=1 delta=1kappa=1	257.498217611403	257.822541935728	None	All parameters fixed	0.0039868053209189	-0.0138534942537431	3.79033525519538	-0.0834750354981105 - 0.0557680469906243	0.0355211945124323	0.698709351020708	tissue_D_0__Bacteria___D_1__Proteobacteria___D_2__Gammaproteobacteria___D_3__Vibrionales	perc_dis	FALSE
BM_Lambda	-	lambda=ML delta=1kappa=1	237.763945888577	238.088270212902	lambda	lambda : 1e-06 (95% CI  NA  -  0.252309196294289 )	0.00459144812446039	-0.0214203146404459	3.41074634588675	-0.121700692503155 - 0.078860063222263	0.0511634580932188	0.677818404896894	tissue_D_0__Bacteria___D_1__Proteobacteria___D_2__Gammaproteobacteria___D_3__Vibrionales	perc_dis	TRUE
BM_Kappa	-	lambda=1 delta=1kappa=ML	255.020599396858	255.344923721183	kappa	kappa : 0.513148517637944 (95% CI  NA  -  NA )	0.00335516654798608	-0.0159115690543433	3.79206580146522	-0.103106341636557 - 0.0712832035278701	0.0444871288684762	0.72257169758045	tissue_D_0__Bacteria___D_1__Proteobacteria___D_2__Gammaproteobacteria___D_3__Vibrionales	perc_dis	FALSE
BM_Delta	-	lambda=1 delta=MLkappa=1	257.498217611403	257.822541935728	delta	delta : 1 (95% CI  0.387654628591345  -  NA )	0.0039868053209189	-0.0138534942537431	3.79033525519538	-0.0834750354981105 - 0.0557680469906243	0.0355211945124323	0.698709351020708	tissue_D_0__Bacteria___D_1__Proteobacteria___D_2__Gammaproteobacteria___D_3__Vibrionales	perc_dis	FALSE
