model_name	compartment	branch_length_transformation	AIC	AICc	estimated_parameter	parameter_value	R2	slope	intercept	x_trait_slope_95CI	x_trait_slope_stdev	p	x_trait	y_trait	best_model
BM	-	lambda=1 delta=1kappa=1	-35.3009386184228	-34.5009386184228	None	All parameters fixed	0.236092016029771	0.000916688857812027	0.11216012326531	0.000108713888349826 - 0.00172466382727423	0.000412232127276633	0.0409169412475305	skeleton_D_0__Bacteria___D_1__Proteobacteria___D_2__Deltaproteobacteria___D_3__Myxococcales___D_4__P3OB_42___D_5__uncultured_bacterium	growth_rate_mm_per_year	FALSE
BM_Lambda	-	lambda=ML delta=1kappa=1	-49.3175874716449	-48.5175874716449	lambda	lambda : 0.344098076205937 (95% CI  NA  -  0.84659461692804 )	0.481094167004982	0.00102032385666588	0.1157722611604	0.000501089582792917 - 0.00153955813053884	0.000264915445853551	0.00141083298378941	skeleton_D_0__Bacteria___D_1__Proteobacteria___D_2__Deltaproteobacteria___D_3__Myxococcales___D_4__P3OB_42___D_5__uncultured_bacterium	growth_rate_mm_per_year	TRUE
BM_Kappa	-	lambda=1 delta=1kappa=ML	-47.983181884056	-47.183181884056	kappa	kappa : 1e-06 (95% CI  NA  -  0.414999261941294 )	0.532415081126289	0.0010356739560931	0.111692608956217	0.000560093270560526 - 0.00151125464162568	0.000242643206904377	0.000588289693086219	skeleton_D_0__Bacteria___D_1__Proteobacteria___D_2__Deltaproteobacteria___D_3__Myxococcales___D_4__P3OB_42___D_5__uncultured_bacterium	growth_rate_mm_per_year	FALSE
BM_Delta	-	lambda=1 delta=MLkappa=1	-35.3009386184228	-34.5009386184228	delta	delta : 1 (95% CI  0.311320580460032  -  NA )	0.236092016029771	0.000916688857812027	0.11216012326531	0.000108713888349826 - 0.00172466382727423	0.000412232127276633	0.0409169412475305	skeleton_D_0__Bacteria___D_1__Proteobacteria___D_2__Deltaproteobacteria___D_3__Myxococcales___D_4__P3OB_42___D_5__uncultured_bacterium	growth_rate_mm_per_year	FALSE
