model_name	compartment	branch_length_transformation	AIC	AICc	estimated_parameter	parameter_value	R2	slope	intercept	x_trait_slope_95CI	x_trait_slope_stdev	p	x_trait	y_trait	best_model
BM	-	lambda=1 delta=1kappa=1	254.551943777487	254.876268101811	None	All parameters fixed	0.00377935611033653	-0.00929247011342132	3.86442488115983	-0.0572618723823804 - 0.0386769321555378	0.0244741848311016	0.706293325841539	mucus_D_0__Bacteria___D_1__Cyanobacteria___D_2__Oxyphotobacteria___D_3__Synechococcales___D_4__Cyanobiaceae___D_5__Synechococcus_CC9902	perc_dis	FALSE
BM_Lambda	-	lambda=ML delta=1kappa=1	237.55261379126	237.876938115585	lambda	lambda : 1e-06 (95% CI  NA  -  0.276344217566448 )	0.00300308119695769	-0.0121367386149278	3.48893679223209	-0.0824487695459791 - 0.0581752923161236	0.0358734851689037	0.73698380746352	mucus_D_0__Bacteria___D_1__Cyanobacteria___D_2__Oxyphotobacteria___D_3__Synechococcales___D_4__Cyanobiaceae___D_5__Synechococcus_CC9902	perc_dis	TRUE
BM_Kappa	-	lambda=1 delta=1kappa=ML	252.811242461739	253.135566786063	kappa	kappa : 0.582106015711118 (95% CI  NA  -  NA )	0.000227232137283335	-0.00277366349250363	3.6494114835755	-0.0612706936939525 - 0.0557233667089453	0.0298454235721678	0.926444011881218	mucus_D_0__Bacteria___D_1__Cyanobacteria___D_2__Oxyphotobacteria___D_3__Synechococcales___D_4__Cyanobiaceae___D_5__Synechococcus_CC9902	perc_dis	FALSE
BM_Delta	-	lambda=1 delta=MLkappa=1	254.551943777487	254.876268101811	delta	delta : 1 (95% CI  0.38090116571909  -  NA )	0.00377935611033653	-0.00929247011342132	3.86442488115983	-0.0572618723823804 - 0.0386769321555378	0.0244741848311016	0.706293325841539	mucus_D_0__Bacteria___D_1__Cyanobacteria___D_2__Oxyphotobacteria___D_3__Synechococcales___D_4__Cyanobiaceae___D_5__Synechococcus_CC9902	perc_dis	FALSE
