model_name	compartment	branch_length_transformation	AIC	AICc	estimated_parameter	parameter_value	R2	slope	intercept	x_trait_slope_95CI	x_trait_slope_stdev	p	x_trait	y_trait	best_model
BM	-	lambda=1 delta=1kappa=1	-20.392491860536	-19.192491860536	None	All parameters fixed	0.211886535929508	1.05188010524335e-05	0.112111915286268	-1.46980427005125e-06 - 2.25074063749182e-05	6.11663536861465e-06	0.11345967845475	Tissue_enriched_Endozoicomonas_ASV_count	growth_rate_mm_per_year	FALSE
BM_Lambda	-	lambda=ML delta=1kappa=1	-27.2083357458805	-26.0083357458805	lambda	lambda : 1e-06 (95% CI  NA  -  0.901623129724817 )	0.00031104102798523	3.41740809794882e-07	0.154133994949444	-1.11075920484497e-05 - 1.17910736680395e-05	5.84149635624725e-06	0.954397802418677	Tissue_enriched_Endozoicomonas_ASV_count	growth_rate_mm_per_year	TRUE
BM_Kappa	-	lambda=1 delta=1kappa=ML	-24.4609337628782	-23.2609337628782	kappa	kappa : 1e-06 (95% CI  NA  -  0.965983972477243 )	0.0124032334572918	1.85880437256356e-06	0.13692013532476	-7.94322015200788e-06 - 1.1660828897135e-05	5.00103292069971e-06	0.717188329463001	Tissue_enriched_Endozoicomonas_ASV_count	growth_rate_mm_per_year	FALSE
BM_Delta	-	lambda=1 delta=MLkappa=1	-20.392491860536	-19.192491860536	delta	delta : 1 (95% CI  0.21711448371417  -  NA )	0.211886535929508	1.05188010524335e-05	0.112111915286268	-1.46980427005125e-06 - 2.25074063749182e-05	6.11663536861465e-06	0.11345967845475	Tissue_enriched_Endozoicomonas_ASV_count	growth_rate_mm_per_year	FALSE
