model_name	compartment	branch_length_transformation	AIC	AICc	estimated_parameter	parameter_value	R2	slope	intercept	x_trait_slope_95CI	x_trait_slope_stdev	p	x_trait	y_trait	best_model
BM	-	lambda=1 delta=1kappa=1	111.39377821887	111.915517349305	None	All parameters fixed	0.0102728104538475	-0.00525597372970712	4.21723835384602	-0.0258963090996499 - 0.0153843616402356	0.0105307833520116	0.622249243739858	skeleton_D_0__Bacteria___D_1__Proteobacteria___D_2__Deltaproteobacteria___D_3__Myxococcales___D_4__P3OB_42___D_5__uncultured_bacterium	depth	FALSE
BM_Lambda	-	lambda=ML delta=1kappa=1	106.805496569286	107.327235699721	lambda	lambda : 1e-06 (95% CI  NA  -  0.968284316462946 )	0.0517653951469608	-0.00973991710974286	4.07524915241624	-0.0264179123223476 - 0.00693807810286191	0.0085091812309208	0.26364734669529	skeleton_D_0__Bacteria___D_1__Proteobacteria___D_2__Deltaproteobacteria___D_3__Myxococcales___D_4__P3OB_42___D_5__uncultured_bacterium	depth	FALSE
BM_Kappa	-	lambda=1 delta=1kappa=ML	103.303911584417	103.825650714851	kappa	kappa : 1e-06 (95% CI  NA  -  0.669179110738896 )	0.0464361226205069	-0.00690151015036254	4.15526199701722	-0.0194139355831644 - 0.00561091528243934	0.00638389052693974	0.290404516084652	skeleton_D_0__Bacteria___D_1__Proteobacteria___D_2__Deltaproteobacteria___D_3__Myxococcales___D_4__P3OB_42___D_5__uncultured_bacterium	depth	TRUE
BM_Delta	-	lambda=1 delta=MLkappa=1	111.39377821887	111.915517349305	delta	delta : 1 (95% CI  0.308990357737943  -  NA )	0.0102728104538475	-0.00525597372970712	4.21723835384602	-0.0258963090996499 - 0.0153843616402356	0.0105307833520116	0.622249243739858	skeleton_D_0__Bacteria___D_1__Proteobacteria___D_2__Deltaproteobacteria___D_3__Myxococcales___D_4__P3OB_42___D_5__uncultured_bacterium	depth	FALSE
