model_name	compartment	branch_length_transformation	AIC	AICc	estimated_parameter	parameter_value	R2	slope	intercept	x_trait_slope_95CI	x_trait_slope_stdev	p	x_trait	y_trait	best_model
BM	-	lambda=1 delta=1kappa=1	246.599108393677	246.923432718001	None	All parameters fixed	0.241545526887043	0.0119940720989379	2.43906279062452	0.00523641443568262 - 0.0187517297621932	0.00344778452206903	0.00127953305302242	tissue_D_0__Bacteria___D_1__Proteobacteria___D_2__Gammaproteobacteria___D_3__Oceanospirillales___D_4__Endozoicomonadaceae___D_5__Endozoicomonas	perc_dis	FALSE
BM_Lambda	-	lambda=ML delta=1kappa=1	223.568869213327	223.893193537651	lambda	lambda : 1e-06 (95% CI  NA  -  0.271255987848455 )	0.301960046634955	0.0150391245008179	1.78006196857797	0.00776882626930944 - 0.0223094227323264	0.0037093358324023	0.000240217871366966	tissue_D_0__Bacteria___D_1__Proteobacteria___D_2__Gammaproteobacteria___D_3__Oceanospirillales___D_4__Endozoicomonadaceae___D_5__Endozoicomonas	perc_dis	TRUE
BM_Kappa	-	lambda=1 delta=1kappa=ML	242.726338261465	243.050662585789	kappa	kappa : 0.468372104412783 (95% CI  NA  -  0.997791158040675 )	0.267470933049811	0.0134674591868213	2.20321787441647	0.00638108508209557 - 0.0205538332915471	0.00361549699220701	0.00063276568562598	tissue_D_0__Bacteria___D_1__Proteobacteria___D_2__Gammaproteobacteria___D_3__Oceanospirillales___D_4__Endozoicomonadaceae___D_5__Endozoicomonas	perc_dis	FALSE
BM_Delta	-	lambda=1 delta=MLkappa=1	246.599108393677	246.923432718001	delta	delta : 1 (95% CI  0.392847285008373  -  NA )	0.241545526887043	0.0119940720989379	2.43906279062452	0.00523641443568262 - 0.0187517297621932	0.00344778452206903	0.00127953305302242	tissue_D_0__Bacteria___D_1__Proteobacteria___D_2__Gammaproteobacteria___D_3__Oceanospirillales___D_4__Endozoicomonadaceae___D_5__Endozoicomonas	perc_dis	FALSE
