model_name	compartment	branch_length_transformation	AIC	AICc	estimated_parameter	parameter_value	R2	slope	intercept	x_trait_slope_95CI	x_trait_slope_stdev	p	x_trait	y_trait	best_model
BM	-	lambda=1 delta=1kappa=1	111.220086555669	111.741825686104	None	All parameters fixed	0.0168625961864391	0.00530505624137341	4.0997943057131	-0.0109012981878013 - 0.0215114106705481	0.00826854817815038	0.527217083778467	skeleton_D_0__Bacteria___D_1__Bacteroidetes___D_2__Chlorobia___D_3__Chlorobiales___D_4__Chlorobiaceae___D_5__Prosthecochloris	depth	FALSE
BM_Lambda	-	lambda=ML delta=1kappa=1	107.393215909819	107.914955040254	lambda	lambda : 1e-06 (95% CI  NA  -  NA )	0.0300868463857974	-0.0119569275540196	4.11411516217208	-0.0391180765940832 - 0.015204221486044	0.0138577291020732	0.396768949901169	skeleton_D_0__Bacteria___D_1__Bacteroidetes___D_2__Chlorobia___D_3__Chlorobiales___D_4__Chlorobiaceae___D_5__Prosthecochloris	depth	FALSE
BM_Kappa	-	lambda=1 delta=1kappa=ML	104.077252401686	104.598991532121	kappa	kappa : 1e-06 (95% CI  NA  -  0.704073453344264 )	0.0176474138777587	-0.00654694995541318	4.11279254814866	-0.0260895629872017 - 0.0129956630763754	0.009970720934586	0.517673968695465	skeleton_D_0__Bacteria___D_1__Bacteroidetes___D_2__Chlorobia___D_3__Chlorobiales___D_4__Chlorobiaceae___D_5__Prosthecochloris	depth	TRUE
BM_Delta	-	lambda=1 delta=MLkappa=1	111.220086555669	111.741825686104	delta	delta : 1 (95% CI  0.293829282255006  -  NA )	0.0168625961864391	0.00530505624137341	4.0997943057131	-0.0109012981878013 - 0.0215114106705481	0.00826854817815038	0.527217083778467	skeleton_D_0__Bacteria___D_1__Bacteroidetes___D_2__Chlorobia___D_3__Chlorobiales___D_4__Chlorobiaceae___D_5__Prosthecochloris	depth	FALSE
