model_name	compartment	branch_length_transformation	AIC	AICc	estimated_parameter	parameter_value	R2	slope	intercept	x_trait_slope_95CI	x_trait_slope_stdev	p	x_trait	y_trait	best_model
BM	-	lambda=1 delta=1kappa=1	-58.1604960216617	-57.8877687489344	None	All parameters fixed	0.0684896933806416	0.00037259736048624	0.171116168840438	-2.88890128978047e-05 - 0.000774083733870284	0.000204839986420431	0.0755743980302019	skeleton_D_0__Bacteria___D_1__Proteobacteria___D_2__Alphaproteobacteria___D_3__Rhodospirillales___D_4__Terasakiellaceae___D_5__uncultured	dominance_all	FALSE
BM_Lambda	-	lambda=ML delta=1kappa=1	-93.1738972162635	-92.9011699435362	lambda	lambda : 1e-06 (95% CI  NA  -  0.354759297697863 )	0.0276106603587029	0.000259769832573767	0.148551070492123	-0.0001906528228233 - 0.000710192487970833	0.000229807477243401	0.264305036266807	skeleton_D_0__Bacteria___D_1__Proteobacteria___D_2__Alphaproteobacteria___D_3__Rhodospirillales___D_4__Terasakiellaceae___D_5__uncultured	dominance_all	TRUE
BM_Kappa	-	lambda=1 delta=1kappa=ML	-70.0091647667519	-69.7364374940246	kappa	kappa : 0.260021169968016 (95% CI  NA  -  0.6727486695062 )	0.0323082441656927	0.00030149826597844	0.193862221878361	-0.000180612106775793 - 0.000783608638732674	0.00024597467997665	0.226677025292973	skeleton_D_0__Bacteria___D_1__Proteobacteria___D_2__Alphaproteobacteria___D_3__Rhodospirillales___D_4__Terasakiellaceae___D_5__uncultured	dominance_all	FALSE
BM_Delta	-	lambda=1 delta=MLkappa=1	-58.1604960216617	-57.8877687489344	delta	delta : 1 (95% CI  0.42871108689655  -  NA )	0.0684896933806416	0.00037259736048624	0.171116168840438	-2.88890128978047e-05 - 0.000774083733870284	0.000204839986420431	0.0755743980302019	skeleton_D_0__Bacteria___D_1__Proteobacteria___D_2__Alphaproteobacteria___D_3__Rhodospirillales___D_4__Terasakiellaceae___D_5__uncultured	dominance_all	FALSE
