model_name	compartment	branch_length_transformation	AIC	AICc	estimated_parameter	parameter_value	R2	slope	intercept	x_trait_slope_95CI	x_trait_slope_stdev	p	x_trait	y_trait	best_model
BM	-	lambda=1 delta=1kappa=1	-42.6138698476579	-41.690792924581	None	All parameters fixed	0.560863114901024	0.0237227688385112	0.0861820230262265	0.0127269152328684 - 0.034718622444154	0.00561012939063406	0.000842475527670139	skeleton_D_0__Bacteria___D_1__Chloroflexi___D_2__Chloroflexia___D_3__Chloroflexales___D_4__Chloroflexaceae___D_5__Candidatus_Chlorothrix	growth_rate_mm_per_year	FALSE
BM_Lambda	-	lambda=ML delta=1kappa=1	-43.6093997745916	-42.6863228515147	lambda	lambda : 0.836300304542316 (95% CI  0.0308686051992352  -  NA )	0.277254962573588	0.0167074952335681	0.0960810392815291	0.00257703541469261 - 0.0308379550524436	0.00720941827493648	0.0361332862492758	skeleton_D_0__Bacteria___D_1__Chloroflexi___D_2__Chloroflexia___D_3__Chloroflexales___D_4__Chloroflexaceae___D_5__Candidatus_Chlorothrix	growth_rate_mm_per_year	FALSE
BM_Kappa	-	lambda=1 delta=1kappa=ML	-43.8161895955358	-42.8931126724588	kappa	kappa : 0.404818086523892 (95% CI  NA  -  NA )	0.331647161265478	0.0182285000270025	0.0958063100745988	0.00467324342899875 - 0.0317837566250063	0.00691594724387948	0.0195669265253788	skeleton_D_0__Bacteria___D_1__Chloroflexi___D_2__Chloroflexia___D_3__Chloroflexales___D_4__Chloroflexaceae___D_5__Candidatus_Chlorothrix	growth_rate_mm_per_year	TRUE
BM_Delta	-	lambda=1 delta=MLkappa=1	-42.6138698476579	-41.690792924581	delta	delta : 1 (95% CI  0.19283162828543  -  NA )	0.560863114901024	0.0237227688385112	0.0861820230262265	0.0127269152328684 - 0.034718622444154	0.00561012939063406	0.000842475527670139	skeleton_D_0__Bacteria___D_1__Chloroflexi___D_2__Chloroflexia___D_3__Chloroflexales___D_4__Chloroflexaceae___D_5__Candidatus_Chlorothrix	growth_rate_mm_per_year	FALSE
