model_name	compartment	branch_length_transformation	AIC	AICc	estimated_parameter	parameter_value	R2	slope	intercept	x_trait_slope_95CI	x_trait_slope_stdev	p	x_trait	y_trait	best_model
BM	-	lambda=1 delta=1kappa=1	-26.198813835827	-25.9379442706096	None	All parameters fixed	0.00751298825749064	0.000119303335579906	0.170801358456185	-0.000272723493319679 - 0.000511330164479491	0.000200013688214074	0.553719661786639	all_D_0__Bacteria___D_1__Proteobacteria___D_2__Alphaproteobacteria___D_3__Rhodospirillales___D_4__Terasakiellaceae___D_5__uncultured	dominance_all	FALSE
BM_Lambda	-	lambda=ML delta=1kappa=1	-80.3917006566135	-80.1308310913961	lambda	lambda : 1e-06 (95% CI  NA  -  0.257611480846953 )	0.0147667525567385	0.00019493298675645	0.154842205269197	-0.000260285101101629 - 0.000650151074614528	0.000232254126458203	0.405544836286365	all_D_0__Bacteria___D_1__Proteobacteria___D_2__Alphaproteobacteria___D_3__Rhodospirillales___D_4__Terasakiellaceae___D_5__uncultured	dominance_all	TRUE
BM_Kappa	-	lambda=1 delta=1kappa=ML	-58.3101810944372	-58.0493115292198	kappa	kappa : 1e-06 (95% CI  NA  -  0.278690652630421 )	0.00157125038736111	6.60183968858627e-05	0.2015579453368	-0.000409763547377534 - 0.000541800341149259	0.000242745889930304	0.786840062393265	all_D_0__Bacteria___D_1__Proteobacteria___D_2__Alphaproteobacteria___D_3__Rhodospirillales___D_4__Terasakiellaceae___D_5__uncultured	dominance_all	FALSE
BM_Delta	-	lambda=1 delta=MLkappa=1	-26.198813835827	-25.9379442706096	delta	delta : 1 (95% CI  0.470013287226387  -  NA )	0.00751298825749064	0.000119303335579906	0.170801358456185	-0.000272723493319679 - 0.000511330164479491	0.000200013688214074	0.553719661786639	all_D_0__Bacteria___D_1__Proteobacteria___D_2__Alphaproteobacteria___D_3__Rhodospirillales___D_4__Terasakiellaceae___D_5__uncultured	dominance_all	FALSE
