model_name	compartment	branch_length_transformation	AIC	AICc	estimated_parameter	parameter_value	R2	slope	intercept	x_trait_slope_95CI	x_trait_slope_stdev	p	x_trait	y_trait	best_model
BM	-	lambda=1 delta=1kappa=1	275.287466831658	275.580149758487	None	All parameters fixed	0.00867730061739172	-0.00427721098740622	3.60399402231209	-0.0181035532574813 - 0.00954913128266882	0.00705425626024237	0.547558705983852	all_D_0__Bacteria___D_1__Proteobacteria___D_2__Alphaproteobacteria___D_3__Rhodospirillales___D_4__Terasakiellaceae___D_5__uncultured	perc_dis	FALSE
BM_Lambda	-	lambda=ML delta=1kappa=1	258.020523227514	258.313206154343	lambda	lambda : 1e-06 (95% CI  NA  -  0.237336098320474 )	0.00989140672113987	-0.00884195840232831	3.18598174562856	-0.0355961774541074 - 0.0179122606494508	0.0136501117611118	0.520667396303586	all_D_0__Bacteria___D_1__Proteobacteria___D_2__Alphaproteobacteria___D_3__Rhodospirillales___D_4__Terasakiellaceae___D_5__uncultured	perc_dis	TRUE
BM_Kappa	-	lambda=1 delta=1kappa=ML	273.984452499988	274.277135426817	kappa	kappa : 0.672215006971304 (95% CI  0.125889326775632  -  NA )	0.00544706015597916	-0.00420745673685004	3.55875944369355	-0.0214017350520735 - 0.0129868215783735	0.00877259097715484	0.633990132544612	all_D_0__Bacteria___D_1__Proteobacteria___D_2__Alphaproteobacteria___D_3__Rhodospirillales___D_4__Terasakiellaceae___D_5__uncultured	perc_dis	FALSE
BM_Delta	-	lambda=1 delta=MLkappa=1	275.287466831658	275.580149758487	delta	delta : 1 (95% CI  0.383917343021624  -  NA )	0.00867730061739172	-0.00427721098740622	3.60399402231209	-0.0181035532574813 - 0.00954913128266882	0.00705425626024237	0.547558705983852	all_D_0__Bacteria___D_1__Proteobacteria___D_2__Alphaproteobacteria___D_3__Rhodospirillales___D_4__Terasakiellaceae___D_5__uncultured	perc_dis	FALSE
