model_name	compartment	branch_length_transformation	AIC	AICc	estimated_parameter	parameter_value	R2	slope	intercept	x_trait_slope_95CI	x_trait_slope_stdev	p	x_trait	y_trait	best_model
BM	-	lambda=1 delta=1kappa=1	-34.4716149390286	-33.5485380159517	None	All parameters fixed	0.269519813645161	-0.00591988268082854	0.13135661360637	-0.0110250975444251 - -0.000814667817231943	0.00260470146101867	0.0393264963669437	all_D_0__Bacteria___D_1__Spirochaetes___D_2__Spirochaetia___D_3__Spirochaetales___D_4__Spirochaetaceae___D_5__Spirochaeta_2	growth_rate_mm_per_year	FALSE
BM_Lambda	-	lambda=ML delta=1kappa=1	-42.7661778791075	-41.8431009560306	lambda	lambda : 0.543340503906829 (95% CI  NA  -  0.93983208157836 )	0.121045430512938	-0.00405418676597019	0.130706393583144	-0.00977693736644168 - 0.0016685638345013	0.00291977071452627	0.18667317054166	all_D_0__Bacteria___D_1__Spirochaetes___D_2__Spirochaetia___D_3__Spirochaetales___D_4__Spirochaetaceae___D_5__Spirochaeta_2	growth_rate_mm_per_year	TRUE
BM_Kappa	-	lambda=1 delta=1kappa=ML	-40.8649313532391	-39.9418544301622	kappa	kappa : 1e-06 (95% CI  NA  -  0.759170372708471 )	0.0393671792642653	-0.00231643189986059	0.125474431077006	-0.00831052041466005 - 0.00367765661493887	0.00305820842591809	0.46134125722667	all_D_0__Bacteria___D_1__Spirochaetes___D_2__Spirochaetia___D_3__Spirochaetales___D_4__Spirochaetaceae___D_5__Spirochaeta_2	growth_rate_mm_per_year	FALSE
BM_Delta	-	lambda=1 delta=MLkappa=1	-34.4716149390286	-33.5485380159517	delta	delta : 1 (95% CI  0.270746668659997  -  NA )	0.269519813645161	-0.00591988268082854	0.13135661360637	-0.0110250975444251 - -0.000814667817231943	0.00260470146101867	0.0393264963669437	all_D_0__Bacteria___D_1__Spirochaetes___D_2__Spirochaetia___D_3__Spirochaetales___D_4__Spirochaetaceae___D_5__Spirochaeta_2	growth_rate_mm_per_year	FALSE
