model_name	compartment	branch_length_transformation	AIC	AICc	estimated_parameter	parameter_value	R2	slope	intercept	x_trait_slope_95CI	x_trait_slope_stdev	p	x_trait	y_trait	best_model
BM	-	lambda=1 delta=1kappa=1	-30.4732886932126	-29.6732886932126	None	All parameters fixed	0.00110455280780196	-0.00879007772081152	0.127403843273017	-0.138315664959114 - 0.120735509517491	0.0660844832848482	0.895841834674935	tissue_D_0__Bacteria___D_1__Tenericutes___D_2__Mollicutes___D_3__Mycoplasmatales___D_4__Mycoplasmataceae___D_5__Mycoplasma	growth_rate_mm_per_year	FALSE
BM_Lambda	-	lambda=ML delta=1kappa=1	-39.4763644454854	-38.6763644454854	lambda	lambda : 1e-06 (95% CI  NA  -  0.913937579464988 )	0.0667800683551031	-0.10088147653198	0.149355805771154	-0.285670462980564 - 0.0839075099166041	0.0942800951268286	0.30048790858689	tissue_D_0__Bacteria___D_1__Tenericutes___D_2__Mollicutes___D_3__Mycoplasmatales___D_4__Mycoplasmataceae___D_5__Mycoplasma	growth_rate_mm_per_year	TRUE
BM_Kappa	-	lambda=1 delta=1kappa=ML	-36.0793411761891	-35.2793411761891	kappa	kappa : 0.10306890584667 (95% CI  NA  -  0.834539292608677 )	0.0784117176463844	-0.0900985091055249	0.131754474482992	-0.241451731947726 - 0.0612547137366761	0.0772210320623475	0.260403018396423	tissue_D_0__Bacteria___D_1__Tenericutes___D_2__Mollicutes___D_3__Mycoplasmatales___D_4__Mycoplasmataceae___D_5__Mycoplasma	growth_rate_mm_per_year	FALSE
BM_Delta	-	lambda=1 delta=MLkappa=1	-30.4732886932126	-29.6732886932126	delta	delta : 1 (95% CI  0.278306766805512  -  NA )	0.00110455280780196	-0.00879007772081152	0.127403843273017	-0.138315664959114 - 0.120735509517491	0.0660844832848482	0.895841834674935	tissue_D_0__Bacteria___D_1__Tenericutes___D_2__Mollicutes___D_3__Mycoplasmatales___D_4__Mycoplasmataceae___D_5__Mycoplasma	growth_rate_mm_per_year	FALSE
