model_name	compartment	branch_length_transformation	AIC	AICc	estimated_parameter	parameter_value	R2	slope	intercept	x_trait_slope_95CI	x_trait_slope_stdev	p	x_trait	y_trait	best_model
BM	-	lambda=1 delta=1kappa=1	72.5487474140361	73.7487474140361	None	All parameters fixed	0.0764309705582929	-4.5130383780379	2.28984230366697	-13.7840846519287 - 4.75800789585292	4.73012564994429	0.360527119509618	dominance_tissue	perc_dis	FALSE
BM_Lambda	-	lambda=ML delta=1kappa=1	48.0869612984314	49.2869612984314	lambda	lambda : 1e-06 (95% CI  NA  -  0.481059692740632 )	0.0011973718326346	-0.362957351532884	1.47257416699021	-6.55794786319203 - 5.83203316012626	3.16070944472405	0.910645933915597	dominance_tissue	perc_dis	TRUE
BM_Kappa	-	lambda=1 delta=1kappa=ML	55.7905443326819	56.9905443326819	kappa	kappa : 1e-06 (95% CI  NA  -  0.2707524502641 )	0.0185751278744127	-1.48553722957585	1.59106856120917	-7.8667891919764 - 4.8957147328247	3.25574079714314	0.657063988339648	dominance_tissue	perc_dis	FALSE
BM_Delta	-	lambda=1 delta=MLkappa=1	72.5487474140361	73.7487474140361	delta	delta : 1 (95% CI  0.263031455245555  -  NA )	0.0764309705582929	-4.5130383780379	2.28984230366697	-13.7840846519287 - 4.75800789585292	4.73012564994429	0.360527119509618	dominance_tissue	perc_dis	FALSE
