model_name	compartment	branch_length_transformation	AIC	AICc	estimated_parameter	parameter_value	R2	slope	intercept	x_trait_slope_95CI	x_trait_slope_stdev	p	x_trait	y_trait	best_model
BM	-	lambda=1 delta=1kappa=1	531.584830081298	531.870544367012	None	All parameters fixed	0.00232834022994379	0.0865413301112769	137.48263875861	-0.448905073855331 - 0.621987734077885	0.27318694079929	0.752940191855943	mucus_D_0__Bacteria___D_1__Proteobacteria___D_2__Alphaproteobacteria___D_3__Rickettsiales___D_4__Midichloriaceae___D_5__MD3_55	observed_features_all	FALSE
BM_Lambda	-	lambda=ML delta=1kappa=1	511.624163985117	511.909878270831	lambda	lambda : 1e-06 (95% CI  NA  -  0.712393375417065 )	0.00264004786722936	-0.0378914682423032	139.301611765216	-0.25802354950169 - 0.182240613017083	0.11231228635683	0.73747486479629	mucus_D_0__Bacteria___D_1__Proteobacteria___D_2__Alphaproteobacteria___D_3__Rickettsiales___D_4__Midichloriaceae___D_5__MD3_55	observed_features_all	TRUE
BM_Kappa	-	lambda=1 delta=1kappa=ML	519.427605061576	519.71331934729	kappa	kappa : 0.255479452626442 (95% CI  NA  -  0.674422796587896 )	0.0113013902294789	-0.0921280776504342	143.905096334402	-0.349688945048677 - 0.165432789747808	0.13140860581543	0.487029338916067	mucus_D_0__Bacteria___D_1__Proteobacteria___D_2__Alphaproteobacteria___D_3__Rickettsiales___D_4__Midichloriaceae___D_5__MD3_55	observed_features_all	FALSE
BM_Delta	-	lambda=1 delta=MLkappa=1	531.584830081298	531.870544367012	delta	delta : 1 (95% CI  0.402646687718955  -  NA )	0.00232834022994379	0.0865413301112769	137.48263875861	-0.448905073855331 - 0.621987734077885	0.27318694079929	0.752940191855943	mucus_D_0__Bacteria___D_1__Proteobacteria___D_2__Alphaproteobacteria___D_3__Rickettsiales___D_4__Midichloriaceae___D_5__MD3_55	observed_features_all	FALSE
