model_name	compartment	branch_length_transformation	AIC	AICc	estimated_parameter	parameter_value	R2	slope	intercept	x_trait_slope_95CI	x_trait_slope_stdev	p	x_trait	y_trait	best_model
BM	-	lambda=1 delta=1kappa=1	-29.8194918498512	-28.8964149267743	None	All parameters fixed	0.02302623361047	-0.000229758406700685	0.123110529729945	-0.00101371760894236 - 0.000554200795540994	0.000399979184817183	0.574794161454109	tissue_D_0__Bacteria___D_1__Proteobacteria___D_2__Gammaproteobacteria___D_3__Betaproteobacteriales___D_4__Burkholderiaceae___D_5__Aquabacterium	growth_rate_mm_per_year	FALSE
BM_Lambda	-	lambda=ML delta=1kappa=1	-42.3353642246538	-41.4122873015769	lambda	lambda : 0.327060709446926 (95% CI  NA  -  0.838732094012789 )	0.092934395764812	0.000371100360075433	0.100490566507132	-0.000236215382545871 - 0.000978416102696736	0.000309854970725155	0.250934684947991	tissue_D_0__Bacteria___D_1__Proteobacteria___D_2__Gammaproteobacteria___D_3__Betaproteobacteriales___D_4__Burkholderiaceae___D_5__Aquabacterium	growth_rate_mm_per_year	TRUE
BM_Kappa	-	lambda=1 delta=1kappa=ML	-40.8334701270447	-39.9103932039678	kappa	kappa : 1e-06 (95% CI  NA  -  0.441134033085655 )	0.0374764030277079	0.000238680291723418	0.109559602431095	-0.000394949160439528 - 0.000872309743886364	0.000323280332736197	0.472523524542769	tissue_D_0__Bacteria___D_1__Proteobacteria___D_2__Gammaproteobacteria___D_3__Betaproteobacteriales___D_4__Burkholderiaceae___D_5__Aquabacterium	growth_rate_mm_per_year	FALSE
BM_Delta	-	lambda=1 delta=MLkappa=1	-29.8194918498512	-28.8964149267743	delta	delta : 1 (95% CI  0.285781818653985  -  NA )	0.02302623361047	-0.000229758406700685	0.123110529729945	-0.00101371760894236 - 0.000554200795540994	0.000399979184817183	0.574794161454109	tissue_D_0__Bacteria___D_1__Proteobacteria___D_2__Gammaproteobacteria___D_3__Betaproteobacteriales___D_4__Burkholderiaceae___D_5__Aquabacterium	growth_rate_mm_per_year	FALSE
