model_name	compartment	branch_length_transformation	AIC	AICc	estimated_parameter	parameter_value	R2	slope	intercept	x_trait_slope_95CI	x_trait_slope_stdev	p	x_trait	y_trait	best_model
BM	-	lambda=1 delta=1kappa=1	91.337698447496	92.2607753705729	None	All parameters fixed	0.0474970815798112	6.32493665434439	6.3730011833689	-8.51212592854026 - 21.1619992372291	7.56992988922687	0.417448860765119	mucus_unweighted_unifrac_ordination_PC3	perc_dis	TRUE
BM_Lambda	-	lambda=ML delta=1kappa=1	91.337698447496	92.2607753705729	lambda	lambda : 1 (95% CI  0.780942223963863  -  NA )	0.0474970815798112	6.32493665434439	6.3730011833689	-8.51212592854026 - 21.1619992372291	7.56992988922687	0.417448860765119	mucus_unweighted_unifrac_ordination_PC3	perc_dis	FALSE
BM_Kappa	-	lambda=1 delta=1kappa=ML	91.337698447496	92.2607753705729	kappa	kappa : 1 (95% CI  0.590081684304865  -  NA )	0.0474970815798113	6.32493665434439	6.37300118336889	-8.51212592854026 - 21.1619992372291	7.56992988922687	0.417448860765119	mucus_unweighted_unifrac_ordination_PC3	perc_dis	FALSE
BM_Delta	-	lambda=1 delta=MLkappa=1	91.337698447496	92.2607753705729	delta	delta : 1 (95% CI  0.147246008990671  -  NA )	0.0474970815798112	6.32493665434439	6.3730011833689	-8.51212592854026 - 21.1619992372291	7.56992988922687	0.417448860765119	mucus_unweighted_unifrac_ordination_PC3	perc_dis	FALSE
