model_name	compartment	branch_length_transformation	AIC	AICc	estimated_parameter	parameter_value	R2	slope	intercept	x_trait_slope_95CI	x_trait_slope_stdev	p	x_trait	y_trait	best_model
BM	-	lambda=1 delta=1kappa=1	-40.1254636084326	-39.3254636084326	None	All parameters fixed	0.415697881083934	0.000429472524277843	0.122684359307169	0.000179977843967673 - 0.000678967204588012	0.000127293204239882	0.00386749153293442	skeleton_D_0__Bacteria___D_1__Proteobacteria___D_2__Alphaproteobacteria___D_3__Rhodospirillales___D_4__Terasakiellaceae___D_5__uncultured	growth_rate_mm_per_year	FALSE
BM_Lambda	-	lambda=ML delta=1kappa=1	-40.3059613660387	-39.5059613660387	lambda	lambda : 0.986045789455875 (95% CI  NA  -  NA )	0.375572289222796	0.000417080929104208	0.122726818751541	0.000153562662169521 - 0.000680599196038895	0.00013444809537484	0.00684866919335514	skeleton_D_0__Bacteria___D_1__Proteobacteria___D_2__Alphaproteobacteria___D_3__Rhodospirillales___D_4__Terasakiellaceae___D_5__uncultured	growth_rate_mm_per_year	FALSE
BM_Kappa	-	lambda=1 delta=1kappa=ML	-40.3384219887431	-39.5384219887431	kappa	kappa : 0.820009907774148 (95% CI  NA  -  NA )	0.362483546316902	0.000421035822560236	0.12326671941964	0.000147435454032933 - 0.000694636191087539	0.000139592024758828	0.00819783437875543	skeleton_D_0__Bacteria___D_1__Proteobacteria___D_2__Alphaproteobacteria___D_3__Rhodospirillales___D_4__Terasakiellaceae___D_5__uncultured	growth_rate_mm_per_year	TRUE
BM_Delta	-	lambda=1 delta=MLkappa=1	-40.1254636084326	-39.3254636084326	delta	delta : 1 (95% CI  0.216916119083807  -  NA )	0.415697881083934	0.000429472524277843	0.122684359307169	0.000179977843967673 - 0.000678967204588012	0.000127293204239882	0.00386749153293442	skeleton_D_0__Bacteria___D_1__Proteobacteria___D_2__Alphaproteobacteria___D_3__Rhodospirillales___D_4__Terasakiellaceae___D_5__uncultured	growth_rate_mm_per_year	FALSE
