model_name	compartment	branch_length_transformation	AIC	AICc	estimated_parameter	parameter_value	R2	slope	intercept	x_trait_slope_95CI	x_trait_slope_stdev	p	x_trait	y_trait	best_model
BM	-	lambda=1 delta=1kappa=1	240.87304125703	241.225982433501	None	All parameters fixed	0.0389484022520019	0.198252628155732	2.47594553356449	-0.12801165381477 - 0.524516910126235	0.166461368352297	0.241674943305908	all_D_0__Bacteria___D_1__Proteobacteria___D_2__Alphaproteobacteria___D_3__Rhodobacterales___D_4__Rhodobacteraceae___D_5__Ruegeria	perc_dis	FALSE
BM_Lambda	-	lambda=ML delta=1kappa=1	222.366843660804	222.719784837274	lambda	lambda : 1e-06 (95% CI  NA  -  0.232888091682176 )	0.0122949509072696	0.103837286777426	2.78756612000674	-0.204499695994612 - 0.412174269549463	0.157314787128591	0.513535625728084	all_D_0__Bacteria___D_1__Proteobacteria___D_2__Alphaproteobacteria___D_3__Rhodobacterales___D_4__Rhodobacteraceae___D_5__Ruegeria	perc_dis	TRUE
BM_Kappa	-	lambda=1 delta=1kappa=ML	236.210662821675	236.563603998145	kappa	kappa : 0.33604060120966 (95% CI  NA  -  0.935017108907185 )	0.0927921521283578	0.356001178617824	1.55570487615978	-0.0127821335093254 - 0.724784490744974	0.18815475108528	0.0667783957753882	all_D_0__Bacteria___D_1__Proteobacteria___D_2__Alphaproteobacteria___D_3__Rhodobacterales___D_4__Rhodobacteraceae___D_5__Ruegeria	perc_dis	FALSE
BM_Delta	-	lambda=1 delta=MLkappa=1	240.87304125703	241.225982433501	delta	delta : 1 (95% CI  0.383571953853573  -  NA )	0.0389484022520019	0.198252628155732	2.47594553356449	-0.12801165381477 - 0.524516910126235	0.166461368352297	0.241674943305908	all_D_0__Bacteria___D_1__Proteobacteria___D_2__Alphaproteobacteria___D_3__Rhodobacterales___D_4__Rhodobacteraceae___D_5__Ruegeria	perc_dis	FALSE
