model_name	compartment	branch_length_transformation	AIC	AICc	estimated_parameter	parameter_value	R2	slope	intercept	x_trait_slope_95CI	x_trait_slope_stdev	p	x_trait	y_trait	best_model
BM	-	lambda=1 delta=1kappa=1	251.227066267248	251.560399600581	None	All parameters fixed	0.0116108524988635	-0.00399251384666718	3.74693750965793	-0.0158620451590717 - 0.00787701746573737	0.00605588332265538	0.513799570734197	tissue_D_0__Bacteria___D_1__Proteobacteria___D_2__Alphaproteobacteria___D_3__Sphingomonadales___D_4__Sphingomonadaceae___D_5__Sphingobium	perc_dis	FALSE
BM_Lambda	-	lambda=ML delta=1kappa=1	231.12306974178	231.456403075113	lambda	lambda : 1e-06 (95% CI  NA  -  0.256854129364575 )	0.042037087254963	-0.0175244325841433	4.14833954964737	-0.0444805422270357 - 0.00943167705874915	0.013753117164741	0.210532515783358	tissue_D_0__Bacteria___D_1__Proteobacteria___D_2__Alphaproteobacteria___D_3__Sphingomonadales___D_4__Sphingomonadaceae___D_5__Sphingobium	perc_dis	TRUE
BM_Kappa	-	lambda=1 delta=1kappa=ML	246.834859624884	247.168192958217	kappa	kappa : 0.312069019921529 (95% CI  NA  -  0.952068993439389 )	0.0606984287698154	-0.0180423816266776	4.41543497307501	-0.0409122083328687 - 0.00482744507951349	0.0116682789317302	0.130549358036095	tissue_D_0__Bacteria___D_1__Proteobacteria___D_2__Alphaproteobacteria___D_3__Sphingomonadales___D_4__Sphingomonadaceae___D_5__Sphingobium	perc_dis	FALSE
BM_Delta	-	lambda=1 delta=MLkappa=1	251.227066267248	251.560399600581	delta	delta : 1 (95% CI  0.386363596707517  -  NA )	0.0116108524988635	-0.00399251384666718	3.74693750965793	-0.0158620451590717 - 0.00787701746573737	0.00605588332265538	0.513799570734197	tissue_D_0__Bacteria___D_1__Proteobacteria___D_2__Alphaproteobacteria___D_3__Sphingomonadales___D_4__Sphingomonadaceae___D_5__Sphingobium	perc_dis	FALSE
