model_name	compartment	branch_length_transformation	AIC	AICc	estimated_parameter	parameter_value	R2	slope	intercept	x_trait_slope_95CI	x_trait_slope_stdev	p	x_trait	y_trait	best_model
BM	-	lambda=1 delta=1kappa=1	-30.2822655286876	-29.3591886056107	None	All parameters fixed	0.0508788553058187	0.00044772452282356	0.088694234787018	-0.000565242003562349 - 0.00146069104920947	0.000516819656319341	0.400925206513704	all_D_0__Bacteria___D_1__Proteobacteria___D_2__Alphaproteobacteria___D_3__Sphingomonadales___D_4__Sphingomonadaceae___D_5__Sphingobium	growth_rate_mm_per_year	FALSE
BM_Lambda	-	lambda=ML delta=1kappa=1	-44.783155554218	-43.8600786311411	lambda	lambda : 0.352479867000564 (95% CI  NA  -  0.82536167079308 )	0.220152850082374	0.000747403545847688	0.0764851002063443	1.05353775759329e-05 - 0.00148427171411944	0.000375953147077426	0.0667277083390265	all_D_0__Bacteria___D_1__Proteobacteria___D_2__Alphaproteobacteria___D_3__Sphingomonadales___D_4__Sphingomonadaceae___D_5__Sphingobium	growth_rate_mm_per_year	TRUE
BM_Kappa	-	lambda=1 delta=1kappa=ML	-43.4872954021082	-42.5642184790313	kappa	kappa : 1e-06 (95% CI  NA  -  0.367466991306993 )	0.184587188236991	0.000662664544382595	0.0829361682272901	-6.69168936730148e-05 - 0.00139224598243821	0.000372235427579393	0.0967429552418648	all_D_0__Bacteria___D_1__Proteobacteria___D_2__Alphaproteobacteria___D_3__Sphingomonadales___D_4__Sphingomonadaceae___D_5__Sphingobium	growth_rate_mm_per_year	FALSE
BM_Delta	-	lambda=1 delta=MLkappa=1	-30.2822655286876	-29.3591886056107	delta	delta : 1 (95% CI  0.306016567744841  -  NA )	0.0508788553058187	0.00044772452282356	0.088694234787018	-0.000565242003562349 - 0.00146069104920947	0.000516819656319341	0.400925206513704	all_D_0__Bacteria___D_1__Proteobacteria___D_2__Alphaproteobacteria___D_3__Sphingomonadales___D_4__Sphingomonadaceae___D_5__Sphingobium	growth_rate_mm_per_year	FALSE
