model_name	compartment	branch_length_transformation	AIC	AICc	estimated_parameter	parameter_value	R2	slope	intercept	x_trait_slope_95CI	x_trait_slope_stdev	p	x_trait	y_trait	best_model
BM	-	lambda=1 delta=1kappa=1	-30.4898487016873	-29.6898487016873	None	All parameters fixed	0.00202311448613773	-6.74704076327903e-05	0.127279983095149	-0.000801746563222435 - 0.000666805747956854	0.00037463069162737	0.859336529926837	tissue_D_0__Bacteria___D_1__Bacteroidetes___D_2__Bacteroidia___D_3__Flavobacteriales___D_4__Flavobacteriaceae___D_5__Maritimimonas	growth_rate_mm_per_year	FALSE
BM_Lambda	-	lambda=ML delta=1kappa=1	-38.2411102678129	-37.4411102678129	lambda	lambda : 1e-06 (95% CI  NA  -  0.926951761382366 )	0.000489028971348381	4.65301472553307e-05	0.137476109267207	-0.000984228520255539 - 0.0010772888147662	0.000525897279342281	0.930595043334033	tissue_D_0__Bacteria___D_1__Bacteroidetes___D_2__Bacteroidia___D_3__Flavobacteriales___D_4__Flavobacteriaceae___D_5__Maritimimonas	growth_rate_mm_per_year	TRUE
BM_Kappa	-	lambda=1 delta=1kappa=ML	-34.8250596933606	-34.0250596933606	kappa	kappa : 0.247751985372161 (95% CI  NA  -  0.954146170001797 )	0.00280314717763503	-9.54924461697342e-05	0.127418904959648	-0.000978028787204937 - 0.000787043894865468	0.000450273643385308	0.834725436885876	tissue_D_0__Bacteria___D_1__Bacteroidetes___D_2__Bacteroidia___D_3__Flavobacteriales___D_4__Flavobacteriaceae___D_5__Maritimimonas	growth_rate_mm_per_year	FALSE
BM_Delta	-	lambda=1 delta=MLkappa=1	-30.4898487016873	-29.6898487016873	delta	delta : 1 (95% CI  0.276889141634175  -  NA )	0.00202311448613773	-6.74704076327903e-05	0.127279983095149	-0.000801746563222435 - 0.000666805747956854	0.00037463069162737	0.859336529926837	tissue_D_0__Bacteria___D_1__Bacteroidetes___D_2__Bacteroidia___D_3__Flavobacteriales___D_4__Flavobacteriaceae___D_5__Maritimimonas	growth_rate_mm_per_year	FALSE
