model_name	compartment	branch_length_transformation	AIC	AICc	estimated_parameter	parameter_value	R2	slope	intercept	x_trait_slope_95CI	x_trait_slope_stdev	p	x_trait	y_trait	best_model
BM	-	lambda=1 delta=1kappa=1	266.768001935225	267.060684862054	None	All parameters fixed	0.18318232234948	0.0272331727979493	2.16885966769874	0.00984113575723501 - 0.0446252098386636	0.00887348828607871	0.00375345395881843	all_D_0__Bacteria___D_1__Proteobacteria___D_2__Gammaproteobacteria___D_3__Oceanospirillales___D_4__Endozoicomonadaceae___D_5__Endozoicomonas	perc_dis	FALSE
BM_Lambda	-	lambda=ML delta=1kappa=1	244.046674711987	244.339357638816	lambda	lambda : 1e-06 (95% CI  NA  -  0.214547211075178 )	0.279296973701272	0.0352956026594972	1.5627951698466	0.0181482497663207 - 0.0524429555526737	0.00874864943529413	0.000226442825629558	all_D_0__Bacteria___D_1__Proteobacteria___D_2__Gammaproteobacteria___D_3__Oceanospirillales___D_4__Endozoicomonadaceae___D_5__Endozoicomonas	perc_dis	TRUE
BM_Kappa	-	lambda=1 delta=1kappa=ML	263.916603477441	264.209286404271	kappa	kappa : 0.558577073167297 (95% CI  0.0641645845347525  -  NA )	0.211096837136558	0.0302212416974446	1.90963878296904	0.0125521300160992 - 0.0478903533787901	0.00901485289864565	0.00170461669268596	all_D_0__Bacteria___D_1__Proteobacteria___D_2__Gammaproteobacteria___D_3__Oceanospirillales___D_4__Endozoicomonadaceae___D_5__Endozoicomonas	perc_dis	FALSE
BM_Delta	-	lambda=1 delta=MLkappa=1	266.768001935225	267.060684862054	delta	delta : 1 (95% CI  0.393341580889692  -  NA )	0.18318232234948	0.0272331727979493	2.16885966769874	0.00984113575723501 - 0.0446252098386636	0.00887348828607871	0.00375345395881843	all_D_0__Bacteria___D_1__Proteobacteria___D_2__Gammaproteobacteria___D_3__Oceanospirillales___D_4__Endozoicomonadaceae___D_5__Endozoicomonas	perc_dis	FALSE
