model_name	compartment	branch_length_transformation	AIC	AICc	estimated_parameter	parameter_value	R2	slope	intercept	x_trait_slope_95CI	x_trait_slope_stdev	p	x_trait	y_trait	best_model
BM	-	lambda=1 delta=1kappa=1	109.682670561209	110.204409691643	None	All parameters fixed	0.0733114748299873	-0.0016707911420213	4.35059340086591	-0.00404737711259337 - 0.000705794828550775	0.00121254386253677	0.18094035384697	tissue_D_0__Bacteria___D_1__Proteobacteria___D_2__Gammaproteobacteria___D_3__Oceanospirillales___D_4__Endozoicomonadaceae___D_5__Endozoicomonas	depth	FALSE
BM_Lambda	-	lambda=ML delta=1kappa=1	103.788118121668	104.309857252102	lambda	lambda : 1e-06 (95% CI  NA  -  0.934905337667331 )	0.155665343964674	-0.003901357417185	4.44889886571753	-0.00753655088911222 - -0.000266163945257792	0.00185469054690164	0.0460862379873415	tissue_D_0__Bacteria___D_1__Proteobacteria___D_2__Gammaproteobacteria___D_3__Oceanospirillales___D_4__Endozoicomonadaceae___D_5__Endozoicomonas	depth	FALSE
BM_Kappa	-	lambda=1 delta=1kappa=ML	99.8030905926631	100.324829723098	kappa	kappa : 1e-06 (95% CI  NA  -  0.586113911352616 )	0.166561883480058	-0.00292738504228907	4.54972243445559	-0.00554725157866733 - -0.000307518505910798	0.00133666660019299	0.0384738151247346	tissue_D_0__Bacteria___D_1__Proteobacteria___D_2__Gammaproteobacteria___D_3__Oceanospirillales___D_4__Endozoicomonadaceae___D_5__Endozoicomonas	depth	TRUE
BM_Delta	-	lambda=1 delta=MLkappa=1	109.682670561209	110.204409691643	delta	delta : 1 (95% CI  0.306529876936813  -  NA )	0.0733114748299873	-0.0016707911420213	4.35059340086591	-0.00404737711259337 - 0.000705794828550775	0.00121254386253677	0.18094035384697	tissue_D_0__Bacteria___D_1__Proteobacteria___D_2__Gammaproteobacteria___D_3__Oceanospirillales___D_4__Endozoicomonadaceae___D_5__Endozoicomonas	depth	FALSE
