model_name	compartment	branch_length_transformation	AIC	AICc	estimated_parameter	parameter_value	R2	slope	intercept	x_trait_slope_95CI	x_trait_slope_stdev	p	x_trait	y_trait	best_model
BM	-	lambda=1 delta=1kappa=1	159.893896619799	160.415635750233	None	All parameters fixed	0.0030766742889534	0.0125392305712445	4.28707610558626	-0.077765698621884 - 0.102844159764373	0.0460739434658819	0.787830915575011	tissue_D_0__Archaea___D_1__Thaumarchaeota___D_2__Nitrososphaeria___D_3__Nitrosopumilales___D_4__Nitrosopumilaceae___D_5__uncultured_archaeon	perc_dis	FALSE
BM_Lambda	-	lambda=ML delta=1kappa=1	145.755274474091	146.277013604525	lambda	lambda : 1e-06 (95% CI  NA  -  0.818181576240001 )	0.0158809897831691	0.0232788685718577	2.98234524833595	-0.0500368923392389 - 0.0965946294829543	0.0374060004648452	0.539593239628633	tissue_D_0__Archaea___D_1__Thaumarchaeota___D_2__Nitrososphaeria___D_3__Nitrosopumilales___D_4__Nitrosopumilaceae___D_5__uncultured_archaeon	perc_dis	TRUE
BM_Kappa	-	lambda=1 delta=1kappa=ML	155.581079446637	156.102818577072	kappa	kappa : 0.441096332170251 (95% CI  NA  -  0.96833466893054 )	0.00109897609897284	0.00657204468116056	4.95110832266523	-0.0726996355250447 - 0.0858437248873658	0.0404447347990843	0.872276905712702	tissue_D_0__Archaea___D_1__Thaumarchaeota___D_2__Nitrososphaeria___D_3__Nitrosopumilales___D_4__Nitrosopumilaceae___D_5__uncultured_archaeon	perc_dis	FALSE
BM_Delta	-	lambda=1 delta=MLkappa=1	159.893896619799	160.415635750233	delta	delta : 1 (95% CI  0.346332386596577  -  NA )	0.0030766742889534	0.0125392305712445	4.28707610558626	-0.077765698621884 - 0.102844159764373	0.0460739434658819	0.787830915575011	tissue_D_0__Archaea___D_1__Thaumarchaeota___D_2__Nitrososphaeria___D_3__Nitrosopumilales___D_4__Nitrosopumilaceae___D_5__uncultured_archaeon	perc_dis	FALSE
