model_name	compartment	branch_length_transformation	AIC	AICc	estimated_parameter	parameter_value	R2	slope	intercept	x_trait_slope_95CI	x_trait_slope_stdev	p	x_trait	y_trait	best_model
BM	-	lambda=1 delta=1kappa=1	24.6055227744942	27.6055227744942	None	All parameters fixed	0.217892247364274	-0.00461031937225172	2.71164281154193	-0.0122665408289224 - 0.00304590208441896	0.00390623543707688	0.290987775733718	observed_features_skeleton	perc_dis	FALSE
BM_Lambda	-	lambda=ML delta=1kappa=1	24.6055227744942	27.6055227744942	lambda	lambda : 1 (95% CI  0.188643726374197  -  NA )	0.217892247364274	-0.00461031937225172	2.71164281154193	-0.0122665408289224 - 0.00304590208441896	0.00390623543707688	0.290987775733718	observed_features_skeleton	perc_dis	FALSE
BM_Kappa	-	lambda=1 delta=1kappa=ML	24.6055227744942	27.6055227744942	kappa	kappa : 1 (95% CI  NA  -  NA )	0.217892247364274	-0.00461031937225172	2.71164281154193	-0.0122665408289224 - 0.00304590208441896	0.00390623543707688	0.290987775733718	observed_features_skeleton	perc_dis	FALSE
BM_Delta	-	lambda=1 delta=MLkappa=1	24.4517517883236	27.4517517883236	delta	delta : 0.654788600914862 (95% CI  0.0336328076232054  -  NA )	0.247660968650147	-0.0046099733088936	2.69319127489737	-0.0116528079756221 - 0.00243286135783487	0.00359328299322881	0.255761262119021	observed_features_skeleton	perc_dis	TRUE
