model_name	compartment	branch_length_transformation	AIC	AICc	estimated_parameter	parameter_value	R2	slope	intercept	x_trait_slope_95CI	x_trait_slope_stdev	p	x_trait	y_trait	best_model
BM	-	lambda=1 delta=1kappa=1	-30.4301747802874	-29.5070978572105	None	All parameters fixed	0.0596124125620736	0.000447801519416278	0.09028359600299	-0.000483869767384618 - 0.00137947280621718	0.000475342493265764	0.362134625639488	all_D_0__Bacteria___D_1__Proteobacteria___D_2__Gammaproteobacteria___D_3__Betaproteobacteriales___D_4__Burkholderiaceae___D_5__Aquabacterium	growth_rate_mm_per_year	FALSE
BM_Lambda	-	lambda=ML delta=1kappa=1	-44.6149355283334	-43.6918586052565	lambda	lambda : 0.305762826095806 (95% CI  NA  -  0.81622551064646 )	0.215008828515537	0.00071862140567715	0.0798994227047734	-6.56040559603773e-07 - 0.0014378988519139	0.000366978288896303	0.0704379536744262	all_D_0__Bacteria___D_1__Proteobacteria___D_2__Gammaproteobacteria___D_3__Betaproteobacteriales___D_4__Burkholderiaceae___D_5__Aquabacterium	growth_rate_mm_per_year	TRUE
BM_Kappa	-	lambda=1 delta=1kappa=ML	-42.6609323045485	-41.7378553814716	kappa	kappa : 1e-06 (95% CI  NA  -  0.402205809775545 )	0.141366479333946	0.000607418034936572	0.0886504673778246	-0.00017675234599368 - 0.00139158841586682	0.000400086929046047	0.151215296306712	all_D_0__Bacteria___D_1__Proteobacteria___D_2__Gammaproteobacteria___D_3__Betaproteobacteriales___D_4__Burkholderiaceae___D_5__Aquabacterium	growth_rate_mm_per_year	FALSE
BM_Delta	-	lambda=1 delta=MLkappa=1	-30.4301747802874	-29.5070978572105	delta	delta : 1 (95% CI  0.305546829279638  -  NA )	0.0596124125620736	0.000447801519416278	0.09028359600299	-0.000483869767384618 - 0.00137947280621718	0.000475342493265764	0.362134625639488	all_D_0__Bacteria___D_1__Proteobacteria___D_2__Gammaproteobacteria___D_3__Betaproteobacteriales___D_4__Burkholderiaceae___D_5__Aquabacterium	growth_rate_mm_per_year	FALSE
