model_name	compartment	branch_length_transformation	AIC	AICc	estimated_parameter	parameter_value	R2	slope	intercept	x_trait_slope_95CI	x_trait_slope_stdev	p	x_trait	y_trait	best_model
BM	-	lambda=1 delta=1kappa=1	585.72767867921	585.988548244427	None	All parameters fixed	0.0634055354816549	16.349166127237	142.150632166028	-1.61532647126816 - 34.3136587257422	9.16555744821693	0.0809196951794013	all_D_0__Bacteria___D_1__Tenericutes___D_2__Mollicutes___D_3__Mycoplasmatales___D_4__Mycoplasmataceae___D_5__Mycoplasma	observed_features_all	FALSE
BM_Lambda	-	lambda=ML delta=1kappa=1	565.632279924408	565.893149489626	lambda	lambda : 1e-06 (95% CI  NA  -  0.68686728976637 )	0.017299619479711	6.57554928816025	144.330700487965	-7.59319840194631 - 20.7442969782668	7.22895290311559	0.367667883957756	all_D_0__Bacteria___D_1__Tenericutes___D_2__Mollicutes___D_3__Mycoplasmatales___D_4__Mycoplasmataceae___D_5__Mycoplasma	observed_features_all	TRUE
BM_Kappa	-	lambda=1 delta=1kappa=ML	574.813413079366	575.074282644584	kappa	kappa : 0.268175276179582 (95% CI  NA  -  0.71684734195052 )	0.0491173261227664	11.4914880451823	136.942676194611	-2.96389222286166 - 25.9468683132262	7.37519401430813	0.125912048159543	all_D_0__Bacteria___D_1__Tenericutes___D_2__Mollicutes___D_3__Mycoplasmatales___D_4__Mycoplasmataceae___D_5__Mycoplasma	observed_features_all	FALSE
BM_Delta	-	lambda=1 delta=MLkappa=1	585.72767867921	585.988548244427	delta	delta : 1 (95% CI  0.408824071297156  -  NA )	0.0634055354816549	16.349166127237	142.150632166028	-1.61532647126816 - 34.3136587257422	9.16555744821693	0.0809196951794013	all_D_0__Bacteria___D_1__Tenericutes___D_2__Mollicutes___D_3__Mycoplasmatales___D_4__Mycoplasmataceae___D_5__Mycoplasma	observed_features_all	FALSE
