model_name	compartment	branch_length_transformation	AIC	AICc	estimated_parameter	parameter_value	R2	slope	intercept	x_trait_slope_95CI	x_trait_slope_stdev	p	x_trait	y_trait	best_model
BM	-	lambda=1 delta=1kappa=1	-27.8626120065767	-27.5768977208624	None	All parameters fixed	0.0839813961524938	0.000794271326252318	0.142076754205813	1.02076582864116e-05 - 0.00157833499421822	0.000400032483656074	0.0534875969899251	mucus_D_0__Bacteria___D_1__Proteobacteria___D_2__Gammaproteobacteria___D_3__Oceanospirillales___D_4__Endozoicomonadaceae___D_5__Endozoicomonas	dominance_all	FALSE
BM_Lambda	-	lambda=ML delta=1kappa=1	-80.5405906877226	-80.2548764020083	lambda	lambda : 1e-06 (95% CI  NA  -  0.340726545944734 )	0.114312930836479	0.000646877090470126	0.147763915664136	0.000108686517376561 - 0.00118506766356369	0.000274587027088554	0.0231113937097109	mucus_D_0__Bacteria___D_1__Proteobacteria___D_2__Gammaproteobacteria___D_3__Oceanospirillales___D_4__Endozoicomonadaceae___D_5__Endozoicomonas	dominance_all	TRUE
BM_Kappa	-	lambda=1 delta=1kappa=ML	-64.6473148277667	-64.3616005420524	kappa	kappa : 1e-06 (95% CI  NA  -  0.245186572584603 )	0.182984695829001	0.000861354863239664	0.16141024012907	0.000317338872719959 - 0.00140537085375937	0.000277559178836584	0.00337747514180564	mucus_D_0__Bacteria___D_1__Proteobacteria___D_2__Gammaproteobacteria___D_3__Oceanospirillales___D_4__Endozoicomonadaceae___D_5__Endozoicomonas	dominance_all	FALSE
BM_Delta	-	lambda=1 delta=MLkappa=1	-27.8626120065767	-27.5768977208624	delta	delta : 1 (95% CI  0.469419557504091  -  NA )	0.0839813961524938	0.000794271326252318	0.142076754205813	1.02076582864116e-05 - 0.00157833499421822	0.000400032483656074	0.0534875969899251	mucus_D_0__Bacteria___D_1__Proteobacteria___D_2__Gammaproteobacteria___D_3__Oceanospirillales___D_4__Endozoicomonadaceae___D_5__Endozoicomonas	dominance_all	FALSE
