model_name	compartment	branch_length_transformation	AIC	AICc	estimated_parameter	parameter_value	R2	slope	intercept	x_trait_slope_95CI	x_trait_slope_stdev	p	x_trait	y_trait	best_model
BM	-	lambda=1 delta=1kappa=1	111.275123605523	111.796862735958	None	All parameters fixed	0.0147792772655	0.00337778972692146	3.900419491805	-0.00765596261198063 - 0.0144115420658236	0.00562946547903168	0.554116835650319	tissue_D_0__Bacteria___D_1__Proteobacteria___D_2__Alphaproteobacteria___D_3__Rickettsiales___D_4__Midichloriaceae___D_5__MD3_55	depth	FALSE
BM_Lambda	-	lambda=ML delta=1kappa=1	106.499106002805	107.02084513324	lambda	lambda : 1e-06 (95% CI  NA  -  0.947873204415736 )	0.0628740490688017	0.00376370400170919	3.87703376229291	-0.00204968224364909 - 0.00957709024706746	0.00296601339048892	0.216630384499383	tissue_D_0__Bacteria___D_1__Proteobacteria___D_2__Alphaproteobacteria___D_3__Rickettsiales___D_4__Midichloriaceae___D_5__MD3_55	depth	FALSE
BM_Kappa	-	lambda=1 delta=1kappa=ML	102.401914698055	102.92365382849	kappa	kappa : 1e-06 (95% CI  NA  -  0.607718961668693 )	0.0789500886108823	0.00339675608390419	3.75839019309391	-0.00124497615280809 - 0.00803848832061646	0.00236823073301647	0.164388776047275	tissue_D_0__Bacteria___D_1__Proteobacteria___D_2__Alphaproteobacteria___D_3__Rickettsiales___D_4__Midichloriaceae___D_5__MD3_55	depth	TRUE
BM_Delta	-	lambda=1 delta=MLkappa=1	111.275123605523	111.796862735958	delta	delta : 1 (95% CI  0.313377224942822  -  NA )	0.0147792772655	0.00337778972692146	3.900419491805	-0.00765596261198063 - 0.0144115420658236	0.00562946547903168	0.554116835650319	tissue_D_0__Bacteria___D_1__Proteobacteria___D_2__Alphaproteobacteria___D_3__Rickettsiales___D_4__Midichloriaceae___D_5__MD3_55	depth	FALSE
