model_name	compartment	branch_length_transformation	AIC	AICc	estimated_parameter	parameter_value	R2	slope	intercept	x_trait_slope_95CI	x_trait_slope_stdev	p	x_trait	y_trait	best_model
BM	-	lambda=1 delta=1kappa=1	232.183189915068	232.546826278704	None	All parameters fixed	0.00962428869616624	-0.0154234123179022	4.27717771707265	-0.0680145724428317 - 0.0371677478070273	0.0268322245535355	0.569204612119939	mucus_D_0__Bacteria___D_1__Cyanobacteria___D_2__Oxyphotobacteria___D_3__Synechococcales___D_4__Cyanobiaceae___D_5__Synechococcus_CC9902	perc_dis	FALSE
BM_Lambda	-	lambda=ML delta=1kappa=1	215.990154729645	216.353791093282	lambda	lambda : 1e-06 (95% CI  NA  -  0.294405093494282 )	0.0196456140730169	-0.0330251419272818	4.34557318112177	-0.111443916140471 - 0.0453936322859079	0.0400095786801988	0.414881315586731	mucus_D_0__Bacteria___D_1__Cyanobacteria___D_2__Oxyphotobacteria___D_3__Synechococcales___D_4__Cyanobiaceae___D_5__Synechococcus_CC9902	perc_dis	TRUE
BM_Kappa	-	lambda=1 delta=1kappa=ML	230.766121311684	231.129757675321	kappa	kappa : 0.597211735931685 (95% CI  NA  -  NA )	0.00547577412839177	-0.0145094108444151	4.09799824555651	-0.0802375461585415 - 0.0512187244697112	0.0335347629153706	0.667988337789175	mucus_D_0__Bacteria___D_1__Cyanobacteria___D_2__Oxyphotobacteria___D_3__Synechococcales___D_4__Cyanobiaceae___D_5__Synechococcus_CC9902	perc_dis	FALSE
BM_Delta	-	lambda=1 delta=MLkappa=1	232.183189915068	232.546826278704	delta	delta : 1 (95% CI  0.370628884752157  -  NA )	0.00962428869616624	-0.0154234123179022	4.27717771707265	-0.0680145724428317 - 0.0371677478070273	0.0268322245535355	0.569204612119939	mucus_D_0__Bacteria___D_1__Cyanobacteria___D_2__Oxyphotobacteria___D_3__Synechococcales___D_4__Cyanobiaceae___D_5__Synechococcus_CC9902	perc_dis	FALSE
