model_name	compartment	branch_length_transformation	AIC	AICc	estimated_parameter	parameter_value	R2	slope	intercept	x_trait_slope_95CI	x_trait_slope_stdev	p	x_trait	y_trait	best_model
BM	-	lambda=1 delta=1kappa=1	160.314078467162	160.88550703859	None	All parameters fixed	0.0379229431086995	-0.620703921924159	4.8905890303534	-1.92712485969238 - 0.685717015844058	0.666541294779703	0.361841334072557	all_D_0__Bacteria___D_1__Proteobacteria___D_2__Gammaproteobacteria___D_3__Cellvibrionales___D_4__Spongiibacteraceae___D_5__BD1_7_clade	perc_dis	FALSE
BM_Lambda	-	lambda=ML delta=1kappa=1	151.966792860159	152.538221431587	lambda	lambda : 1e-06 (95% CI  NA  -  0.397335546590954 )	0.0467140886051673	-1.63255037768508	4.19381410897445	-4.71431148480534 - 1.44921072943518	1.57232709546952	0.310407327783991	all_D_0__Bacteria___D_1__Proteobacteria___D_2__Gammaproteobacteria___D_3__Cellvibrionales___D_4__Spongiibacteraceae___D_5__BD1_7_clade	perc_dis	TRUE
BM_Kappa	-	lambda=1 delta=1kappa=ML	160.023574467152	160.59500303858	kappa	kappa : 0.760317703150622 (95% CI  NA  -  NA )	0.0298858860832809	-0.669761177843862	4.97896806677449	-2.26432917845073 - 0.92480682276301	0.813555102350445	0.419199506211423	all_D_0__Bacteria___D_1__Proteobacteria___D_2__Gammaproteobacteria___D_3__Cellvibrionales___D_4__Spongiibacteraceae___D_5__BD1_7_clade	perc_dis	FALSE
BM_Delta	-	lambda=1 delta=MLkappa=1	160.314078467162	160.88550703859	delta	delta : 1 (95% CI  0.262406206718353  -  NA )	0.0379229431086995	-0.620703921924159	4.8905890303534	-1.92712485969238 - 0.685717015844058	0.666541294779703	0.361841334072557	all_D_0__Bacteria___D_1__Proteobacteria___D_2__Gammaproteobacteria___D_3__Cellvibrionales___D_4__Spongiibacteraceae___D_5__BD1_7_clade	perc_dis	FALSE
