model_name	compartment	branch_length_transformation	AIC	AICc	estimated_parameter	parameter_value	R2	slope	intercept	x_trait_slope_95CI	x_trait_slope_stdev	p	x_trait	y_trait	best_model
BM	-	lambda=1 delta=1kappa=1	116.791608603263	117.71468552634	None	All parameters fixed	0.120449309418953	0.0502335209124286	4.28629602090732	-0.0208737404737685 - 0.121340782298626	0.0362792149929577	0.187835432517375	all_D_0__Bacteria___D_1__Proteobacteria___D_2__Alphaproteobacteria___D_3__Rhizobiales___D_4__Stappiaceae___D_5__Pseudovibrio	perc_dis	FALSE
BM_Lambda	-	lambda=ML delta=1kappa=1	105.963995659322	106.887072582399	lambda	lambda : 1e-06 (95% CI  NA  -  0.534990876491272 )	0.0275951094904918	0.0267313633489276	3.60981540937738	-0.0563915333082494 - 0.109854260006105	0.0424096411516209	0.538642543258862	all_D_0__Bacteria___D_1__Proteobacteria___D_2__Alphaproteobacteria___D_3__Rhizobiales___D_4__Stappiaceae___D_5__Pseudovibrio	perc_dis	TRUE
BM_Kappa	-	lambda=1 delta=1kappa=ML	111.182099587908	112.105176510985	kappa	kappa : 1e-06 (95% CI  NA  -  0.798297239939074 )	0.0877082408475933	0.0489071269431079	5.13365214791719	-0.0337177603453056 - 0.131532014231521	0.0421555547389864	0.265387089050863	all_D_0__Bacteria___D_1__Proteobacteria___D_2__Alphaproteobacteria___D_3__Rhizobiales___D_4__Stappiaceae___D_5__Pseudovibrio	perc_dis	FALSE
BM_Delta	-	lambda=1 delta=MLkappa=1	116.791608603263	117.71468552634	delta	delta : 1 (95% CI  0.269365707505835  -  NA )	0.120449309418953	0.0502335209124286	4.28629602090732	-0.0208737404737685 - 0.121340782298626	0.0362792149929577	0.187835432517375	all_D_0__Bacteria___D_1__Proteobacteria___D_2__Alphaproteobacteria___D_3__Rhizobiales___D_4__Stappiaceae___D_5__Pseudovibrio	perc_dis	FALSE
