model_name	compartment	branch_length_transformation	AIC	AICc	estimated_parameter	parameter_value	R2	slope	intercept	x_trait_slope_95CI	x_trait_slope_stdev	p	x_trait	y_trait	best_model
BM	-	lambda=1 delta=1kappa=1	-54.9430673840492	-54.670340111322	None	All parameters fixed	0.00248899330819084	0.000143917817156041	0.170719204070254	-0.000697886912560566 - 0.000985722546872647	0.000429492209039085	0.739115549742949	skeleton_D_0__Bacteria___D_1__Acidobacteria___D_2__Thermoanaerobaculia___D_3__Thermoanaerobaculales___D_4__Thermoanaerobaculaceae___D_5__Subgroup_10	dominance_all	FALSE
BM_Lambda	-	lambda=ML delta=1kappa=1	-96.5667848579673	-96.2940575852401	lambda	lambda : 1e-06 (95% CI  NA  -  0.316930595594147 )	0.0953327643342018	-0.00193967641092748	0.173802897116527	-0.00368550835804597 - -0.000193844463808989	0.000890730585264537	0.0347163982073808	skeleton_D_0__Bacteria___D_1__Acidobacteria___D_2__Thermoanaerobaculia___D_3__Thermoanaerobaculales___D_4__Thermoanaerobaculaceae___D_5__Subgroup_10	dominance_all	TRUE
BM_Kappa	-	lambda=1 delta=1kappa=ML	-70.8505974631287	-70.5778701904014	kappa	kappa : 0.0660897204256797 (95% CI  NA  -  0.509649680820531 )	0.0588888728549973	-0.00165959900774956	0.215231412076521	-0.00359805887544778 - 0.000278860859948664	0.000989010136580724	0.100272171643182	skeleton_D_0__Bacteria___D_1__Acidobacteria___D_2__Thermoanaerobaculia___D_3__Thermoanaerobaculales___D_4__Thermoanaerobaculaceae___D_5__Subgroup_10	dominance_all	FALSE
BM_Delta	-	lambda=1 delta=MLkappa=1	-54.9430673840492	-54.670340111322	delta	delta : 1 (95% CI  0.432947522010254  -  NA )	0.00248899330819084	0.000143917817156041	0.170719204070254	-0.000697886912560566 - 0.000985722546872647	0.000429492209039085	0.739115549742949	skeleton_D_0__Bacteria___D_1__Acidobacteria___D_2__Thermoanaerobaculia___D_3__Thermoanaerobaculales___D_4__Thermoanaerobaculaceae___D_5__Subgroup_10	dominance_all	FALSE
