model_name	compartment	branch_length_transformation	AIC	AICc	estimated_parameter	parameter_value	R2	slope	intercept	x_trait_slope_95CI	x_trait_slope_stdev	p	x_trait	y_trait	best_model
BM	-	lambda=1 delta=1kappa=1	-31.3265664749003	-30.5265664749003	None	All parameters fixed	0.047351696111463	0.000191412778173676	0.11476740247602	-0.00022928046431362 - 0.000612106020660972	0.000214639409432294	0.38572212431604	skeleton_D_0__Bacteria___D_1__Proteobacteria___D_2__Gammaproteobacteria___D_3__Pseudomonadales___D_4__Pseudomonadaceae___D_5__Pseudomonas	growth_rate_mm_per_year	FALSE
BM_Lambda	-	lambda=ML delta=1kappa=1	-40.5528231413013	-39.7528231413013	lambda	lambda : 1e-06 (95% CI  NA  -  0.878594872253075 )	0.120953640545736	0.000281977112614777	0.120403548612314	-9.05058018061548e-05 - 0.000654460027035709	0.000190042303275986	0.15730423990907	skeleton_D_0__Bacteria___D_1__Proteobacteria___D_2__Gammaproteobacteria___D_3__Pseudomonadales___D_4__Pseudomonadaceae___D_5__Pseudomonas	growth_rate_mm_per_year	TRUE
BM_Kappa	-	lambda=1 delta=1kappa=ML	-36.4355910624955	-35.6355910624955	kappa	kappa : 0.164102610552211 (95% CI  NA  -  0.885128132920901 )	0.0909882837395051	0.00023589279733272	0.112352807111529	-0.000129451863005454 - 0.000601237457670895	0.000186400336907232	0.223805194314924	skeleton_D_0__Bacteria___D_1__Proteobacteria___D_2__Gammaproteobacteria___D_3__Pseudomonadales___D_4__Pseudomonadaceae___D_5__Pseudomonas	growth_rate_mm_per_year	FALSE
BM_Delta	-	lambda=1 delta=MLkappa=1	-31.3265664749003	-30.5265664749003	delta	delta : 1 (95% CI  0.283322760248295  -  NA )	0.047351696111463	0.000191412778173676	0.11476740247602	-0.00022928046431362 - 0.000612106020660972	0.000214639409432294	0.38572212431604	skeleton_D_0__Bacteria___D_1__Proteobacteria___D_2__Gammaproteobacteria___D_3__Pseudomonadales___D_4__Pseudomonadaceae___D_5__Pseudomonas	growth_rate_mm_per_year	FALSE
