model_name	compartment	branch_length_transformation	AIC	AICc	estimated_parameter	parameter_value	R2	slope	intercept	x_trait_slope_95CI	x_trait_slope_stdev	p	x_trait	y_trait	best_model
BM	-	lambda=1 delta=1kappa=1	-30.4849083796679	-29.6849083796679	None	All parameters fixed	0.00174916982842776	5.91233109005654e-05	0.123903149728331	-0.000632960479873685 - 0.000751207101674816	0.000353103974884822	0.869122791055569	tissue_D_0__Bacteria___D_1__Proteobacteria___D_2__Alphaproteobacteria___D_3__Sphingomonadales___D_4__Sphingomonadaceae___D_5__Sphingobium	growth_rate_mm_per_year	FALSE
BM_Lambda	-	lambda=ML delta=1kappa=1	-40.9177375660447	-40.1177375660448	lambda	lambda : 1e-06 (95% CI  NA  -  0.804211791630037 )	0.138595140649139	0.000554906308739213	0.108704150859876	-0.000122962107326229 - 0.00123277472480465	0.00034585123268645	0.128165855224051	tissue_D_0__Bacteria___D_1__Proteobacteria___D_2__Alphaproteobacteria___D_3__Sphingomonadales___D_4__Sphingomonadaceae___D_5__Sphingobium	growth_rate_mm_per_year	TRUE
BM_Kappa	-	lambda=1 delta=1kappa=ML	-36.0288335764113	-35.2288335764113	kappa	kappa : 0.0782305585829289 (95% CI  NA  -  0.839601768994162 )	0.0789171720666152	0.000368090392389085	0.110365127243279	-0.000248098900655061 - 0.000984279685433231	0.000314382292369462	0.258807479427789	tissue_D_0__Bacteria___D_1__Proteobacteria___D_2__Alphaproteobacteria___D_3__Sphingomonadales___D_4__Sphingomonadaceae___D_5__Sphingobium	growth_rate_mm_per_year	FALSE
BM_Delta	-	lambda=1 delta=MLkappa=1	-30.4849083796679	-29.6849083796679	delta	delta : 1 (95% CI  0.279573740787789  -  NA )	0.00174916982842776	5.91233109005654e-05	0.123903149728331	-0.000632960479873685 - 0.000751207101674816	0.000353103974884822	0.869122791055569	tissue_D_0__Bacteria___D_1__Proteobacteria___D_2__Alphaproteobacteria___D_3__Sphingomonadales___D_4__Sphingomonadaceae___D_5__Sphingobium	growth_rate_mm_per_year	FALSE
