model_name	compartment	branch_length_transformation	AIC	AICc	estimated_parameter	parameter_value	R2	slope	intercept	x_trait_slope_95CI	x_trait_slope_stdev	p	x_trait	y_trait	best_model
BM	-	lambda=1 delta=1kappa=1	108.252082637034	108.773821767468	None	All parameters fixed	0.12292290724983	0.0116424613149377	3.57902564743676	-0.000799754401589409 - 0.0240846770314648	0.00634806924312607	0.0790813152053209	tissue_D_0__Bacteria___D_1__Proteobacteria___D_2__Gammaproteobacteria___D_3__Betaproteobacteriales___D_4__Burkholderiaceae___D_5__Aquabacterium	depth	FALSE
BM_Lambda	-	lambda=ML delta=1kappa=1	107.860445381422	108.382184511857	lambda	lambda : 1e-06 (95% CI  NA  -  NA )	0.0124996023832132	0.00411884530939056	3.74604768493335	-0.0105280801900643 - 0.0187657708088455	0.00747292117319128	0.586612708600159	tissue_D_0__Bacteria___D_1__Proteobacteria___D_2__Gammaproteobacteria___D_3__Betaproteobacteriales___D_4__Burkholderiaceae___D_5__Aquabacterium	depth	FALSE
BM_Kappa	-	lambda=1 delta=1kappa=ML	102.412920293393	102.934659423828	kappa	kappa : 0.15308428400799 (95% CI  NA  -  0.837942175532227 )	0.0802542007191608	0.00799610491413814	3.76518707112697	-0.00283390748380731 - 0.0188261173120836	0.005525516529564	0.160798817178774	tissue_D_0__Bacteria___D_1__Proteobacteria___D_2__Gammaproteobacteria___D_3__Betaproteobacteriales___D_4__Burkholderiaceae___D_5__Aquabacterium	depth	TRUE
BM_Delta	-	lambda=1 delta=MLkappa=1	108.252082637034	108.773821767468	delta	delta : 1 (95% CI  0.273797418092343  -  NA )	0.12292290724983	0.0116424613149377	3.57902564743676	-0.000799754401589409 - 0.0240846770314648	0.00634806924312607	0.0790813152053209	tissue_D_0__Bacteria___D_1__Proteobacteria___D_2__Gammaproteobacteria___D_3__Betaproteobacteriales___D_4__Burkholderiaceae___D_5__Aquabacterium	depth	FALSE
