model_name	compartment	branch_length_transformation	AIC	AICc	estimated_parameter	parameter_value	R2	slope	intercept	x_trait_slope_95CI	x_trait_slope_stdev	p	x_trait	y_trait	best_model
BM	-	lambda=1 delta=1kappa=1	-55.9467941771036	-55.6740669043764	None	All parameters fixed	0.023565869099411	-0.00042800517179615	0.175384481277525	-0.00123297309853647 - 0.000376962754944166	0.000410697921806284	0.302912949262301	skeleton_D_0__Bacteria___D_1__Bacteroidetes___D_2__Chlorobia___D_3__Chlorobiales___D_4__Chlorobiaceae___D_5__Prosthecochloris	dominance_all	FALSE
BM_Lambda	-	lambda=ML delta=1kappa=1	-91.8796224131548	-91.6068951404275	lambda	lambda : 1e-06 (95% CI  NA  -  0.347839663112008 )	0.00046113141393304	-7.32805550413061e-05	0.15372668927555	-0.00107012192553745 - 0.000923560815454837	0.00050859253596742	0.886076694706872	skeleton_D_0__Bacteria___D_1__Bacteroidetes___D_2__Chlorobia___D_3__Chlorobiales___D_4__Chlorobiaceae___D_5__Prosthecochloris	dominance_all	TRUE
BM_Kappa	-	lambda=1 delta=1kappa=ML	-68.5306762364946	-68.2579489637674	kappa	kappa : 0.219917250305201 (95% CI  NA  -  0.639608513023348 )	0.000336016859425361	-6.23878348084695e-05	0.195664021011215	-0.00105663924682638 - 0.000931863577209442	0.000507271128580567	0.902664924048626	skeleton_D_0__Bacteria___D_1__Bacteroidetes___D_2__Chlorobia___D_3__Chlorobiales___D_4__Chlorobiaceae___D_5__Prosthecochloris	dominance_all	FALSE
BM_Delta	-	lambda=1 delta=MLkappa=1	-55.9467941771036	-55.6740669043764	delta	delta : 1 (95% CI  0.430111722185143  -  NA )	0.023565869099411	-0.00042800517179615	0.175384481277525	-0.00123297309853647 - 0.000376962754944166	0.000410697921806284	0.302912949262301	skeleton_D_0__Bacteria___D_1__Bacteroidetes___D_2__Chlorobia___D_3__Chlorobiales___D_4__Chlorobiaceae___D_5__Prosthecochloris	dominance_all	FALSE
