model_name	compartment	branch_length_transformation	AIC	AICc	estimated_parameter	parameter_value	R2	slope	intercept	x_trait_slope_95CI	x_trait_slope_stdev	p	x_trait	y_trait	best_model
BM	-	lambda=1 delta=1kappa=1	-31.8805699238426	-31.6197003586252	None	All parameters fixed	0.116174433509536	0.00246555486935066	0.167702272796112	0.000521315143141319 - 0.00440979459556	0.000991959043984358	0.0165496828854028	all_D_0__Bacteria___D_1__Proteobacteria___D_2__Gammaproteobacteria___D_3__Alteromonadales___D_4__Pseudoalteromonadaceae___D_5__Pseudoalteromonas	dominance_all	FALSE
BM_Lambda	-	lambda=ML delta=1kappa=1	-81.2160968965533	-80.9552273313359	lambda	lambda : 1e-06 (95% CI  NA  -  0.268525111719516 )	0.0312040619030447	0.00131321463461741	0.153395830978624	-0.00077874569933688 - 0.00340517496857169	0.00106732670099708	0.224678448536377	all_D_0__Bacteria___D_1__Proteobacteria___D_2__Gammaproteobacteria___D_3__Alteromonadales___D_4__Pseudoalteromonadaceae___D_5__Pseudoalteromonas	dominance_all	TRUE
BM_Kappa	-	lambda=1 delta=1kappa=ML	-61.3541419160101	-61.0932723507927	kappa	kappa : 1e-06 (95% CI  NA  -  0.301669320245365 )	0.061708054172696	0.00183711569765293	0.199638216315397	-0.000210939789606879 - 0.00388517118491275	0.00104492626901011	0.0852362501325876	all_D_0__Bacteria___D_1__Proteobacteria___D_2__Gammaproteobacteria___D_3__Alteromonadales___D_4__Pseudoalteromonadaceae___D_5__Pseudoalteromonas	dominance_all	FALSE
BM_Delta	-	lambda=1 delta=MLkappa=1	-31.8805699238426	-31.6197003586252	delta	delta : 1 (95% CI  0.461840016210634  -  NA )	0.116174433509536	0.00246555486935066	0.167702272796112	0.000521315143141319 - 0.00440979459556	0.000991959043984358	0.0165496828854028	all_D_0__Bacteria___D_1__Proteobacteria___D_2__Gammaproteobacteria___D_3__Alteromonadales___D_4__Pseudoalteromonadaceae___D_5__Pseudoalteromonas	dominance_all	FALSE
