model_name	compartment	branch_length_transformation	AIC	AICc	estimated_parameter	parameter_value	R2	slope	intercept	x_trait_slope_95CI	x_trait_slope_stdev	p	x_trait	y_trait	best_model
BM	-	lambda=1 delta=1kappa=1	111.648213198058	112.169952328493	None	All parameters fixed	0.000539833443298667	0.000902483092355666	4.06898862194042	-0.014633630101694 - 0.0164385962864053	0.00792658836431104	0.910299702299041	mucus_D_0__Bacteria___D_1__Proteobacteria___D_2__Gammaproteobacteria___D_3__Betaproteobacteriales___D_4__Burkholderiaceae___D_5__Aquabacterium	depth	FALSE
BM_Lambda	-	lambda=ML delta=1kappa=1	106.645054104378	107.166793234812	lambda	lambda : 1e-06 (95% CI  NA  -  0.8574166994181 )	0.0575988048664885	-0.00997609296949292	4.8096408712596	-0.0261205006643248 - 0.00616831472533891	0.00823694270144481	0.237633102967861	mucus_D_0__Bacteria___D_1__Proteobacteria___D_2__Gammaproteobacteria___D_3__Betaproteobacteriales___D_4__Burkholderiaceae___D_5__Aquabacterium	depth	FALSE
BM_Kappa	-	lambda=1 delta=1kappa=ML	103.813809642489	104.335548772924	kappa	kappa : 1e-06 (95% CI  NA  -  0.67392939413381 )	0.02755075966624	-0.00667789807902047	4.64757254698486	-0.0225508214059029 - 0.009195025247862	0.00809843026881759	0.417723901311528	mucus_D_0__Bacteria___D_1__Proteobacteria___D_2__Gammaproteobacteria___D_3__Betaproteobacteriales___D_4__Burkholderiaceae___D_5__Aquabacterium	depth	TRUE
BM_Delta	-	lambda=1 delta=MLkappa=1	111.648213198058	112.169952328493	delta	delta : 1 (95% CI  0.29941807901909  -  NA )	0.000539833443298667	0.000902483092355666	4.06898862194042	-0.014633630101694 - 0.0164385962864053	0.00792658836431104	0.910299702299041	mucus_D_0__Bacteria___D_1__Proteobacteria___D_2__Gammaproteobacteria___D_3__Betaproteobacteriales___D_4__Burkholderiaceae___D_5__Aquabacterium	depth	FALSE
