model_name	compartment	branch_length_transformation	AIC	AICc	estimated_parameter	parameter_value	R2	slope	intercept	x_trait_slope_95CI	x_trait_slope_stdev	p	x_trait	y_trait	best_model
BM	-	lambda=1 delta=1kappa=1	-37.6721393433326	-36.7490624202557	None	All parameters fixed	0.401953008389405	0.000168364647301757	0.0892886920527757	6.07867697340463e-05 - 0.000275942524869468	5.48866722284239e-05	0.00835458875022854	tissue_D_0__Bacteria___D_1__Proteobacteria___D_2__Gammaproteobacteria___D_3__Oceanospirillales___D_4__Endozoicomonadaceae___D_5__Endozoicomonas	growth_rate_mm_per_year	FALSE
BM_Lambda	-	lambda=ML delta=1kappa=1	-46.6630987608017	-45.7400218377248	lambda	lambda : 0.268307764979484 (95% CI  NA  -  0.919718163085841 )	0.312650950480826	0.000179490084361861	0.0937247598295738	4.00809255239938e-05 - 0.000318899243199729	7.11271218560548e-05	0.0243347690480469	tissue_D_0__Bacteria___D_1__Proteobacteria___D_2__Gammaproteobacteria___D_3__Oceanospirillales___D_4__Endozoicomonadaceae___D_5__Endozoicomonas	growth_rate_mm_per_year	TRUE
BM_Kappa	-	lambda=1 delta=1kappa=ML	-44.8690644868007	-43.9459875637238	kappa	kappa : 0.0609529045936827 (95% CI  NA  -  0.730049881763411 )	0.263623567467947	0.000136677373597028	0.0974871357700477	1.70180613964908e-05 - 0.000256336685797566	6.10506694900702e-05	0.0419332562006161	tissue_D_0__Bacteria___D_1__Proteobacteria___D_2__Gammaproteobacteria___D_3__Oceanospirillales___D_4__Endozoicomonadaceae___D_5__Endozoicomonas	growth_rate_mm_per_year	FALSE
BM_Delta	-	lambda=1 delta=MLkappa=1	-37.6721393433326	-36.7490624202557	delta	delta : 1 (95% CI  0.284023075456016  -  NA )	0.401953008389405	0.000168364647301757	0.0892886920527757	6.07867697340463e-05 - 0.000275942524869468	5.48866722284239e-05	0.00835458875022854	tissue_D_0__Bacteria___D_1__Proteobacteria___D_2__Gammaproteobacteria___D_3__Oceanospirillales___D_4__Endozoicomonadaceae___D_5__Endozoicomonas	growth_rate_mm_per_year	FALSE
