model_name	compartment	branch_length_transformation	AIC	AICc	estimated_parameter	parameter_value	R2	slope	intercept	x_trait_slope_95CI	x_trait_slope_stdev	p	x_trait	y_trait	best_model
BM	-	lambda=1 delta=1kappa=1	257.343807466852	257.668131791177	None	All parameters fixed	0.00782425732073884	0.0179212879908994	3.47374847450607	-0.0462448989120509 - 0.0820874748938496	0.0327378504606889	0.587292612366432	tissue_D_0__Bacteria___D_1__Cyanobacteria___D_2__Oxyphotobacteria___D_3__Nostocales	perc_dis	FALSE
BM_Lambda	-	lambda=ML delta=1kappa=1	237.880655996538	238.204980320862	lambda	lambda : 1e-06 (95% CI  NA  -  0.235946706126899 )	0.00168285091540641	-0.00933752394306581	3.36250398386741	-0.0816490364493445 - 0.0629739885632129	0.036893628829734	0.801560474589704	tissue_D_0__Bacteria___D_1__Cyanobacteria___D_2__Oxyphotobacteria___D_3__Nostocales	perc_dis	TRUE
BM_Kappa	-	lambda=1 delta=1kappa=ML	254.841915946199	255.166240270523	kappa	kappa : 0.507584604323327 (95% CI  NA  -  NA )	0.00780305391287614	0.0200759971261432	3.43483436901073	-0.0519033721995677 - 0.0920553664518541	0.0367241680233219	0.587801476764831	tissue_D_0__Bacteria___D_1__Cyanobacteria___D_2__Oxyphotobacteria___D_3__Nostocales	perc_dis	FALSE
BM_Delta	-	lambda=1 delta=MLkappa=1	257.343807466852	257.668131791177	delta	delta : 1 (95% CI  0.38545379162167  -  NA )	0.00782425732073884	0.0179212879908994	3.47374847450607	-0.0462448989120509 - 0.0820874748938496	0.0327378504606889	0.587292612366432	tissue_D_0__Bacteria___D_1__Cyanobacteria___D_2__Oxyphotobacteria___D_3__Nostocales	perc_dis	FALSE
