model_name	compartment	branch_length_transformation	AIC	AICc	estimated_parameter	parameter_value	R2	slope	intercept	x_trait_slope_95CI	x_trait_slope_stdev	p	x_trait	y_trait	best_model
BM	-	lambda=1 delta=1kappa=1	107.289106539981	107.834561085436	None	All parameters fixed	0.0155466534192457	0.00400228824386657	3.85931039104579	-0.00901377433411083 - 0.017018350821844	0.0066408482540701	0.552619948527897	skeleton_D_0__Bacteria___D_1__Proteobacteria___D_2__Alphaproteobacteria___D_3__Rickettsiales___D_4__Midichloriaceae___D_5__MD3_55	depth	FALSE
BM_Lambda	-	lambda=ML delta=1kappa=1	103.444002520672	103.989457066127	lambda	lambda : 1e-06 (95% CI  NA  -  0.999906433939294 )	0.0641729402076287	0.00433744688508205	3.85553058299439	-0.00243192157294532 - 0.0111068153431094	0.0034537594173609	0.221774124644338	skeleton_D_0__Bacteria___D_1__Proteobacteria___D_2__Alphaproteobacteria___D_3__Rickettsiales___D_4__Midichloriaceae___D_5__MD3_55	depth	FALSE
BM_Kappa	-	lambda=1 delta=1kappa=ML	99.4396555143254	99.98511005978	kappa	kappa : 1e-06 (95% CI  NA  -  0.659728955633244 )	0.0898743589705457	0.00418854635241545	3.7033181317452	-0.00125884091451093 - 0.00963593361934184	0.00277927921781958	0.14540783980407	skeleton_D_0__Bacteria___D_1__Proteobacteria___D_2__Alphaproteobacteria___D_3__Rickettsiales___D_4__Midichloriaceae___D_5__MD3_55	depth	TRUE
BM_Delta	-	lambda=1 delta=MLkappa=1	107.289106539981	107.834561085436	delta	delta : 1 (95% CI  0.297258413418073  -  NA )	0.0155466534192457	0.00400228824386657	3.85931039104579	-0.00901377433411083 - 0.017018350821844	0.0066408482540701	0.552619948527897	skeleton_D_0__Bacteria___D_1__Proteobacteria___D_2__Alphaproteobacteria___D_3__Rickettsiales___D_4__Midichloriaceae___D_5__MD3_55	depth	FALSE
