model_name	compartment	branch_length_transformation	AIC	AICc	estimated_parameter	parameter_value	R2	slope	intercept	x_trait_slope_95CI	x_trait_slope_stdev	p	x_trait	y_trait	best_model
BM	-	lambda=1 delta=1kappa=1	51.4616891907803	53.4616891907803	None	All parameters fixed	0.073743435464848	-0.00936414479275952	6.86317680971117	-0.0339496500604919 - 0.0152213604749729	0.0125436251365982	0.479666050055898	tissue_D_0__Bacteria___D_1__Proteobacteria___D_2__Gammaproteobacteria___D_3__Enterobacteriales___D_4__Enterobacteriaceae___D_5__Pantoea	perc_dis	FALSE
BM_Lambda	-	lambda=ML delta=1kappa=1	51.4163385078416	53.4163385078416	lambda	lambda : 0.987245217750137 (95% CI  0.416163717769833  -  NA )	0.075903097116186	-0.00940463045845703	6.84419385884338	-0.033714229483875 - 0.0149049685669609	0.0124028566456214	0.473044739269365	tissue_D_0__Bacteria___D_1__Proteobacteria___D_2__Gammaproteobacteria___D_3__Enterobacteriales___D_4__Enterobacteriaceae___D_5__Pantoea	perc_dis	TRUE
BM_Kappa	-	lambda=1 delta=1kappa=ML	51.4616891907803	53.4616891907803	kappa	kappa : 1 (95% CI  0.340712390942015  -  NA )	0.0737434354648482	-0.00936414479275952	6.86317680971117	-0.0339496500604919 - 0.0152213604749729	0.0125436251365982	0.479666050055898	tissue_D_0__Bacteria___D_1__Proteobacteria___D_2__Gammaproteobacteria___D_3__Enterobacteriales___D_4__Enterobacteriaceae___D_5__Pantoea	perc_dis	FALSE
BM_Delta	-	lambda=1 delta=MLkappa=1	51.4616891907803	53.4616891907803	delta	delta : 1 (95% CI  0.0623362185033638  -  NA )	0.073743435464848	-0.00936414479275952	6.86317680971117	-0.0339496500604919 - 0.0152213604749729	0.0125436251365982	0.479666050055898	tissue_D_0__Bacteria___D_1__Proteobacteria___D_2__Gammaproteobacteria___D_3__Enterobacteriales___D_4__Enterobacteriaceae___D_5__Pantoea	perc_dis	FALSE
