model_name	compartment	branch_length_transformation	AIC	AICc	estimated_parameter	parameter_value	R2	slope	intercept	x_trait_slope_95CI	x_trait_slope_stdev	p	x_trait	y_trait	best_model
BM	-	lambda=1 delta=1kappa=1	-27.0801415247789	-26.0801415247789	None	All parameters fixed	0.0910174986708242	-0.000359929881017787	0.120647221604473	-0.000978256027425943 - 0.00025839626539037	0.000315472523677631	0.274484592289169	mucus_D_0__Bacteria___D_1__Proteobacteria___D_2__Gammaproteobacteria___D_3__Vibrionales___D_4__Vibrionaceae___D_5__Vibrio	growth_rate_mm_per_year	FALSE
BM_Lambda	-	lambda=ML delta=1kappa=1	-39.4955595752762	-38.4955595752762	lambda	lambda : 0.368843165134964 (95% CI  NA  -  0.87476926065059 )	0.103435846844397	-0.000543564612032771	0.130660714592439	-0.00141350745241735 - 0.000326378228351805	0.000443848387951314	0.242431223088005	mucus_D_0__Bacteria___D_1__Proteobacteria___D_2__Gammaproteobacteria___D_3__Vibrionales___D_4__Vibrionaceae___D_5__Vibrio	growth_rate_mm_per_year	TRUE
BM_Kappa	-	lambda=1 delta=1kappa=ML	-37.9690614919825	-36.9690614919825	kappa	kappa : 1e-06 (95% CI  NA  -  0.474534876905767 )	0.0536843868383825	-0.000345034032499497	0.124634051746438	-0.00113251548433768 - 0.000442447419338684	0.000401776250937847	0.40602308442466	mucus_D_0__Bacteria___D_1__Proteobacteria___D_2__Gammaproteobacteria___D_3__Vibrionales___D_4__Vibrionaceae___D_5__Vibrio	growth_rate_mm_per_year	FALSE
BM_Delta	-	lambda=1 delta=MLkappa=1	-27.0801415247789	-26.0801415247789	delta	delta : 1 (95% CI  0.297178922035377  -  NA )	0.0910174986708242	-0.000359929881017787	0.120647221604473	-0.000978256027425943 - 0.00025839626539037	0.000315472523677631	0.274484592289169	mucus_D_0__Bacteria___D_1__Proteobacteria___D_2__Gammaproteobacteria___D_3__Vibrionales___D_4__Vibrionaceae___D_5__Vibrio	growth_rate_mm_per_year	FALSE
