model_name	compartment	branch_length_transformation	AIC	AICc	estimated_parameter	parameter_value	R2	slope	intercept	x_trait_slope_95CI	x_trait_slope_stdev	p	x_trait	y_trait	best_model
BM	-	lambda=1 delta=1kappa=1	-26.4564574024082	-26.1955878371908	None	All parameters fixed	0.012717821115841	-0.00083614216560503	0.174856525857156	-0.00294235163091365 - 0.00127006729970358	0.00107459666597378	0.440410480490269	all_D_0__Bacteria___D_1__Bacteroidetes___D_2__Chlorobia___D_3__Chlorobiales___D_4__Chlorobiaceae___D_5__Prosthecochloris	dominance_all	FALSE
BM_Lambda	-	lambda=ML delta=1kappa=1	-80.0504759114968	-79.7896063462795	lambda	lambda : 1e-06 (95% CI  NA  -  0.271085854415691 )	0.00788186997377929	-0.000691085309637853	0.161754113477981	-0.00290777991137619 - 0.00152560929210049	0.00113096663353997	0.544105849585859	all_D_0__Bacteria___D_1__Bacteroidetes___D_2__Chlorobia___D_3__Chlorobiales___D_4__Chlorobiaceae___D_5__Prosthecochloris	dominance_all	TRUE
BM_Kappa	-	lambda=1 delta=1kappa=ML	-58.2675832125874	-58.00671364737	kappa	kappa : 1e-06 (95% CI  NA  -  0.280646579602622 )	0.000702894422176522	-0.000209595457244115	0.202131243880196	-0.00246898583153751 - 0.00204979491704928	0.00115275019096602	0.856504260992865	all_D_0__Bacteria___D_1__Bacteroidetes___D_2__Chlorobia___D_3__Chlorobiales___D_4__Chlorobiaceae___D_5__Prosthecochloris	dominance_all	FALSE
BM_Delta	-	lambda=1 delta=MLkappa=1	-26.4564574024082	-26.1955878371908	delta	delta : 1 (95% CI  0.469411324772975  -  NA )	0.012717821115841	-0.00083614216560503	0.174856525857156	-0.00294235163091365 - 0.00127006729970358	0.00107459666597378	0.440410480490269	all_D_0__Bacteria___D_1__Bacteroidetes___D_2__Chlorobia___D_3__Chlorobiales___D_4__Chlorobiaceae___D_5__Prosthecochloris	dominance_all	FALSE
