model_name	compartment	branch_length_transformation	AIC	AICc	estimated_parameter	parameter_value	R2	slope	intercept	x_trait_slope_95CI	x_trait_slope_stdev	p	x_trait	y_trait	best_model
BM	-	lambda=1 delta=1kappa=1	38.2025548361354	42.2025548361354	None	All parameters fixed	0.17451278099767	-0.0102023247303425	6.70615436275506	-0.031947693413347 - 0.011543043952662	0.0110945758586758	0.409830214926664	skeleton_D_0__Bacteria___D_1__Proteobacteria___D_2__Alphaproteobacteria___D_3__Rickettsiales___D_4__Midichloriaceae___D_5__MD3_55	perc_dis	TRUE
BM_Lambda	-	lambda=ML delta=1kappa=1	38.2025548361354	42.2025548361354	lambda	lambda : 1 (95% CI  NA  -  NA )	0.17451278099767	-0.0102023247303425	6.70615436275506	-0.031947693413347 - 0.011543043952662	0.0110945758586758	0.409830214926664	skeleton_D_0__Bacteria___D_1__Proteobacteria___D_2__Alphaproteobacteria___D_3__Rickettsiales___D_4__Midichloriaceae___D_5__MD3_55	perc_dis	FALSE
BM_Kappa	-	lambda=1 delta=1kappa=ML	38.2025548361354	42.2025548361354	kappa	kappa : 1 (95% CI  NA  -  NA )	0.174512780997671	-0.0102023247303425	6.70615436275506	-0.031947693413347 - 0.011543043952662	0.0110945758586758	0.409830214926664	skeleton_D_0__Bacteria___D_1__Proteobacteria___D_2__Alphaproteobacteria___D_3__Rickettsiales___D_4__Midichloriaceae___D_5__MD3_55	perc_dis	FALSE
BM_Delta	-	lambda=1 delta=MLkappa=1	38.2025548361354	42.2025548361354	delta	delta : 1 (95% CI  0.0561512212329177  -  NA )	0.17451278099767	-0.0102023247303425	6.70615436275506	-0.031947693413347 - 0.011543043952662	0.0110945758586758	0.409830214926664	skeleton_D_0__Bacteria___D_1__Proteobacteria___D_2__Alphaproteobacteria___D_3__Rickettsiales___D_4__Midichloriaceae___D_5__MD3_55	perc_dis	FALSE
