model_name	compartment	branch_length_transformation	AIC	AICc	estimated_parameter	parameter_value	R2	slope	intercept	x_trait_slope_95CI	x_trait_slope_stdev	p	x_trait	y_trait	best_model
BM	-	lambda=1 delta=1kappa=1	108.921083826525	109.442822956959	None	All parameters fixed	0.100062147138933	-0.109569081993503	4.32809820630656	-0.241033984683165 - 0.0218958206961588	0.0670739299437051	0.115403634175165	mucus_D_0__Bacteria___D_1__Tenericutes___D_2__Mollicutes___D_3__Entomoplasmatales___D_4__Spiroplasmataceae___D_5__Spiroplasma	depth	FALSE
BM_Lambda	-	lambda=ML delta=1kappa=1	108.043095401789	108.564834532224	lambda	lambda : 1e-06 (95% CI  NA  -  NA )	0.00553798727058255	0.0338497889661049	3.92398253747488	-0.147628442563117 - 0.215328020495327	0.0925909344536847	0.717877775195936	mucus_D_0__Bacteria___D_1__Tenericutes___D_2__Mollicutes___D_3__Entomoplasmatales___D_4__Spiroplasmataceae___D_5__Spiroplasma	depth	FALSE
BM_Kappa	-	lambda=1 delta=1kappa=ML	100.698708222631	101.220447353065	kappa	kappa : 0.0340609295586878 (95% CI  NA  -  0.678012017545793 )	0.136531213656393	-0.124777730972463	4.33603804131448	-0.250321418392642 - 0.000765956447715876	0.0640529017449892	0.0631975029529077	mucus_D_0__Bacteria___D_1__Tenericutes___D_2__Mollicutes___D_3__Entomoplasmatales___D_4__Spiroplasmataceae___D_5__Spiroplasma	depth	TRUE
BM_Delta	-	lambda=1 delta=MLkappa=1	108.921083826525	109.442822956959	delta	delta : 1 (95% CI  0.278818409426736  -  NA )	0.100062147138933	-0.109569081993503	4.32809820630656	-0.241033984683165 - 0.0218958206961588	0.0670739299437051	0.115403634175165	mucus_D_0__Bacteria___D_1__Tenericutes___D_2__Mollicutes___D_3__Entomoplasmatales___D_4__Spiroplasmataceae___D_5__Spiroplasma	depth	FALSE
