model_name	compartment	branch_length_transformation	AIC	AICc	estimated_parameter	parameter_value	R2	slope	intercept	x_trait_slope_95CI	x_trait_slope_stdev	p	x_trait	y_trait	best_model
BM	-	lambda=1 delta=1kappa=1	-30.807657937658	-30.007657937658	None	All parameters fixed	0.0194888213204349	-0.000154628910800745	0.128851521551603	-0.000692056879972401 - 0.00038279905837091	0.000274197943454926	0.580619897536653	skeleton_D_0__Bacteria___D_1__Bacteroidetes___D_2__Chlorobia___D_3__Chlorobiales___D_4__Chlorobiaceae___D_5__Prosthecochloris	growth_rate_mm_per_year	FALSE
BM_Lambda	-	lambda=ML delta=1kappa=1	-38.5621386518502	-37.7621386518502	lambda	lambda : 0.0628822917022906 (95% CI  NA  -  0.92011027082227 )	0.0251226096369559	0.000310166128498106	0.130614434016382	-0.000636578987187643 - 0.00125691124418385	0.000483033222288647	0.529887673219966	skeleton_D_0__Bacteria___D_1__Bacteroidetes___D_2__Chlorobia___D_3__Chlorobiales___D_4__Chlorobiaceae___D_5__Prosthecochloris	growth_rate_mm_per_year	TRUE
BM_Kappa	-	lambda=1 delta=1kappa=ML	-36.2144817296783	-35.4144817296783	kappa	kappa : 1e-06 (95% CI  NA  -  0.812851041363807 )	0.100896952823131	0.000569038921705292	0.122080012830887	-0.000263306820639931 - 0.00140138466405052	0.000424666195074094	0.198976734725485	skeleton_D_0__Bacteria___D_1__Bacteroidetes___D_2__Chlorobia___D_3__Chlorobiales___D_4__Chlorobiaceae___D_5__Prosthecochloris	growth_rate_mm_per_year	FALSE
BM_Delta	-	lambda=1 delta=MLkappa=1	-30.807657937658	-30.007657937658	delta	delta : 1 (95% CI  0.269373317039296  -  NA )	0.0194888213204349	-0.000154628910800745	0.128851521551603	-0.000692056879972401 - 0.00038279905837091	0.000274197943454926	0.580619897536653	skeleton_D_0__Bacteria___D_1__Bacteroidetes___D_2__Chlorobia___D_3__Chlorobiales___D_4__Chlorobiaceae___D_5__Prosthecochloris	growth_rate_mm_per_year	FALSE
