model_name	compartment	branch_length_transformation	AIC	AICc	estimated_parameter	parameter_value	R2	slope	intercept	x_trait_slope_95CI	x_trait_slope_stdev	p	x_trait	y_trait	best_model
BM	-	lambda=1 delta=1kappa=1	548.853380948417	549.132450715859	None	All parameters fixed	0.00163418247887004	-0.192818803403475	151.398578363444	-1.60104913120691 - 1.21541152439996	0.718484861124204	0.789669833136005	all_D_0__Bacteria___D_1__Cyanobacteria___D_2__Oxyphotobacteria___D_3__Synechococcales___D_4__Cyanobiaceae___D_5__Synechococcus_CC9902	observed_features_all	FALSE
BM_Lambda	-	lambda=ML delta=1kappa=1	531.057314094698	531.33638386214	lambda	lambda : 1e-06 (95% CI  NA  -  0.71052374724196 )	0.00279594969290708	-0.444335082656984	150.521548712026	-2.92385543853379 - 2.03518527321983	1.2650614060596	0.727087668239505	all_D_0__Bacteria___D_1__Cyanobacteria___D_2__Oxyphotobacteria___D_3__Synechococcales___D_4__Cyanobiaceae___D_5__Synechococcus_CC9902	observed_features_all	TRUE
BM_Kappa	-	lambda=1 delta=1kappa=ML	535.627178206219	535.906247973661	kappa	kappa : 0.205645424504784 (95% CI  NA  -  0.631424701670913 )	0.0120954190261513	-0.719010797882258	145.337430119122	-2.63905924072439 - 1.20103764495987	0.979616552470475	0.466859324198508	all_D_0__Bacteria___D_1__Cyanobacteria___D_2__Oxyphotobacteria___D_3__Synechococcales___D_4__Cyanobiaceae___D_5__Synechococcus_CC9902	observed_features_all	FALSE
BM_Delta	-	lambda=1 delta=MLkappa=1	548.853380948417	549.132450715859	delta	delta : 1 (95% CI  0.408026863274321  -  NA )	0.00163418247887004	-0.192818803403475	151.398578363444	-1.60104913120691 - 1.21541152439996	0.718484861124204	0.789669833136005	all_D_0__Bacteria___D_1__Cyanobacteria___D_2__Oxyphotobacteria___D_3__Synechococcales___D_4__Cyanobiaceae___D_5__Synechococcus_CC9902	observed_features_all	FALSE
