model_name	compartment	branch_length_transformation	AIC	AICc	estimated_parameter	parameter_value	R2	slope	intercept	x_trait_slope_95CI	x_trait_slope_stdev	p	x_trait	y_trait	best_model
BM	-	lambda=1 delta=1kappa=1	-24.175340880892	-23.8896265951777	None	All parameters fixed	0.00576257856908878	-0.000612118355899986	0.1791817351313	-0.00301534023615304 - 0.00179110352435307	0.00122613361237401	0.620164556455494	mucus_D_0__Bacteria___D_1__Proteobacteria___D_2__Gammaproteobacteria___D_3__Vibrionales___D_4__Vibrionaceae___D_5__Photobacterium	dominance_all	FALSE
BM_Lambda	-	lambda=ML delta=1kappa=1	-75.630219559633	-75.3445052739187	lambda	lambda : 1e-06 (95% CI  NA  -  0.28713532227488 )	0.0121972307606125	-0.00122627368549082	0.173579083936839	-0.00452475290175173 - 0.0020722055307701	0.00168289755931679	0.470154847648113	mucus_D_0__Bacteria___D_1__Proteobacteria___D_2__Gammaproteobacteria___D_3__Vibrionales___D_4__Vibrionaceae___D_5__Photobacterium	dominance_all	TRUE
BM_Kappa	-	lambda=1 delta=1kappa=ML	-56.4370345570255	-56.1513202713113	kappa	kappa : 1e-06 (95% CI  NA  -  0.281966569476235 )	0.0194550392332477	-0.00152199379092554	0.211678642108355	-0.0047516212198972 - 0.00170763363804611	0.00164776909641411	0.360812879007693	mucus_D_0__Bacteria___D_1__Proteobacteria___D_2__Gammaproteobacteria___D_3__Vibrionales___D_4__Vibrionaceae___D_5__Photobacterium	dominance_all	FALSE
BM_Delta	-	lambda=1 delta=MLkappa=1	-24.175340880892	-23.8896265951777	delta	delta : 1 (95% CI  0.465210846763383  -  NA )	0.00576257856908878	-0.000612118355899986	0.1791817351313	-0.00301534023615304 - 0.00179110352435307	0.00122613361237401	0.620164556455494	mucus_D_0__Bacteria___D_1__Proteobacteria___D_2__Gammaproteobacteria___D_3__Vibrionales___D_4__Vibrionaceae___D_5__Photobacterium	dominance_all	FALSE
