model_name	compartment	branch_length_transformation	AIC	AICc	estimated_parameter	parameter_value	R2	slope	intercept	x_trait_slope_95CI	x_trait_slope_stdev	p	x_trait	y_trait	best_model
BM	-	lambda=1 delta=1kappa=1	465.244175619309	465.577508952642	None	All parameters fixed	0.0916565054082714	-0.626184582712195	176.472488746541	-1.26137068554102 - 0.0090015201166318	0.324074542259606	0.061015786034851	skeleton_D_0__Bacteria___D_1__Bacteroidetes___D_2__Bacteroidia___D_3__Cytophagales___D_4__Cyclobacteriaceae___D_5__uncultured	observed_features_all	FALSE
BM_Lambda	-	lambda=ML delta=1kappa=1	444.419230828706	444.752564162039	lambda	lambda : 1e-06 (95% CI  NA  -  0.52204744718341 )	0.101832923544258	-0.893901986853882	185.859924422274	-1.74932232463012 - -0.0384816490776428	0.43643894784502	0.047688837647244	skeleton_D_0__Bacteria___D_1__Bacteroidetes___D_2__Bacteroidia___D_3__Cytophagales___D_4__Cyclobacteriaceae___D_5__uncultured	observed_features_all	TRUE
BM_Kappa	-	lambda=1 delta=1kappa=ML	458.920387758088	459.253721091422	kappa	kappa : 0.361909241154221 (95% CI  NA  -  0.857356056950515 )	0.0291969645764262	-0.43915117457443	165.81046689552	-1.25510572606934 - 0.376803376920475	0.416303342599442	0.298318845586039	skeleton_D_0__Bacteria___D_1__Bacteroidetes___D_2__Bacteroidia___D_3__Cytophagales___D_4__Cyclobacteriaceae___D_5__uncultured	observed_features_all	FALSE
BM_Delta	-	lambda=1 delta=MLkappa=1	465.244175619309	465.577508952642	delta	delta : 1 (95% CI  0.390225276206156  -  NA )	0.0916565054082714	-0.626184582712195	176.472488746541	-1.26137068554102 - 0.0090015201166318	0.324074542259606	0.061015786034851	skeleton_D_0__Bacteria___D_1__Bacteroidetes___D_2__Bacteroidia___D_3__Cytophagales___D_4__Cyclobacteriaceae___D_5__uncultured	observed_features_all	FALSE
