model_name	compartment	branch_length_transformation	AIC	AICc	estimated_parameter	parameter_value	R2	slope	intercept	x_trait_slope_95CI	x_trait_slope_stdev	p	x_trait	y_trait	best_model
BM	-	lambda=1 delta=1kappa=1	588.701320987069	588.962190552286	None	All parameters fixed	0.00480672526925051	-0.354582122472989	151.144498353545	-1.8132386629454 - 1.10407441799942	0.744212520649191	0.635959480671388	all_D_0__Bacteria___D_1__Cyanobacteria___D_2__Oxyphotobacteria___D_3__Synechococcales___D_4__Cyanobiaceae___D_5__Synechococcus_CC9902	observed_features_all	FALSE
BM_Lambda	-	lambda=ML delta=1kappa=1	566.303846614769	566.564716179986	lambda	lambda : 1e-06 (95% CI  NA  -  0.600216010392554 )	0.00373855786010318	-0.514653323763177	151.78221683096	-2.91656222853769 - 1.88725558101134	1.22546372692577	0.676423874289861	all_D_0__Bacteria___D_1__Cyanobacteria___D_2__Oxyphotobacteria___D_3__Synechococcales___D_4__Cyanobiaceae___D_5__Synechococcus_CC9902	observed_features_all	TRUE
BM_Kappa	-	lambda=1 delta=1kappa=ML	576.570176978054	576.831046543271	kappa	kappa : 0.252110923606532 (95% CI  NA  -  0.677112945517085 )	0.0137915588143078	-0.809120355713573	144.831266783876	-2.76525141765772 - 1.14701070623057	0.998026052012318	0.421612465654292	all_D_0__Bacteria___D_1__Cyanobacteria___D_2__Oxyphotobacteria___D_3__Synechococcales___D_4__Cyanobiaceae___D_5__Synechococcus_CC9902	observed_features_all	FALSE
BM_Delta	-	lambda=1 delta=MLkappa=1	588.701320987069	588.962190552286	delta	delta : 1 (95% CI  0.419794321180013  -  NA )	0.00480672526925051	-0.354582122472989	151.144498353545	-1.8132386629454 - 1.10407441799942	0.744212520649191	0.635959480671388	all_D_0__Bacteria___D_1__Cyanobacteria___D_2__Oxyphotobacteria___D_3__Synechococcales___D_4__Cyanobiaceae___D_5__Synechococcus_CC9902	observed_features_all	FALSE
