model_name	compartment	branch_length_transformation	AIC	AICc	estimated_parameter	parameter_value	R2	slope	intercept	x_trait_slope_95CI	x_trait_slope_stdev	p	x_trait	y_trait	best_model
BM	-	lambda=1 delta=1kappa=1	541.836990093255	542.109717365982	None	All parameters fixed	0.150721072163206	-0.32933168903941	164.089794715447	-0.557745059800923 - -0.100918318277897	0.116537434061996	0.00700600526836181	all_D_0__Bacteria___D_1__Proteobacteria___D_2__Alphaproteobacteria___D_3__Sphingomonadales___D_4__Sphingomonadaceae___D_5__Sphingobium	observed_features_all	FALSE
BM_Lambda	-	lambda=ML delta=1kappa=1	522.742613445134	523.015340717862	lambda	lambda : 0.0682581016214705 (95% CI  NA  -  0.836888607403404 )	0.282202618338648	-0.901388884119142	197.316964613966	-1.3214209322289 - -0.481356836009389	0.214302065362119	0.000122080221821363	all_D_0__Bacteria___D_1__Proteobacteria___D_2__Alphaproteobacteria___D_3__Sphingomonadales___D_4__Sphingomonadaceae___D_5__Sphingobium	observed_features_all	TRUE
BM_Kappa	-	lambda=1 delta=1kappa=ML	526.349819154051	526.622546426779	kappa	kappa : 0.0819143657653993 (95% CI  NA  -  0.512329636990102 )	0.243268629783192	-0.699061599221004	170.32091388235	-1.05930254581154 - -0.33882065263047	0.183796401321701	0.000427439976996125	all_D_0__Bacteria___D_1__Proteobacteria___D_2__Alphaproteobacteria___D_3__Sphingomonadales___D_4__Sphingomonadaceae___D_5__Sphingobium	observed_features_all	FALSE
BM_Delta	-	lambda=1 delta=MLkappa=1	541.836990093255	542.109717365982	delta	delta : 1 (95% CI  0.400928886724396  -  NA )	0.150721072163206	-0.32933168903941	164.089794715447	-0.557745059800923 - -0.100918318277897	0.116537434061996	0.00700600526836181	all_D_0__Bacteria___D_1__Proteobacteria___D_2__Alphaproteobacteria___D_3__Sphingomonadales___D_4__Sphingomonadaceae___D_5__Sphingobium	observed_features_all	FALSE
