model_name	compartment	branch_length_transformation	AIC	AICc	estimated_parameter	parameter_value	R2	slope	intercept	x_trait_slope_95CI	x_trait_slope_stdev	p	x_trait	y_trait	best_model
BM	-	lambda=1 delta=1kappa=1	528.615973387381	528.901687673095	None	All parameters fixed	0.0660250378448484	-0.419911711022936	146.858568951325	-0.891967271917027 - 0.052143849871155	0.240844673925557	0.0883937394916861	mucus_D_0__Bacteria___D_1__Proteobacteria___D_2__Gammaproteobacteria___D_3__Vibrionales___D_4__Vibrionaceae___D_5__Vibrio	observed_features_all	FALSE
BM_Lambda	-	lambda=ML delta=1kappa=1	511.601999458373	511.887713744087	lambda	lambda : 1e-06 (95% CI  NA  -  0.682642661856937 )	0.00313117160330796	0.191383163893351	136.870474423643	-0.829300459477602 - 1.2120667872643	0.520756950699466	0.71504167827099	mucus_D_0__Bacteria___D_1__Proteobacteria___D_2__Gammaproteobacteria___D_3__Vibrionales___D_4__Vibrionaceae___D_5__Vibrio	observed_features_all	TRUE
BM_Kappa	-	lambda=1 delta=1kappa=ML	519.550255377106	519.83596966282	kappa	kappa : 0.355032474606023 (95% CI  NA  -  0.786113932218283 )	0.0105638287122671	-0.239317208642887	138.618193664552	-0.931592750755577 - 0.452958333469804	0.353201807200352	0.501677091077344	mucus_D_0__Bacteria___D_1__Proteobacteria___D_2__Gammaproteobacteria___D_3__Vibrionales___D_4__Vibrionaceae___D_5__Vibrio	observed_features_all	FALSE
BM_Delta	-	lambda=1 delta=MLkappa=1	528.615973387381	528.901687673095	delta	delta : 1 (95% CI  0.396932458293156  -  NA )	0.0660250378448484	-0.419911711022936	146.858568951325	-0.891967271917027 - 0.052143849871155	0.240844673925557	0.0883937394916861	mucus_D_0__Bacteria___D_1__Proteobacteria___D_2__Gammaproteobacteria___D_3__Vibrionales___D_4__Vibrionaceae___D_5__Vibrio	observed_features_all	FALSE
