model_name	compartment	branch_length_transformation	AIC	AICc	estimated_parameter	parameter_value	R2	slope	intercept	x_trait_slope_95CI	x_trait_slope_stdev	p	x_trait	y_trait	best_model
BM	-	lambda=1 delta=1kappa=1	111.529857263875	112.05159639431	None	All parameters fixed	0.00507918760227548	-0.0122816486378921	4.25931840236147	-0.0810524761234218 - 0.0564891788476375	0.0350871568803723	0.729367471790518	all_D_0__Bacteria___D_1__Cyanobacteria___D_2__Oxyphotobacteria___D_3__Synechococcales___D_4__Cyanobiaceae___D_5__Synechococcus_CC9902	depth	FALSE
BM_Lambda	-	lambda=ML delta=1kappa=1	108.120644115321	108.642383245756	lambda	lambda : 1e-06 (95% CI  NA  -  NA )	0.00256743443358835	-0.0148671244744503	4.10384176771741	-0.132105426283883 - 0.102371177334983	0.0598154601068535	0.805823530379671	all_D_0__Bacteria___D_1__Cyanobacteria___D_2__Oxyphotobacteria___D_3__Synechococcales___D_4__Cyanobiaceae___D_5__Synechococcus_CC9902	depth	FALSE
BM_Kappa	-	lambda=1 delta=1kappa=ML	103.563863611102	104.085602741536	kappa	kappa : 0.0507961407171466 (95% CI  NA  -  0.693490304306693 )	0.035762179741954	-0.040541358530744	4.40070252168698	-0.124763996167046 - 0.0436812791055582	0.0429707334879093	0.354844867413612	all_D_0__Bacteria___D_1__Cyanobacteria___D_2__Oxyphotobacteria___D_3__Synechococcales___D_4__Cyanobiaceae___D_5__Synechococcus_CC9902	depth	TRUE
BM_Delta	-	lambda=1 delta=MLkappa=1	111.529857263875	112.05159639431	delta	delta : 1 (95% CI  0.303117714210337  -  NA )	0.00507918760227548	-0.0122816486378921	4.25931840236147	-0.0810524761234218 - 0.0564891788476375	0.0350871568803723	0.729367471790518	all_D_0__Bacteria___D_1__Cyanobacteria___D_2__Oxyphotobacteria___D_3__Synechococcales___D_4__Cyanobiaceae___D_5__Synechococcus_CC9902	depth	FALSE
