model_name	compartment	branch_length_transformation	AIC	AICc	estimated_parameter	parameter_value	R2	slope	intercept	x_trait_slope_95CI	x_trait_slope_stdev	p	x_trait	y_trait	best_model
BM	-	lambda=1 delta=1kappa=1	-23.9968753954619	-23.7111611097476	None	All parameters fixed	0.00181170349264855	3.33912174574155e-05	0.177175854124258	-0.000200878834281773 - 0.000267661269196604	0.000119525536601627	0.781304305373895	mucus_D_0__Bacteria___D_1__Proteobacteria___D_2__Alphaproteobacteria___D_3__Rhodospirillales___D_4__Terasakiellaceae___D_5__uncultured	dominance_all	FALSE
BM_Lambda	-	lambda=ML delta=1kappa=1	-75.1982901738643	-74.91257588815	lambda	lambda : 1e-06 (95% CI  NA  -  0.279848613391642 )	0.00267022523285181	5.08721642667288e-05	0.168045720320164	-0.000242992591376802 - 0.00034473691991026	0.000149930997777312	0.736032453488751	mucus_D_0__Bacteria___D_1__Proteobacteria___D_2__Alphaproteobacteria___D_3__Rhodospirillales___D_4__Terasakiellaceae___D_5__uncultured	dominance_all	TRUE
BM_Kappa	-	lambda=1 delta=1kappa=ML	-55.5580351367907	-55.2723208510764	kappa	kappa : 1e-06 (95% CI  NA  -  0.299167659483542 )	0.000113452573102421	-1.04426506422621e-05	0.207674270366173	-0.000303465023010231 - 0.000282579721725706	0.000149501210391821	0.944636934929724	mucus_D_0__Bacteria___D_1__Proteobacteria___D_2__Alphaproteobacteria___D_3__Rhodospirillales___D_4__Terasakiellaceae___D_5__uncultured	dominance_all	FALSE
BM_Delta	-	lambda=1 delta=MLkappa=1	-23.9968753954619	-23.7111611097476	delta	delta : 1 (95% CI  0.464768031279816  -  NA )	0.00181170349264855	3.33912174574155e-05	0.177175854124258	-0.000200878834281773 - 0.000267661269196604	0.000119525536601627	0.781304305373895	mucus_D_0__Bacteria___D_1__Proteobacteria___D_2__Alphaproteobacteria___D_3__Rhodospirillales___D_4__Terasakiellaceae___D_5__uncultured	dominance_all	FALSE
