model_name	compartment	branch_length_transformation	AIC	AICc	estimated_parameter	parameter_value	R2	slope	intercept	x_trait_slope_95CI	x_trait_slope_stdev	p	x_trait	y_trait	best_model
BM	-	lambda=1 delta=1kappa=1	74.8461433932445	76.8461433932445	None	All parameters fixed	0.000514736563764988	0.00103468717207902	6.31405755687754	-0.0327415918972045 - 0.0348109662413626	0.017232795443512	0.953800601140255	mucus_D_0__Bacteria___D_1__Proteobacteria___D_2__Alphaproteobacteria___D_3__Rhizobiales___D_4__Stappiaceae___D_5__Pseudovibrio	perc_dis	FALSE
BM_Lambda	-	lambda=ML delta=1kappa=1	65.7473272579319	67.7473272579319	lambda	lambda : 1e-06 (95% CI  NA  -  0.674782706817741 )	0.00612426096431221	-0.00315185326159085	5.95396533223583	-0.0328967346892521 - 0.0265930281660703	0.015175959912072	0.841386203064978	mucus_D_0__Bacteria___D_1__Proteobacteria___D_2__Alphaproteobacteria___D_3__Rhizobiales___D_4__Stappiaceae___D_5__Pseudovibrio	perc_dis	TRUE
BM_Kappa	-	lambda=1 delta=1kappa=ML	69.6649736496229	71.6649736496229	kappa	kappa : 1e-06 (95% CI  NA  -  0.791643063097068 )	0.0343453889970334	0.00960744780480954	6.27032124934952	-0.0281316726727049 - 0.047346568282324	0.0192546533048543	0.63309817114736	mucus_D_0__Bacteria___D_1__Proteobacteria___D_2__Alphaproteobacteria___D_3__Rhizobiales___D_4__Stappiaceae___D_5__Pseudovibrio	perc_dis	FALSE
BM_Delta	-	lambda=1 delta=MLkappa=1	74.8461433932445	76.8461433932445	delta	delta : 1 (95% CI  0.223048489868047  -  NA )	0.000514736563764988	0.00103468717207902	6.31405755687754	-0.0327415918972045 - 0.0348109662413626	0.017232795443512	0.953800601140255	mucus_D_0__Bacteria___D_1__Proteobacteria___D_2__Alphaproteobacteria___D_3__Rhizobiales___D_4__Stappiaceae___D_5__Pseudovibrio	perc_dis	FALSE
