model_name	compartment	branch_length_transformation	AIC	AICc	estimated_parameter	parameter_value	R2	slope	intercept	x_trait_slope_95CI	x_trait_slope_stdev	p	x_trait	y_trait	best_model
BM	-	lambda=1 delta=1kappa=1	-29.6144732741653	-28.6913963510884	None	All parameters fixed	0.0104270746931645	-0.000145367627734373	0.117147905353464	-0.000887194252898231 - 0.000596458997429485	0.000378482972022377	0.70668975974604	skeleton_D_0__Bacteria___D_1__Bacteroidetes___D_2__Bacteroidia___D_3__Cytophagales___D_4__Cyclobacteriaceae___D_5__uncultured	growth_rate_mm_per_year	FALSE
BM_Lambda	-	lambda=ML delta=1kappa=1	-40.8899845180462	-39.9669075949693	lambda	lambda : 0.389015568387352 (95% CI  NA  -  0.893531523684646 )	0.00374061105181452	0.000100062934644503	0.114696475900196	-0.00075535869342122 - 0.000955484562710225	0.000436439606155981	0.821973896713422	skeleton_D_0__Bacteria___D_1__Bacteroidetes___D_2__Bacteroidia___D_3__Cytophagales___D_4__Cyclobacteriaceae___D_5__uncultured	growth_rate_mm_per_year	TRUE
BM_Kappa	-	lambda=1 delta=1kappa=ML	-40.2635907594107	-39.3405138363338	kappa	kappa : 1e-06 (95% CI  NA  -  0.494939896572121 )	0.00257591293664386	7.07832217102575e-05	0.116760747587953	-0.000658836752998091 - 0.000800403196418606	0.000372255089136912	0.851923397498048	skeleton_D_0__Bacteria___D_1__Bacteroidetes___D_2__Bacteroidia___D_3__Cytophagales___D_4__Cyclobacteriaceae___D_5__uncultured	growth_rate_mm_per_year	FALSE
BM_Delta	-	lambda=1 delta=MLkappa=1	-29.6144732741653	-28.6913963510884	delta	delta : 1 (95% CI  0.295002978693883  -  NA )	0.0104270746931645	-0.000145367627734373	0.117147905353464	-0.000887194252898231 - 0.000596458997429485	0.000378482972022377	0.70668975974604	skeleton_D_0__Bacteria___D_1__Bacteroidetes___D_2__Bacteroidia___D_3__Cytophagales___D_4__Cyclobacteriaceae___D_5__uncultured	growth_rate_mm_per_year	FALSE
