model_name	compartment	branch_length_transformation	AIC	AICc	estimated_parameter	parameter_value	R2	slope	intercept	x_trait_slope_95CI	x_trait_slope_stdev	p	x_trait	y_trait	best_model
BM	-	lambda=1 delta=1kappa=1	103.819440897172	104.676583754315	None	All parameters fixed	0.00026371108716473	0.162020949670554	6.16822179720391	-4.88645334129927 - 5.21049524064038	2.57575218927032	0.950674798262837	tissue_weighted_unifrac_ordination_PC1	perc_dis	FALSE
BM_Lambda	-	lambda=ML delta=1kappa=1	100.576878088663	101.434020945806	lambda	lambda : 0.938909563243833 (95% CI  NA  -  NA )	0.00345876882705901	-0.577775525999325	6.00977848407705	-5.54091467411674 - 4.38536362211809	2.53221385108032	0.822595211952717	tissue_weighted_unifrac_ordination_PC1	perc_dis	TRUE
BM_Kappa	-	lambda=1 delta=1kappa=ML	102.631242130711	103.488384987854	kappa	kappa : 0.707541807498782 (95% CI  0.124607640657782  -  NA )	0.00358487372637337	-0.612427068785176	6.3059381916358	-5.77954108057004 - 4.55468694299969	2.63628265907391	0.819439265034927	tissue_weighted_unifrac_ordination_PC1	perc_dis	FALSE
BM_Delta	-	lambda=1 delta=MLkappa=1	103.819440897172	104.676583754315	delta	delta : 1 (95% CI  0.235307138889397  -  NA )	0.00026371108716473	0.162020949670554	6.16822179720391	-4.88645334129927 - 5.21049524064038	2.57575218927032	0.950674798262837	tissue_weighted_unifrac_ordination_PC1	perc_dis	FALSE
