model_name	compartment	branch_length_transformation	AIC	AICc	estimated_parameter	parameter_value	R2	slope	intercept	x_trait_slope_95CI	x_trait_slope_stdev	p	x_trait	y_trait	best_model
BM	-	lambda=1 delta=1kappa=1	265.928184276079	266.235876583772	None	All parameters fixed	6.66605821777087e-05	0.000869584843345035	3.61920080633813	-0.032136119908564 - 0.0338752895952541	0.0168396452815862	0.95907325311758	skeleton_D_0__Bacteria___D_1__Spirochaetes___D_2__Spirochaetia___D_3__Spirochaetales___D_4__Spirochaetaceae___D_5__Spirochaeta_2	perc_dis	FALSE
BM_Lambda	-	lambda=ML delta=1kappa=1	248.308028990634	248.615721298327	lambda	lambda : 1e-06 (95% CI  NA  -  0.243329737648934 )	0.000610804308365558	-0.00329314856067688	3.16870842606427	-0.044574478273238 - 0.0379881811518842	0.021061902914572	0.876539139512816	skeleton_D_0__Bacteria___D_1__Spirochaetes___D_2__Spirochaetia___D_3__Spirochaetales___D_4__Spirochaetaceae___D_5__Spirochaeta_2	perc_dis	TRUE
BM_Kappa	-	lambda=1 delta=1kappa=ML	264.311511457361	264.619203765053	kappa	kappa : 0.611749526486807 (95% CI  0.0426735009247156  -  NA )	0.000181707306090596	0.00163055902232574	3.57674168872756	-0.0358526654561983 - 0.0391137835008498	0.0191240941216959	0.932478418606926	skeleton_D_0__Bacteria___D_1__Spirochaetes___D_2__Spirochaetia___D_3__Spirochaetales___D_4__Spirochaetaceae___D_5__Spirochaeta_2	perc_dis	FALSE
BM_Delta	-	lambda=1 delta=MLkappa=1	265.928184276079	266.235876583772	delta	delta : 1 (95% CI  0.383239188978792  -  NA )	6.66605821777087e-05	0.000869584843345035	3.61920080633813	-0.032136119908564 - 0.0338752895952541	0.0168396452815862	0.95907325311758	skeleton_D_0__Bacteria___D_1__Spirochaetes___D_2__Spirochaetia___D_3__Spirochaetales___D_4__Spirochaetaceae___D_5__Spirochaeta_2	perc_dis	FALSE
