model_name	compartment	branch_length_transformation	AIC	AICc	estimated_parameter	parameter_value	R2	slope	intercept	x_trait_slope_95CI	x_trait_slope_stdev	p	x_trait	y_trait	best_model
BM	-	lambda=1 delta=1kappa=1	527.664182680155	527.949896965869	None	All parameters fixed	0.0855720064321131	-1.13177884322181	146.376374839288	-2.23761889056519 - -0.0259387958784416	0.564204105787435	0.0511761247352429	mucus_D_0__Bacteria___D_1__Proteobacteria___D_2__Gammaproteobacteria___D_3__Vibrionales___D_4__Vibrionaceae___D_5__Photobacterium	observed_features_all	FALSE
BM_Lambda	-	lambda=ML delta=1kappa=1	511.632451027124	511.918165312839	lambda	lambda : 1e-06 (95% CI  NA  -  0.685635757685776 )	0.00245636064704544	0.373512085213399	137.448984586367	-1.87630074010658 - 2.62332491053338	1.14786368638774	0.746458278354716	mucus_D_0__Bacteria___D_1__Proteobacteria___D_2__Gammaproteobacteria___D_3__Vibrionales___D_4__Vibrionaceae___D_5__Photobacterium	observed_features_all	TRUE
BM_Kappa	-	lambda=1 delta=1kappa=ML	519.597552880232	519.883267165946	kappa	kappa : 0.366324641209195 (95% CI  NA  -  0.814825184470078 )	0.0103560630433602	-0.546049989663128	138.060777160638	-2.14154844529157 - 1.04944846596532	0.814029824300227	0.505936213191227	mucus_D_0__Bacteria___D_1__Proteobacteria___D_2__Gammaproteobacteria___D_3__Vibrionales___D_4__Vibrionaceae___D_5__Photobacterium	observed_features_all	FALSE
BM_Delta	-	lambda=1 delta=MLkappa=1	527.664182680155	527.949896965869	delta	delta : 1 (95% CI  0.392300469439926  -  NA )	0.0855720064321131	-1.13177884322181	146.376374839288	-2.23761889056519 - -0.0259387958784416	0.564204105787435	0.0511761247352429	mucus_D_0__Bacteria___D_1__Proteobacteria___D_2__Gammaproteobacteria___D_3__Vibrionales___D_4__Vibrionaceae___D_5__Photobacterium	observed_features_all	FALSE
