model_name	compartment	branch_length_transformation	AIC	AICc	estimated_parameter	parameter_value	R2	slope	intercept	x_trait_slope_95CI	x_trait_slope_stdev	p	x_trait	y_trait	best_model
BM	-	lambda=1 delta=1kappa=1	111.414564714966	111.936303845401	None	All parameters fixed	0.00948122636173042	0.0109560076555307	4.10165061702945	-0.0338464538653519 - 0.0557584691764132	0.0228583987351442	0.636064502541128	all_D_0__Bacteria___D_1__Bacteroidetes___D_2__Chlorobia___D_3__Chlorobiales___D_4__Chlorobiaceae___D_5__Prosthecochloris	depth	FALSE
BM_Lambda	-	lambda=ML delta=1kappa=1	107.290820363498	107.812559493932	lambda	lambda : 1e-06 (95% CI  NA  -  0.976944639883536 )	0.0338991340203388	-0.032615105467924	4.13396615124417	-0.102275538759626 - 0.0370453278237781	0.0355410373937255	0.367919855195916	all_D_0__Bacteria___D_1__Bacteroidetes___D_2__Chlorobia___D_3__Chlorobiales___D_4__Chlorobiaceae___D_5__Prosthecochloris	depth	FALSE
BM_Kappa	-	lambda=1 delta=1kappa=ML	103.718333765855	104.240072896289	kappa	kappa : 1e-06 (95% CI  NA  -  0.660953906126212 )	0.0311151897055099	-0.0222763957856758	4.13836754525718	-0.0720094605316773 - 0.0274566689603256	0.025374012625511	0.388690721979981	all_D_0__Bacteria___D_1__Bacteroidetes___D_2__Chlorobia___D_3__Chlorobiales___D_4__Chlorobiaceae___D_5__Prosthecochloris	depth	TRUE
BM_Delta	-	lambda=1 delta=MLkappa=1	111.414564714966	111.936303845401	delta	delta : 1 (95% CI  0.295750562914313  -  NA )	0.00948122636173042	0.0109560076555307	4.10165061702945	-0.0338464538653519 - 0.0557584691764132	0.0228583987351442	0.636064502541128	all_D_0__Bacteria___D_1__Bacteroidetes___D_2__Chlorobia___D_3__Chlorobiales___D_4__Chlorobiaceae___D_5__Prosthecochloris	depth	FALSE
