model_name	compartment	branch_length_transformation	AIC	AICc	estimated_parameter	parameter_value	R2	slope	intercept	x_trait_slope_95CI	x_trait_slope_stdev	p	x_trait	y_trait	best_model
BM	-	lambda=1 delta=1kappa=1	614.751087887335	615.03680217305	None	All parameters fixed	0.0338788382463406	278.469384569154	43.5776016558757	-166.009200317268 - 722.947969455577	226.774788207358	0.226143063334745	Weedy	tissue_D_0__Bacteria___D_1__Proteobacteria___D_2__Gammaproteobacteria___D_3__Oceanospirillales___D_4__Endozoicomonadaceae___D_5__Endozoicomonas	FALSE
BM_Lambda	-	lambda=ML delta=1kappa=1	578.697403442913	578.983117728627	lambda	lambda : 1e-06 (95% CI  NA  -  0.180565196749117 )	0.169452141811488	227.820947212268	68.6751377701398	77.0650544803659 - 378.576839944171	76.9162718019911	0.00496280043416153	Weedy	tissue_D_0__Bacteria___D_1__Proteobacteria___D_2__Gammaproteobacteria___D_3__Oceanospirillales___D_4__Endozoicomonadaceae___D_5__Endozoicomonas	TRUE
BM_Kappa	-	lambda=1 delta=1kappa=ML	603.439727324577	603.725441610292	kappa	kappa : 0.0183895435011849 (95% CI  NA  -  0.581456009087299 )	0.0964293240654279	273.117858629271	19.4262942121074	23.2281071919854 - 523.007610066557	127.494771141472	0.0378830235676051	Weedy	tissue_D_0__Bacteria___D_1__Proteobacteria___D_2__Gammaproteobacteria___D_3__Oceanospirillales___D_4__Endozoicomonadaceae___D_5__Endozoicomonas	FALSE
BM_Delta	-	lambda=1 delta=MLkappa=1	614.751087887335	615.03680217305	delta	delta : 1 (95% CI  0.432901165069079  -  NA )	0.0338788382463406	278.469384569154	43.5776016558757	-166.009200317268 - 722.947969455577	226.774788207358	0.226143063334745	Weedy	tissue_D_0__Bacteria___D_1__Proteobacteria___D_2__Gammaproteobacteria___D_3__Oceanospirillales___D_4__Endozoicomonadaceae___D_5__Endozoicomonas	FALSE
