model_name	compartment	branch_length_transformation	AIC	AICc	estimated_parameter	parameter_value	R2	slope	intercept	x_trait_slope_95CI	x_trait_slope_stdev	p	x_trait	y_trait	best_model
BM	-	lambda=1 delta=1kappa=1	274.423604472491	274.71628739932	None	All parameters fixed	0.0279503572527622	-0.0106021431951329	4.14306919925911	-0.0295114510567232 - 0.00830716466645742	0.00964760605183178	0.27805383927629	all_D_0__Bacteria___D_1__Proteobacteria___D_2__Gammaproteobacteria___D_3__Betaproteobacteriales___D_4__Burkholderiaceae___D_5__Aquabacterium	perc_dis	FALSE
BM_Lambda	-	lambda=ML delta=1kappa=1	258.274819558002	258.567502484831	lambda	lambda : 1e-06 (95% CI  NA  -  0.266352688304011 )	0.00415254387861306	-0.0074637660273366	3.44743281978641	-0.0424203299638417 - 0.0274927979091685	0.0178349816002577	0.677720988292219	all_D_0__Bacteria___D_1__Proteobacteria___D_2__Gammaproteobacteria___D_3__Betaproteobacteriales___D_4__Burkholderiaceae___D_5__Aquabacterium	perc_dis	TRUE
BM_Kappa	-	lambda=1 delta=1kappa=ML	272.000260406793	272.292943333623	kappa	kappa : 0.533791057810105 (95% CI  NA  -  NA )	0.053524531830469	-0.0219243247590275	4.63454093713801	-0.0498070933889866 - 0.00595844387093168	0.0142259023622241	0.130780432613396	all_D_0__Bacteria___D_1__Proteobacteria___D_2__Gammaproteobacteria___D_3__Betaproteobacteriales___D_4__Burkholderiaceae___D_5__Aquabacterium	perc_dis	FALSE
BM_Delta	-	lambda=1 delta=MLkappa=1	274.423604472491	274.71628739932	delta	delta : 1 (95% CI  0.383327947226116  -  NA )	0.0279503572527622	-0.0106021431951329	4.14306919925911	-0.0295114510567232 - 0.00830716466645742	0.00964760605183178	0.27805383927629	all_D_0__Bacteria___D_1__Proteobacteria___D_2__Gammaproteobacteria___D_3__Betaproteobacteriales___D_4__Burkholderiaceae___D_5__Aquabacterium	perc_dis	FALSE
