model_name	compartment	branch_length_transformation	AIC	AICc	estimated_parameter	parameter_value	R2	slope	intercept	x_trait_slope_95CI	x_trait_slope_stdev	p	x_trait	y_trait	best_model
BM	-	lambda=1 delta=1kappa=1	554.380544075458	554.647210742125	None	All parameters fixed	0.260264551176482	-0.588075703470946	187.028561947388	-0.874586569785991 - -0.301564837155902	0.146179013426043	0.000212051812005232	all_D_0__Bacteria___D_1__Proteobacteria___D_2__Gammaproteobacteria___D_3__Pseudomonadales___D_4__Pseudomonadaceae___D_5__Pseudomonas	observed_features_all	FALSE
BM_Lambda	-	lambda=ML delta=1kappa=1	519.545763951812	519.812430618479	lambda	lambda : 0.118371506949444 (95% CI  NA  -  0.857949536861204 )	0.473835791935015	-0.940067981628528	214.859047040843	-1.226342792394 - -0.653793170863053	0.146058576921161	6.40667394691263e-08	all_D_0__Bacteria___D_1__Proteobacteria___D_2__Gammaproteobacteria___D_3__Pseudomonadales___D_4__Pseudomonadaceae___D_5__Pseudomonas	observed_features_all	TRUE
BM_Kappa	-	lambda=1 delta=1kappa=ML	529.082900074678	529.349566741345	kappa	kappa : 0.090584911566886 (95% CI  NA  -  0.436444333242916 )	0.43923295090178	-0.842664789875486	191.292341461053	-1.11781876397828 - -0.567510815772698	0.140384680664688	2.87048413039059e-07	all_D_0__Bacteria___D_1__Proteobacteria___D_2__Gammaproteobacteria___D_3__Pseudomonadales___D_4__Pseudomonadaceae___D_5__Pseudomonas	observed_features_all	FALSE
BM_Delta	-	lambda=1 delta=MLkappa=1	554.380544075458	554.647210742125	delta	delta : 1 (95% CI  0.439012035579842  -  NA )	0.260264551176482	-0.588075703470946	187.028561947388	-0.874586569785991 - -0.301564837155902	0.146179013426043	0.000212051812005232	all_D_0__Bacteria___D_1__Proteobacteria___D_2__Gammaproteobacteria___D_3__Pseudomonadales___D_4__Pseudomonadaceae___D_5__Pseudomonas	observed_features_all	FALSE
