model_name	compartment	branch_length_transformation	AIC	AICc	estimated_parameter	parameter_value	R2	slope	intercept	x_trait_slope_95CI	x_trait_slope_stdev	p	x_trait	y_trait	best_model
BM	-	lambda=1 delta=1kappa=1	-32.7516980592732	-31.8286211361963	None	All parameters fixed	0.186621214063664	0.000787656765181084	0.0948441245310557	-7.37236167787912e-05 - 0.00164903714714096	0.000439479786714222	0.0947231519404643	skeleton_D_0__Bacteria___D_1__Proteobacteria___D_2__Gammaproteobacteria___D_3__Oceanospirillales___D_4__Endozoicomonadaceae___D_5__Endozoicomonas	growth_rate_mm_per_year	FALSE
BM_Lambda	-	lambda=ML delta=1kappa=1	-48.8559140808935	-47.9328371578166	lambda	lambda : 0.22475073751866 (95% CI  NA  -  0.772092498617747 )	0.405286900453415	0.00117419627649284	0.0929635584824611	0.000429112304194567 - 0.00191928024879112	0.000380144883825651	0.00800836876960398	skeleton_D_0__Bacteria___D_1__Proteobacteria___D_2__Gammaproteobacteria___D_3__Oceanospirillales___D_4__Endozoicomonadaceae___D_5__Endozoicomonas	growth_rate_mm_per_year	TRUE
BM_Kappa	-	lambda=1 delta=1kappa=ML	-45.9123241223223	-44.9892471992454	kappa	kappa : 1e-06 (95% CI  NA  -  0.393711998709686 )	0.299264703370092	0.000924195472347819	0.0931129963380064	0.000183388368318304 - 0.00166500257637733	0.000377962808178324	0.0283038330531096	skeleton_D_0__Bacteria___D_1__Proteobacteria___D_2__Gammaproteobacteria___D_3__Oceanospirillales___D_4__Endozoicomonadaceae___D_5__Endozoicomonas	growth_rate_mm_per_year	FALSE
BM_Delta	-	lambda=1 delta=MLkappa=1	-32.7516980592732	-31.8286211361963	delta	delta : 1 (95% CI  0.308409366645767  -  NA )	0.186621214063664	0.000787656765181084	0.0948441245310557	-7.37236167787912e-05 - 0.00164903714714096	0.000439479786714222	0.0947231519404643	skeleton_D_0__Bacteria___D_1__Proteobacteria___D_2__Gammaproteobacteria___D_3__Oceanospirillales___D_4__Endozoicomonadaceae___D_5__Endozoicomonas	growth_rate_mm_per_year	FALSE
