model_name	compartment	branch_length_transformation	AIC	AICc	estimated_parameter	parameter_value	R2	slope	intercept	x_trait_slope_95CI	x_trait_slope_stdev	p	x_trait	y_trait	best_model
BM	-	lambda=1 delta=1kappa=1	99.4974657282383	100.354608585381	None	All parameters fixed	0.599527565682465	0.0210181509612297	1.66885392664488	0.0123248105783789 - 0.0297114913440805	0.00443537774635247	0.000263793539432067	tissue_D_0__Bacteria___D_1__Proteobacteria___D_2__Gammaproteobacteria___D_3__Oceanospirillales___D_4__Endozoicomonadaceae___D_5__Endozoicomonas	perc_dis	FALSE
BM_Lambda	-	lambda=ML delta=1kappa=1	77.5345882569086	78.3917311140514	lambda	lambda : 1e-06 (95% CI  NA  -  0.553879214051648 )	0.815066903857858	0.0299136089059002	0.690940927177968	0.0227027010812898 - 0.0371245167305107	0.00367903460439309	7.04756464298129e-07	tissue_D_0__Bacteria___D_1__Proteobacteria___D_2__Gammaproteobacteria___D_3__Oceanospirillales___D_4__Endozoicomonadaceae___D_5__Endozoicomonas	perc_dis	TRUE
BM_Kappa	-	lambda=1 delta=1kappa=ML	80.1890724529275	81.0462153100704	kappa	kappa : 1e-06 (95% CI  NA  -  0.235812732735932 )	0.842424750886819	0.0277187495068125	0.915309489548784	0.0216519098390312 - 0.0337855891745937	0.00309532636111288	2.09116188143454e-07	tissue_D_0__Bacteria___D_1__Proteobacteria___D_2__Gammaproteobacteria___D_3__Oceanospirillales___D_4__Endozoicomonadaceae___D_5__Endozoicomonas	perc_dis	FALSE
BM_Delta	-	lambda=1 delta=MLkappa=1	99.4974657282383	100.354608585381	delta	delta : 1 (95% CI  0.255165909559593  -  NA )	0.599527565682465	0.0210181509612297	1.66885392664488	0.0123248105783789 - 0.0297114913440805	0.00443537774635247	0.000263793539432067	tissue_D_0__Bacteria___D_1__Proteobacteria___D_2__Gammaproteobacteria___D_3__Oceanospirillales___D_4__Endozoicomonadaceae___D_5__Endozoicomonas	perc_dis	FALSE
