model_name	compartment	branch_length_transformation	AIC	AICc	estimated_parameter	parameter_value	R2	slope	intercept	x_trait_slope_95CI	x_trait_slope_stdev	p	x_trait	y_trait	best_model
BM	-	lambda=1 delta=1kappa=1	189.934151583299	190.934151583299	None	All parameters fixed	0.0168804760840377	-0.132420652236548	176.501225805567	-0.681772934143293 - 0.416931629670198	0.280281776483034	0.644434773772901	tissue_D_0__Bacteria___D_1__Proteobacteria___D_2__Alphaproteobacteria___D_3__Rickettsiales___D_4__Midichloriaceae___D_5__MD3_55	observed_features_all	FALSE
BM_Lambda	-	lambda=ML delta=1kappa=1	176.918865402246	177.918865402246	lambda	lambda : 1e-06 (95% CI  NA  -  0.583857214572888 )	0.0560706096025924	-0.121245333285498	182.188514274146	-0.391673262302071 - 0.149182595731074	0.137973433171721	0.395484653549418	tissue_D_0__Bacteria___D_1__Proteobacteria___D_2__Alphaproteobacteria___D_3__Rickettsiales___D_4__Midichloriaceae___D_5__MD3_55	observed_features_all	TRUE
BM_Kappa	-	lambda=1 delta=1kappa=ML	184.238685766924	185.238685766924	kappa	kappa : 1e-06 (95% CI  NA  -  0.809658107717974 )	0.0833008413061512	-0.163480187999259	154.215230265305	-0.458287496790166 - 0.131327120791647	0.150411892240258	0.296830426774026	tissue_D_0__Bacteria___D_1__Proteobacteria___D_2__Alphaproteobacteria___D_3__Rickettsiales___D_4__Midichloriaceae___D_5__MD3_55	observed_features_all	FALSE
BM_Delta	-	lambda=1 delta=MLkappa=1	189.934151583299	190.934151583299	delta	delta : 1 (95% CI  0.294454155554999  -  NA )	0.0168804760840377	-0.132420652236548	176.501225805567	-0.681772934143293 - 0.416931629670198	0.280281776483034	0.644434773772901	tissue_D_0__Bacteria___D_1__Proteobacteria___D_2__Alphaproteobacteria___D_3__Rickettsiales___D_4__Midichloriaceae___D_5__MD3_55	observed_features_all	FALSE
