model_name	compartment	branch_length_transformation	AIC	AICc	estimated_parameter	parameter_value	R2	slope	intercept	x_trait_slope_95CI	x_trait_slope_stdev	p	x_trait	y_trait	best_model
BM	-	lambda=1 delta=1kappa=1	554.825554561271	555.104624328713	None	All parameters fixed	0.00294853012421044	-0.13404691182962	157.697368773864	-0.862400980727538 - 0.594307157068299	0.371609218825468	0.720034795551901	skeleton_D_0__Bacteria___D_1__Proteobacteria___D_2__Alphaproteobacteria___D_3__Rickettsiales___D_4__Midichloriaceae___D_5__MD3_55	observed_features_all	FALSE
BM_Lambda	-	lambda=ML delta=1kappa=1	531.408439095983	531.687508863425	lambda	lambda : 1e-06 (95% CI  NA  -  0.488297235478932 )	0.00726991886546565	-0.0804870240872776	150.055685224844	-0.358398456181757 - 0.197424408007202	0.14179154698698	0.573162406802212	skeleton_D_0__Bacteria___D_1__Proteobacteria___D_2__Alphaproteobacteria___D_3__Rickettsiales___D_4__Midichloriaceae___D_5__MD3_55	observed_features_all	TRUE
BM_Kappa	-	lambda=1 delta=1kappa=ML	544.52260969162	544.801679459061	kappa	kappa : 0.199207439421299 (95% CI  NA  -  0.69415876617445 )	0.0201319274584972	-0.15911620141304	154.131609505333	-0.487124824075397 - 0.168892421249317	0.167351338093039	0.346904045107602	skeleton_D_0__Bacteria___D_1__Proteobacteria___D_2__Alphaproteobacteria___D_3__Rickettsiales___D_4__Midichloriaceae___D_5__MD3_55	observed_features_all	FALSE
BM_Delta	-	lambda=1 delta=MLkappa=1	554.825554561271	555.104624328713	delta	delta : 1 (95% CI  0.411806309508878  -  NA )	0.00294853012421044	-0.13404691182962	157.697368773864	-0.862400980727538 - 0.594307157068299	0.371609218825468	0.720034795551901	skeleton_D_0__Bacteria___D_1__Proteobacteria___D_2__Alphaproteobacteria___D_3__Rickettsiales___D_4__Midichloriaceae___D_5__MD3_55	observed_features_all	FALSE
