model_name	compartment	branch_length_transformation	AIC	AICc	estimated_parameter	parameter_value	R2	slope	intercept	x_trait_slope_95CI	x_trait_slope_stdev	p	x_trait	y_trait	best_model
BM	-	lambda=1 delta=1kappa=1	-59.9199151349287	-59.6471878622014	None	All parameters fixed	0.102715656852584	-0.00478940794207045	0.182913090608922	-0.00892538732773331 - -0.000653428556407586	0.00211019356411371	0.0280691755396771	skeleton_D_0__Bacteria___D_1__Chloroflexi___D_2__Chloroflexia___D_3__Chloroflexales___D_4__Chloroflexaceae___D_5__Candidatus_Chlorothrix	dominance_all	FALSE
BM_Lambda	-	lambda=ML delta=1kappa=1	-93.5897786181	-93.3170513453727	lambda	lambda : 1e-06 (95% CI  NA  -  0.394746179768469 )	0.0361769313874899	-0.00211350344024351	0.15838471155946	-0.00530089610467508 - 0.00107388922418807	0.00162622074715897	0.200342542416754	skeleton_D_0__Bacteria___D_1__Chloroflexi___D_2__Chloroflexia___D_3__Chloroflexales___D_4__Chloroflexaceae___D_5__Candidatus_Chlorothrix	dominance_all	TRUE
BM_Kappa	-	lambda=1 delta=1kappa=ML	-70.3466828415757	-70.0739555688485	kappa	kappa : 0.258380464217759 (95% CI  NA  -  0.691773608659179 )	0.0391607591439	-0.0025331846324897	0.200446920160244	-0.00619938734020913 - 0.00113301807522973	0.00187051158557114	0.182410837878614	skeleton_D_0__Bacteria___D_1__Chloroflexi___D_2__Chloroflexia___D_3__Chloroflexales___D_4__Chloroflexaceae___D_5__Candidatus_Chlorothrix	dominance_all	FALSE
BM_Delta	-	lambda=1 delta=MLkappa=1	-59.9199151349287	-59.6471878622014	delta	delta : 1 (95% CI  0.420956501775374  -  NA )	0.102715656852584	-0.00478940794207045	0.182913090608922	-0.00892538732773331 - -0.000653428556407586	0.00211019356411371	0.0280691755396771	skeleton_D_0__Bacteria___D_1__Chloroflexi___D_2__Chloroflexia___D_3__Chloroflexales___D_4__Chloroflexaceae___D_5__Candidatus_Chlorothrix	dominance_all	FALSE
