model_name	compartment	branch_length_transformation	AIC	AICc	estimated_parameter	parameter_value	R2	slope	intercept	x_trait_slope_95CI	x_trait_slope_stdev	p	x_trait	y_trait	best_model
BM	-	lambda=1 delta=1kappa=1	-30.6540423927353	-29.8540423927353	None	All parameters fixed	0.0110851374781608	-0.00248191354944188	0.139126668167687	-0.0139685173156385 - 0.00900469021675475	0.00586051212561053	0.677570206568727	all_D_0__Bacteria___D_1__Proteobacteria___D_2__Alphaproteobacteria___D_3__Rhizobiales___D_4__Stappiaceae___D_5__Pseudovibrio	growth_rate_mm_per_year	FALSE
BM_Lambda	-	lambda=ML delta=1kappa=1	-38.9528983632934	-38.1528983632934	lambda	lambda : 1e-06 (95% CI  NA  -  0.898126351905504 )	0.0392422007248159	-0.00206074472334885	0.143181948003506	-0.00705706831854286 - 0.00293557887184516	0.00254914469142552	0.430713340125287	all_D_0__Bacteria___D_1__Proteobacteria___D_2__Alphaproteobacteria___D_3__Rhizobiales___D_4__Stappiaceae___D_5__Pseudovibrio	growth_rate_mm_per_year	TRUE
BM_Kappa	-	lambda=1 delta=1kappa=ML	-34.819077604509	-34.0190776045091	kappa	kappa : 0.254074179568519 (95% CI  NA  -  0.969176596458352 )	0.00248313963301646	-0.000730725631664818	0.130450367504996	-0.00790718074905225 - 0.00644572948572261	0.00366145669254461	0.844329316657076	all_D_0__Bacteria___D_1__Proteobacteria___D_2__Alphaproteobacteria___D_3__Rhizobiales___D_4__Stappiaceae___D_5__Pseudovibrio	growth_rate_mm_per_year	FALSE
BM_Delta	-	lambda=1 delta=MLkappa=1	-30.6540423927353	-29.8540423927353	delta	delta : 1 (95% CI  0.27770126562856  -  NA )	0.0110851374781608	-0.00248191354944188	0.139126668167687	-0.0139685173156385 - 0.00900469021675475	0.00586051212561053	0.677570206568727	all_D_0__Bacteria___D_1__Proteobacteria___D_2__Alphaproteobacteria___D_3__Rhizobiales___D_4__Stappiaceae___D_5__Pseudovibrio	growth_rate_mm_per_year	FALSE
