model_name	compartment	branch_length_transformation	AIC	AICc	estimated_parameter	parameter_value	R2	slope	intercept	x_trait_slope_95CI	x_trait_slope_stdev	p	x_trait	y_trait	best_model
BM	-	lambda=1 delta=1kappa=1	256.472692271191	256.797016595515	None	All parameters fixed	6.12790625851721e-05	0.00024740107511705	3.62072108430489	-0.00980098914409555 - 0.0102957912943296	0.0051267297036799	0.961764093856331	Mucus_enriched_Endozoicomonas_ASV_count	perc_dis	FALSE
BM_Lambda	-	lambda=ML delta=1kappa=1	237.532816936179	237.857141260503	lambda	lambda : 1e-06 (95% CI  NA  -  0.213090465609127 )	0.0211998343072006	0.00286329208912874	3.00007746633297	-0.00332271922834591 - 0.00904930340660338	0.00315612822320135	0.370009614812289	Mucus_enriched_Endozoicomonas_ASV_count	perc_dis	TRUE
BM_Kappa	-	lambda=1 delta=1kappa=ML	254.563425727562	254.887750051887	kappa	kappa : 0.565602083919123 (95% CI  NA  -  NA )	2.9098379904324e-05	0.000139350804015323	3.60993539351233	-0.0080742393480545 - 0.00835294095608515	0.00419060722044379	0.973646786854137	Mucus_enriched_Endozoicomonas_ASV_count	perc_dis	FALSE
BM_Delta	-	lambda=1 delta=MLkappa=1	256.472692271191	256.797016595515	delta	delta : 1 (95% CI  0.38271071955218  -  NA )	6.12790625851721e-05	0.00024740107511705	3.62072108430489	-0.00980098914409555 - 0.0102957912943296	0.0051267297036799	0.961764093856331	Mucus_enriched_Endozoicomonas_ASV_count	perc_dis	FALSE
