model_name	compartment	branch_length_transformation	AIC	AICc	estimated_parameter	parameter_value	R2	slope	intercept	x_trait_slope_95CI	x_trait_slope_stdev	p	x_trait	y_trait	best_model
BM	-	lambda=1 delta=1kappa=1	158.434478429701	159.034478429701	None	All parameters fixed	0.00142327626177202	-0.00328986988425343	3.69438235869831	-0.0405608884928493 - 0.0339811487243424	0.0190158258207122	0.86430263997126	mucus_D_0__Bacteria___D_1__Proteobacteria___D_2__Alphaproteobacteria___D_3__Rickettsiales___D_4__Midichloriaceae___D_5__MD3_55	perc_dis	FALSE
BM_Lambda	-	lambda=ML delta=1kappa=1	144.780825881947	145.380825881947	lambda	lambda : 1e-06 (95% CI  NA  -  0.34255937119439 )	0.00306546764630137	-0.00224357143574137	3.48057764588676	-0.0195485584395519 - 0.0150614155680691	0.00882907500194413	0.801880820737244	mucus_D_0__Bacteria___D_1__Proteobacteria___D_2__Alphaproteobacteria___D_3__Rickettsiales___D_4__Midichloriaceae___D_5__MD3_55	perc_dis	TRUE
BM_Kappa	-	lambda=1 delta=1kappa=ML	154.270143243098	154.870143243098	kappa	kappa : 1e-06 (95% CI  NA  -  0.948344522976875 )	0.0046009648038639	-0.00296165944699471	3.74964923273111	-0.021593497253767 - 0.0156701783597775	0.00950603969733278	0.758450270001482	mucus_D_0__Bacteria___D_1__Proteobacteria___D_2__Alphaproteobacteria___D_3__Rickettsiales___D_4__Midichloriaceae___D_5__MD3_55	perc_dis	FALSE
BM_Delta	-	lambda=1 delta=MLkappa=1	158.434478429701	159.034478429701	delta	delta : 1 (95% CI  0.323374391751063  -  NA )	0.00142327626177202	-0.00328986988425343	3.69438235869831	-0.0405608884928493 - 0.0339811487243424	0.0190158258207122	0.86430263997126	mucus_D_0__Bacteria___D_1__Proteobacteria___D_2__Alphaproteobacteria___D_3__Rickettsiales___D_4__Midichloriaceae___D_5__MD3_55	perc_dis	FALSE
