model_name	compartment	branch_length_transformation	AIC	AICc	estimated_parameter	parameter_value	R2	slope	intercept	x_trait_slope_95CI	x_trait_slope_stdev	p	x_trait	y_trait	best_model
BM	-	lambda=1 delta=1kappa=1	-44.3434711449483	-43.4203942218714	None	All parameters fixed	0.605858061449769	0.000449959215644442	0.107171797596105	0.000259848724749362 - 0.000640069706539523	9.69951484158574e-05	0.000383005698669336	skeleton_D_0__Bacteria___D_1__Proteobacteria___D_2__Alphaproteobacteria___D_3__Rhodospirillales___D_4__Terasakiellaceae___D_5__uncultured	growth_rate_mm_per_year	FALSE
BM_Lambda	-	lambda=ML delta=1kappa=1	-46.8829723687659	-45.959895445689	lambda	lambda : 0.893233947244831 (95% CI  0.17053363706995  -  NA )	0.460162181130573	0.000405777956598722	0.108028720234856	0.000175550722509085 - 0.00063600519068836	0.000117462874535529	0.00386970218465432	skeleton_D_0__Bacteria___D_1__Proteobacteria___D_2__Alphaproteobacteria___D_3__Rhodospirillales___D_4__Terasakiellaceae___D_5__uncultured	growth_rate_mm_per_year	TRUE
BM_Kappa	-	lambda=1 delta=1kappa=ML	-46.863731405052	-45.9406544819751	kappa	kappa : 0.409630806855955 (95% CI  NA  -  NA )	0.449255191558262	0.000423436228185834	0.11247435019624	0.000177847336191735 - 0.000669025120179934	0.000125300455099031	0.00449359813918226	skeleton_D_0__Bacteria___D_1__Proteobacteria___D_2__Alphaproteobacteria___D_3__Rhodospirillales___D_4__Terasakiellaceae___D_5__uncultured	growth_rate_mm_per_year	FALSE
BM_Delta	-	lambda=1 delta=MLkappa=1	-44.3434711449483	-43.4203942218714	delta	delta : 1 (95% CI  0.232465336780991  -  NA )	0.605858061449769	0.000449959215644442	0.107171797596105	0.000259848724749362 - 0.000640069706539523	9.69951484158574e-05	0.000383005698669336	skeleton_D_0__Bacteria___D_1__Proteobacteria___D_2__Alphaproteobacteria___D_3__Rhodospirillales___D_4__Terasakiellaceae___D_5__uncultured	growth_rate_mm_per_year	FALSE
