model_name	compartment	branch_length_transformation	AIC	AICc	estimated_parameter	parameter_value	R2	slope	intercept	x_trait_slope_95CI	x_trait_slope_stdev	p	x_trait	y_trait	best_model
BM	-	lambda=1 delta=1kappa=1	543.295594769462	543.581309055176	None	All parameters fixed	0.0184189532376712	46.2330551101097	143.639528677588	-54.6469384389639 - 147.113048659183	51.4693844638131	0.374047648311687	tissue_D_0__Bacteria___D_1__Tenericutes___D_2__Mollicutes___D_3__Mycoplasmatales___D_4__Mycoplasmataceae___D_5__Mycoplasma	observed_features_all	FALSE
BM_Lambda	-	lambda=ML delta=1kappa=1	517.511322473809	517.797036759523	lambda	lambda : 1e-06 (95% CI  NA  -  0.599026848164619 )	0.0264073688039289	42.7971630559048	144.249873679682	-34.8745526813873 - 120.468878793197	39.6284263965776	0.286179828461339	tissue_D_0__Bacteria___D_1__Tenericutes___D_2__Mollicutes___D_3__Mycoplasmatales___D_4__Mycoplasmataceae___D_5__Mycoplasma	observed_features_all	TRUE
BM_Kappa	-	lambda=1 delta=1kappa=ML	531.317092184528	531.602806470242	kappa	kappa : 0.172648558811503 (95% CI  NA  -  0.647432716175041 )	0.0450349530502902	58.8921020626632	134.875413700989	-22.1662519306175 - 139.950456055944	41.3563030577963	0.161658109056544	tissue_D_0__Bacteria___D_1__Tenericutes___D_2__Mollicutes___D_3__Mycoplasmatales___D_4__Mycoplasmataceae___D_5__Mycoplasma	observed_features_all	FALSE
BM_Delta	-	lambda=1 delta=MLkappa=1	543.295594769462	543.581309055176	delta	delta : 1 (95% CI  0.419640328714294  -  NA )	0.0184189532376712	46.2330551101097	143.639528677588	-54.6469384389639 - 147.113048659183	51.4693844638131	0.374047648311687	tissue_D_0__Bacteria___D_1__Tenericutes___D_2__Mollicutes___D_3__Mycoplasmatales___D_4__Mycoplasmataceae___D_5__Mycoplasma	observed_features_all	FALSE
