model_name	compartment	branch_length_transformation	AIC	AICc	estimated_parameter	parameter_value	R2	slope	intercept	x_trait_slope_95CI	x_trait_slope_stdev	p	x_trait	y_trait	best_model
BM	-	lambda=1 delta=1kappa=1	275.658459522392	275.951142449222	None	All parameters fixed	0.000283475356145485	0.00126699110442602	3.50356532191248	-0.0214884769269667 - 0.0240224591358188	0.0116099326690779	0.913619179549425	all_D_0__Bacteria___D_1__Proteobacteria___D_2__Gammaproteobacteria___D_3__Pseudomonadales___D_4__Pseudomonadaceae___D_5__Pseudomonas	perc_dis	FALSE
BM_Lambda	-	lambda=ML delta=1kappa=1	258.389264616602	258.681947543431	lambda	lambda : 1e-06 (95% CI  NA  -  0.25364938667729 )	0.00155894914711711	-0.0032455192133304	3.30242663709071	-0.0280860488050092 - 0.0215950103783484	0.0126737395875912	0.799137502626058	all_D_0__Bacteria___D_1__Proteobacteria___D_2__Gammaproteobacteria___D_3__Pseudomonadales___D_4__Pseudomonadaceae___D_5__Pseudomonas	perc_dis	TRUE
BM_Kappa	-	lambda=1 delta=1kappa=ML	273.882156514949	274.174839441778	kappa	kappa : 0.574619619073524 (95% CI  0.00978100302786147  -  NA )	0.00971914255701267	-0.00859208955688579	4.14658922402141	-0.0348219172190454 - 0.0176377381052738	0.0133825651337549	0.524338803912159	all_D_0__Bacteria___D_1__Proteobacteria___D_2__Gammaproteobacteria___D_3__Pseudomonadales___D_4__Pseudomonadaceae___D_5__Pseudomonas	perc_dis	FALSE
BM_Delta	-	lambda=1 delta=MLkappa=1	275.658459522392	275.951142449222	delta	delta : 1 (95% CI  0.384029574906296  -  NA )	0.000283475356145485	0.00126699110442602	3.50356532191248	-0.0214884769269667 - 0.0240224591358188	0.0116099326690779	0.913619179549425	all_D_0__Bacteria___D_1__Proteobacteria___D_2__Gammaproteobacteria___D_3__Pseudomonadales___D_4__Pseudomonadaceae___D_5__Pseudomonas	perc_dis	FALSE
