model_name	compartment	branch_length_transformation	AIC	AICc	estimated_parameter	parameter_value	R2	slope	intercept	x_trait_slope_95CI	x_trait_slope_stdev	p	x_trait	y_trait	best_model
BM	-	lambda=1 delta=1kappa=1	111.258087558097	111.779826688532	None	All parameters fixed	0.0154246145485403	0.00380293877087401	3.8787217191032	-0.00835296100311716 - 0.0159588385448652	0.00620198968060774	0.545524748337004	all_D_0__Bacteria___D_1__Proteobacteria___D_2__Gammaproteobacteria___D_3__Pseudomonadales___D_4__Pseudomonadaceae___D_5__Pseudomonas	depth	FALSE
BM_Lambda	-	lambda=ML delta=1kappa=1	108.054660822735	108.576399953169	lambda	lambda : 1e-06 (95% CI  NA  -  NA )	0.00509552841622396	-0.00245297777358502	4.14535173205394	-0.0161662198022208 - 0.0112602642550508	0.00699655205542642	0.728948528518336	all_D_0__Bacteria___D_1__Proteobacteria___D_2__Gammaproteobacteria___D_3__Pseudomonadales___D_4__Pseudomonadaceae___D_5__Pseudomonas	depth	FALSE
BM_Kappa	-	lambda=1 delta=1kappa=ML	104.48084989641	105.002589026845	kappa	kappa : 0.0701332412225593 (95% CI  NA  -  0.761038776031196 )	0.00117206436891843	0.000993180755264193	4.02643235984959	-0.0106065619081163 - 0.0125929234186447	0.00591823605274514	0.868133353670988	all_D_0__Bacteria___D_1__Proteobacteria___D_2__Gammaproteobacteria___D_3__Pseudomonadales___D_4__Pseudomonadaceae___D_5__Pseudomonas	depth	TRUE
BM_Delta	-	lambda=1 delta=MLkappa=1	111.258087558097	111.779826688532	delta	delta : 1 (95% CI  0.293510899881508  -  NA )	0.0154246145485403	0.00380293877087401	3.8787217191032	-0.00835296100311716 - 0.0159588385448652	0.00620198968060774	0.545524748337004	all_D_0__Bacteria___D_1__Proteobacteria___D_2__Gammaproteobacteria___D_3__Pseudomonadales___D_4__Pseudomonadaceae___D_5__Pseudomonas	depth	FALSE
