model_name	compartment	branch_length_transformation	AIC	AICc	estimated_parameter	parameter_value	R2	slope	intercept	x_trait_slope_95CI	x_trait_slope_stdev	p	x_trait	y_trait	best_model
BM	-	lambda=1 delta=1kappa=1	206.893006213139	207.750149070282	None	All parameters fixed	0.00254862030769057	0.0847827057812902	152.771220572021	-0.76402832051566 - 0.93359373207824	0.433066850151505	0.847415421887499	all_D_0__Bacteria___D_1__Proteobacteria___D_2__Alphaproteobacteria___D_3__Rhizobiales___D_4__Stappiaceae___D_5__Pseudovibrio	observed_features_all	FALSE
BM_Lambda	-	lambda=ML delta=1kappa=1	191.168475466895	192.025618324038	lambda	lambda : 1e-06 (95% CI  NA  -  0.600906431599299 )	0.000668546548484538	-0.0425987647092834	161.175194022406	-0.876081100664889 - 0.790883571246323	0.425246089773268	0.921532509440062	all_D_0__Bacteria___D_1__Proteobacteria___D_2__Alphaproteobacteria___D_3__Rhizobiales___D_4__Stappiaceae___D_5__Pseudovibrio	observed_features_all	TRUE
BM_Kappa	-	lambda=1 delta=1kappa=ML	198.775949861282	199.633092718425	kappa	kappa : 1e-06 (95% CI  NA  -  0.618583358738278 )	0.00371547516910233	0.106585839017117	136.480484001822	-0.776686155502716 - 0.98985783353695	0.450648976795833	0.816231453019198	all_D_0__Bacteria___D_1__Proteobacteria___D_2__Alphaproteobacteria___D_3__Rhizobiales___D_4__Stappiaceae___D_5__Pseudovibrio	observed_features_all	FALSE
BM_Delta	-	lambda=1 delta=MLkappa=1	206.893006213139	207.750149070282	delta	delta : 1 (95% CI  0.293170295965904  -  NA )	0.00254862030769057	0.0847827057812902	152.771220572021	-0.76402832051566 - 0.93359373207824	0.433066850151505	0.847415421887499	all_D_0__Bacteria___D_1__Proteobacteria___D_2__Alphaproteobacteria___D_3__Rhizobiales___D_4__Stappiaceae___D_5__Pseudovibrio	observed_features_all	FALSE
