model_name	compartment	branch_length_transformation	AIC	AICc	estimated_parameter	parameter_value	R2	slope	intercept	x_trait_slope_95CI	x_trait_slope_stdev	p	x_trait	y_trait	best_model
BM	-	lambda=1 delta=1kappa=1	412.754230902417	413.117867266054	None	All parameters fixed	0.0720744678070253	-0.334548071621919	149.057713124838	-0.738045697666414 - 0.0689495544225758	0.205866135736987	0.113381867477583	mucus_D_0__Bacteria___D_1__Proteobacteria___D_2__Gammaproteobacteria___D_3__Vibrionales___D_4__Vibrionaceae___D_5__Vibrio	observed_features_all	FALSE
BM_Lambda	-	lambda=ML delta=1kappa=1	406.101557799657	406.465194163293	lambda	lambda : 1e-06 (95% CI  NA  -  0.99756480509689 )	0.000393668124251581	0.0590939290125507	143.617441041824	-0.941847932476381 - 1.06003579050148	0.510684623208638	0.908559078747411	mucus_D_0__Bacteria___D_1__Proteobacteria___D_2__Gammaproteobacteria___D_3__Vibrionales___D_4__Vibrionaceae___D_5__Vibrio	observed_features_all	TRUE
BM_Kappa	-	lambda=1 delta=1kappa=ML	408.854475150194	409.218111513831	kappa	kappa : 0.621273732160118 (95% CI  0.134917722906186  -  0.997433039789871 )	0.027581642939822	-0.260568417490307	144.093377178012	-0.780630147798432 - 0.259493312817818	0.265337617504145	0.333023809505711	mucus_D_0__Bacteria___D_1__Proteobacteria___D_2__Gammaproteobacteria___D_3__Vibrionales___D_4__Vibrionaceae___D_5__Vibrio	observed_features_all	FALSE
BM_Delta	-	lambda=1 delta=MLkappa=1	412.754230902417	413.117867266054	delta	delta : 1 (95% CI  0.339236013735625  -  NA )	0.0720744678070253	-0.334548071621919	149.057713124838	-0.738045697666414 - 0.0689495544225758	0.205866135736987	0.113381867477583	mucus_D_0__Bacteria___D_1__Proteobacteria___D_2__Gammaproteobacteria___D_3__Vibrionales___D_4__Vibrionaceae___D_5__Vibrio	observed_features_all	FALSE
