model_name	compartment	branch_length_transformation	AIC	AICc	estimated_parameter	parameter_value	R2	slope	intercept	x_trait_slope_95CI	x_trait_slope_stdev	p	x_trait	y_trait	best_model
BM	-	lambda=1 delta=1kappa=1	111.049222641268	111.570961771703	None	All parameters fixed	0.023302286466863	-0.00475174892890094	4.16507838080455	-0.0170596714315033 - 0.00755617357370145	0.00627955229724612	0.456593129129434	tissue_D_0__Bacteria___D_1__Bacteroidetes___D_2__Bacteroidia___D_3__Flavobacteriales___D_4__Flavobacteriaceae___D_5__Maritimimonas	depth	FALSE
BM_Lambda	-	lambda=ML delta=1kappa=1	107.151755430265	107.6734945607	lambda	lambda : 1e-06 (95% CI  NA  -  0.979366151496438 )	0.039052676116172	-0.0169958100915124	4.08497281746389	-0.0507258388312867 - 0.0167342186482619	0.0172091983366195	0.333201173630054	tissue_D_0__Bacteria___D_1__Bacteroidetes___D_2__Bacteroidia___D_3__Flavobacteriales___D_4__Flavobacteriaceae___D_5__Maritimimonas	depth	FALSE
BM_Kappa	-	lambda=1 delta=1kappa=ML	104.461079670089	104.982818800524	kappa	kappa : 0.036631650392816 (95% CI  NA  -  0.755500350497093 )	0.0020486525772013	0.00279899721095016	4.06678622408609	-0.0219167328587725 - 0.0275147272806728	0.0126100663621034	0.826218819870381	tissue_D_0__Bacteria___D_1__Bacteroidetes___D_2__Bacteroidia___D_3__Flavobacteriales___D_4__Flavobacteriaceae___D_5__Maritimimonas	depth	TRUE
BM_Delta	-	lambda=1 delta=MLkappa=1	111.049222641268	111.570961771703	delta	delta : 1 (95% CI  0.299130343427159  -  NA )	0.023302286466863	-0.00475174892890094	4.16507838080455	-0.0170596714315033 - 0.00755617357370145	0.00627955229724612	0.456593129129434	tissue_D_0__Bacteria___D_1__Bacteroidetes___D_2__Bacteroidia___D_3__Flavobacteriales___D_4__Flavobacteriaceae___D_5__Maritimimonas	depth	FALSE
