model_name	compartment	branch_length_transformation	AIC	AICc	estimated_parameter	parameter_value	R2	slope	intercept	x_trait_slope_95CI	x_trait_slope_stdev	p	x_trait	y_trait	best_model
BM	-	lambda=1 delta=1kappa=1	111.618708467656	112.140447598091	None	All parameters fixed	0.00167337487335264	-0.00175884439581404	4.18140441812666	-0.0189465368841577 - 0.0154288480925296	0.00876923086139983	0.842724813686814	skeleton_D_0__Bacteria___D_1__Firmicutes___D_2__Clostridia___D_3__Clostridiales___D_4__Clostridiaceae_4___D_5__Paramaledivibacter	depth	FALSE
BM_Lambda	-	lambda=ML delta=1kappa=1	107.519040304171	108.040779434606	lambda	lambda : 1e-06 (95% CI  NA  -  0.995026428762502 )	0.025381672956083	-0.00783509751012609	4.13705671837869	-0.027259694683347 - 0.0115894996630948	0.0099105087618474	0.436929278270491	skeleton_D_0__Bacteria___D_1__Firmicutes___D_2__Clostridia___D_3__Clostridiales___D_4__Clostridiaceae_4___D_5__Paramaledivibacter	depth	FALSE
BM_Kappa	-	lambda=1 delta=1kappa=ML	103.843477648873	104.365216779308	kappa	kappa : 0.00410490295265903 (95% CI  NA  -  0.692211532617739 )	0.0262886748388252	-0.00729447628593198	4.2329389071895	-0.0250558000340612 - 0.0104668474621972	0.0090618998714945	0.428745055577386	skeleton_D_0__Bacteria___D_1__Firmicutes___D_2__Clostridia___D_3__Clostridiales___D_4__Clostridiaceae_4___D_5__Paramaledivibacter	depth	TRUE
BM_Delta	-	lambda=1 delta=MLkappa=1	111.618708467656	112.140447598091	delta	delta : 1 (95% CI  0.303319213222332  -  NA )	0.00167337487335264	-0.00175884439581404	4.18140441812666	-0.0189465368841577 - 0.0154288480925296	0.00876923086139983	0.842724813686814	skeleton_D_0__Bacteria___D_1__Firmicutes___D_2__Clostridia___D_3__Clostridiales___D_4__Clostridiaceae_4___D_5__Paramaledivibacter	depth	FALSE
