model_name	compartment	branch_length_transformation	AIC	AICc	estimated_parameter	parameter_value	R2	slope	intercept	x_trait_slope_95CI	x_trait_slope_stdev	p	x_trait	y_trait	best_model
BM	-	lambda=1 delta=1kappa=1	-30.1200420065023	-29.2628991493595	None	All parameters fixed	0.181859342704221	-0.00757376634556746	0.156005353564069	-0.0157033541068714 - 0.000555821415736483	0.00414774885780814	0.0878217969113817	mucus_D_0__Bacteria___D_1__Proteobacteria___D_2__Alphaproteobacteria___D_3__Rickettsiales___D_4__Midichloriaceae___D_5__MD3_55	growth_rate_mm_per_year	FALSE
BM_Lambda	-	lambda=ML delta=1kappa=1	-40.2877926487123	-39.4306497915695	lambda	lambda : 1e-06 (95% CI  NA  -  0.753961905743593 )	0.194329348604203	-0.00509637725359693	0.156179572653131	-0.0103478556700579 - 0.000155101162864089	0.00267932572268419	0.076536323224937	mucus_D_0__Bacteria___D_1__Proteobacteria___D_2__Alphaproteobacteria___D_3__Rickettsiales___D_4__Midichloriaceae___D_5__MD3_55	growth_rate_mm_per_year	TRUE
BM_Kappa	-	lambda=1 delta=1kappa=ML	-34.8875966271544	-34.0304537700115	kappa	kappa : 0.117996797405282 (95% CI  NA  -  0.901041284728741 )	0.165347575057656	-0.00479444903080632	0.14837138261012	-0.0102457864298878 - 0.000656888368275142	0.00278129459136809	0.105282712657221	mucus_D_0__Bacteria___D_1__Proteobacteria___D_2__Alphaproteobacteria___D_3__Rickettsiales___D_4__Midichloriaceae___D_5__MD3_55	growth_rate_mm_per_year	FALSE
BM_Delta	-	lambda=1 delta=MLkappa=1	-30.1200420065023	-29.2628991493595	delta	delta : 1 (95% CI  0.273279949664546  -  NA )	0.181859342704221	-0.00757376634556746	0.156005353564069	-0.0157033541068714 - 0.000555821415736483	0.00414774885780814	0.0878217969113817	mucus_D_0__Bacteria___D_1__Proteobacteria___D_2__Alphaproteobacteria___D_3__Rickettsiales___D_4__Midichloriaceae___D_5__MD3_55	growth_rate_mm_per_year	FALSE
