model_name	compartment	branch_length_transformation	AIC	AICc	estimated_parameter	parameter_value	R2	slope	intercept	x_trait_slope_95CI	x_trait_slope_stdev	p	x_trait	y_trait	best_model
BM	-	lambda=1 delta=1kappa=1	-30.8620722554994	-30.0620722554994	None	All parameters fixed	0.0224484481712819	-0.000240635907855243	0.13766508802764	-0.00101873191411497 - 0.000537460098404483	0.000396987758295779	0.552915502833194	tissue_D_0__Bacteria___D_1__Proteobacteria___D_2__Gammaproteobacteria___D_3__Betaproteobacteriales___D_4__Burkholderiaceae___D_5__Aquabacterium	growth_rate_mm_per_year	FALSE
BM_Lambda	-	lambda=ML delta=1kappa=1	-39.9531115213831	-39.1531115213832	lambda	lambda : 1e-06 (95% CI  NA  -  0.801484069898706 )	0.0911728249502611	0.000466538382211761	0.113381594011412	-0.000255219284231912 - 0.00118829604865543	0.000368243707369221	0.223312874812494	tissue_D_0__Bacteria___D_1__Proteobacteria___D_2__Gammaproteobacteria___D_3__Betaproteobacteriales___D_4__Burkholderiaceae___D_5__Aquabacterium	growth_rate_mm_per_year	TRUE
BM_Kappa	-	lambda=1 delta=1kappa=ML	-34.7778678560066	-33.9778678560066	kappa	kappa : 0.239281700147771 (95% CI  NA  -  0.992754790093656 )	0.000224624040304657	2.45761212034827e-05	0.125507598769309	-0.000778825161786155 - 0.000827977404193121	0.000409898613770223	0.952932717432867	tissue_D_0__Bacteria___D_1__Proteobacteria___D_2__Gammaproteobacteria___D_3__Betaproteobacteriales___D_4__Burkholderiaceae___D_5__Aquabacterium	growth_rate_mm_per_year	FALSE
BM_Delta	-	lambda=1 delta=MLkappa=1	-30.8620722554994	-30.0620722554994	delta	delta : 1 (95% CI  0.26382104237805  -  NA )	0.0224484481712819	-0.000240635907855243	0.13766508802764	-0.00101873191411497 - 0.000537460098404483	0.000396987758295779	0.552915502833194	tissue_D_0__Bacteria___D_1__Proteobacteria___D_2__Gammaproteobacteria___D_3__Betaproteobacteriales___D_4__Burkholderiaceae___D_5__Aquabacterium	growth_rate_mm_per_year	FALSE
