model_name	compartment	branch_length_transformation	AIC	AICc	estimated_parameter	parameter_value	R2	slope	intercept	x_trait_slope_95CI	x_trait_slope_stdev	p	x_trait	y_trait	best_model
BM	-	lambda=1 delta=1kappa=1	-50.155416687397	-49.8697024016827	None	All parameters fixed	0.51768017859406	0.000630052153856714	0.125446422836669	0.000448276744717259 - 0.000811827562996169	9.27425556833953e-05	2.56311811774879e-08	tissue_D_0__Bacteria___D_1__Proteobacteria___D_2__Gammaproteobacteria___D_3__Oceanospirillales___D_4__Endozoicomonadaceae___D_5__Endozoicomonas	dominance_tissue	FALSE
BM_Lambda	-	lambda=ML delta=1kappa=1	-87.6788784226428	-87.3931641369285	lambda	lambda : 1e-06 (95% CI  NA  -  0.588663551739053 )	0.593224535787573	0.000669914838033209	0.104380814520518	0.000504105394107334 - 0.000835724281959083	8.45966550642218e-05	6.17739193131683e-10	tissue_D_0__Bacteria___D_1__Proteobacteria___D_2__Gammaproteobacteria___D_3__Oceanospirillales___D_4__Endozoicomonadaceae___D_5__Endozoicomonas	dominance_tissue	TRUE
BM_Kappa	-	lambda=1 delta=1kappa=ML	-72.9663850336038	-72.6806707478895	kappa	kappa : 0.225348315903438 (95% CI  NA  -  0.539267521091377 )	0.609634793288705	0.000648768081361449	0.151384100049936	0.000493596567592817 - 0.00080393959513008	7.91691396778733e-05	2.51646703475217e-10	tissue_D_0__Bacteria___D_1__Proteobacteria___D_2__Gammaproteobacteria___D_3__Oceanospirillales___D_4__Endozoicomonadaceae___D_5__Endozoicomonas	dominance_tissue	FALSE
BM_Delta	-	lambda=1 delta=MLkappa=1	-50.155416687397	-49.8697024016827	delta	delta : 1 (95% CI  0.435538885291692  -  NA )	0.51768017859406	0.000630052153856714	0.125446422836669	0.000448276744717259 - 0.000811827562996169	9.27425556833953e-05	2.56311811774879e-08	tissue_D_0__Bacteria___D_1__Proteobacteria___D_2__Gammaproteobacteria___D_3__Oceanospirillales___D_4__Endozoicomonadaceae___D_5__Endozoicomonas	dominance_tissue	FALSE
