model_name	compartment	branch_length_transformation	AIC	AICc	estimated_parameter	parameter_value	R2	slope	intercept	x_trait_slope_95CI	x_trait_slope_stdev	p	x_trait	y_trait	best_model
BM	-	lambda=1 delta=1kappa=1	101.884259235832	102.741402092975	None	All parameters fixed	0.107829446530443	3.42904848228093	6.20848511637969	-1.56254629725166 - 8.42064326181351	2.54673203037377	0.198152058224912	tissue_weighted_unifrac_ordination_PC2	perc_dis	FALSE
BM_Lambda	-	lambda=ML delta=1kappa=1	99.8698718341294	100.727014691272	lambda	lambda : 0.0714298658785429 (95% CI  NA  -  NA )	0.116121621245125	5.49474192052628	4.78129383822765	-2.17706122984475 - 13.1665450708973	3.91418528080155	0.180741851043868	tissue_weighted_unifrac_ordination_PC2	perc_dis	TRUE
BM_Kappa	-	lambda=1 delta=1kappa=ML	100.644276033146	101.501418890289	kappa	kappa : 0.683060833703634 (95% CI  NA  -  NA )	0.114616508450791	3.91550566838961	6.40178206999747	-1.59181572627668 - 9.42282706305589	2.80985785442157	0.18377719378765	tissue_weighted_unifrac_ordination_PC2	perc_dis	FALSE
BM_Delta	-	lambda=1 delta=MLkappa=1	101.884259235832	102.741402092975	delta	delta : 1 (95% CI  0.242651739949769  -  NA )	0.107829446530443	3.42904848228093	6.20848511637969	-1.56254629725166 - 8.42064326181351	2.54673203037377	0.198152058224912	tissue_weighted_unifrac_ordination_PC2	perc_dis	FALSE
