model_name	compartment	branch_length_transformation	AIC	AICc	estimated_parameter	parameter_value	R2	slope	intercept	x_trait_slope_95CI	x_trait_slope_stdev	p	x_trait	y_trait	best_model
BM	-	lambda=1 delta=1kappa=1	311.94048077748	312.462219907915	None	All parameters fixed	0.032990262735194	0.431406755318583	131.037702142568	-0.503051549996789 - 1.36586506063396	0.476764441487435	0.374532001939714	all_D_0__Bacteria___D_1__Bacteroidetes___D_2__Chlorobia___D_3__Chlorobiales___D_4__Chlorobiaceae___D_5__Prosthecochloris	observed_features_all	FALSE
BM_Lambda	-	lambda=ML delta=1kappa=1	290.558080789368	291.079819919803	lambda	lambda : 1e-06 (95% CI  NA  -  0.628086108336507 )	0.0500611838717142	0.798216048077788	136.862281714292	-0.592915387774437 - 2.18934748393001	0.709760936659298	0.271869760944447	all_D_0__Bacteria___D_1__Bacteroidetes___D_2__Chlorobia___D_3__Chlorobiales___D_4__Chlorobiaceae___D_5__Prosthecochloris	observed_features_all	TRUE
BM_Kappa	-	lambda=1 delta=1kappa=ML	297.363902562251	297.885641692686	kappa	kappa : 1e-06 (95% CI  NA  -  0.451607798063545 )	0.00562952579253483	0.234980206261919	118.535300461349	-1.01447282416523 - 1.48443323668906	0.637476035932216	0.715649914543946	all_D_0__Bacteria___D_1__Bacteroidetes___D_2__Chlorobia___D_3__Chlorobiales___D_4__Chlorobiaceae___D_5__Prosthecochloris	observed_features_all	FALSE
BM_Delta	-	lambda=1 delta=MLkappa=1	311.94048077748	312.462219907915	delta	delta : 1 (95% CI  0.353036077028573  -  NA )	0.032990262735194	0.431406755318583	131.037702142568	-0.503051549996789 - 1.36586506063396	0.476764441487435	0.374532001939714	all_D_0__Bacteria___D_1__Bacteroidetes___D_2__Chlorobia___D_3__Chlorobiales___D_4__Chlorobiaceae___D_5__Prosthecochloris	observed_features_all	FALSE
