model_name	compartment	branch_length_transformation	AIC	AICc	estimated_parameter	parameter_value	R2	slope	intercept	x_trait_slope_95CI	x_trait_slope_stdev	p	x_trait	y_trait	best_model
BM	-	lambda=1 delta=1kappa=1	-32.0911861733244	-31.830316608107	None	All parameters fixed	0.119965220028122	0.000570154036496593	0.167805776192578	0.000128663309228927 - 0.00101164476376426	0.000225250371054931	0.0147721797696156	all_D_0__Bacteria___D_1__Bacteroidetes___D_2__Bacteroidia___D_3__Bacteroidales___D_4__Rikenellaceae___D_5__Rikenellaceae_RC9_gut_group	dominance_all	FALSE
BM_Lambda	-	lambda=ML delta=1kappa=1	-82.7043897725645	-82.4435202073471	lambda	lambda : 1e-06 (95% CI  NA  -  0.419415626178775 )	0.0601872291163505	0.000394248165898061	0.154868760685229	-5.11468165128673e-05 - 0.000839643148308989	0.000227242337964759	0.0893083501545124	all_D_0__Bacteria___D_1__Bacteroidetes___D_2__Bacteroidia___D_3__Bacteroidales___D_4__Rikenellaceae___D_5__Rikenellaceae_RC9_gut_group	dominance_all	TRUE
BM_Kappa	-	lambda=1 delta=1kappa=ML	-64.559741725276	-64.2988721600587	kappa	kappa : 1e-06 (95% CI  NA  -  0.302580094486977 )	0.121126706179125	0.000557892306111015	0.198064661944668	0.000128256276352142 - 0.000987528335869888	0.000219202055999425	0.0142664665533507	all_D_0__Bacteria___D_1__Bacteroidetes___D_2__Bacteroidia___D_3__Bacteroidales___D_4__Rikenellaceae___D_5__Rikenellaceae_RC9_gut_group	dominance_all	FALSE
BM_Delta	-	lambda=1 delta=MLkappa=1	-32.0911861733244	-31.830316608107	delta	delta : 1 (95% CI  0.468067191142482  -  NA )	0.119965220028122	0.000570154036496593	0.167805776192578	0.000128663309228927 - 0.00101164476376426	0.000225250371054931	0.0147721797696156	all_D_0__Bacteria___D_1__Bacteroidetes___D_2__Bacteroidia___D_3__Bacteroidales___D_4__Rikenellaceae___D_5__Rikenellaceae_RC9_gut_group	dominance_all	FALSE
