model_name	compartment	branch_length_transformation	AIC	AICc	estimated_parameter	parameter_value	R2	slope	intercept	x_trait_slope_95CI	x_trait_slope_stdev	p	x_trait	y_trait	best_model
BM	-	lambda=1 delta=1kappa=1	-30.6733078212431	-29.8733078212431	None	All parameters fixed	0.012143008400275	-9.52260665654894e-05	0.130280110554363	-0.000516084289332088 - 0.000325632156201109	0.000214723583044183	0.663355405310494	skeleton_D_0__Bacteria___D_1__Bacteroidetes___D_2__Bacteroidia___D_3__Cytophagales___D_4__Amoebophilaceae___D_5__Candidatus_Amoebophilus	growth_rate_mm_per_year	FALSE
BM_Lambda	-	lambda=ML delta=1kappa=1	-38.6940460246536	-37.8940460246536	lambda	lambda : 1e-06 (95% CI  NA  -  0.915827446174256 )	0.0253260227276457	0.000192922930721205	0.128858482789162	-0.000393520492456557 - 0.000779366353898968	0.00029920582815192	0.528205031166362	skeleton_D_0__Bacteria___D_1__Bacteroidetes___D_2__Bacteroidia___D_3__Cytophagales___D_4__Amoebophilaceae___D_5__Candidatus_Amoebophilus	growth_rate_mm_per_year	TRUE
BM_Kappa	-	lambda=1 delta=1kappa=ML	-34.785071378162	-33.985071378162	kappa	kappa : 0.23454139747448 (95% CI  NA  -  0.974333559262809 )	0.000673945148438744	2.82580405313483e-05	0.125284580942331	-0.00050492883841394 - 0.000561444919476637	0.000272034121910861	0.918558039186022	skeleton_D_0__Bacteria___D_1__Bacteroidetes___D_2__Bacteroidia___D_3__Cytophagales___D_4__Amoebophilaceae___D_5__Candidatus_Amoebophilus	growth_rate_mm_per_year	FALSE
BM_Delta	-	lambda=1 delta=MLkappa=1	-30.6733078212431	-29.8733078212431	delta	delta : 1 (95% CI  0.274140574786329  -  NA )	0.012143008400275	-9.52260665654894e-05	0.130280110554363	-0.000516084289332088 - 0.000325632156201109	0.000214723583044183	0.663355405310494	skeleton_D_0__Bacteria___D_1__Bacteroidetes___D_2__Bacteroidia___D_3__Cytophagales___D_4__Amoebophilaceae___D_5__Candidatus_Amoebophilus	growth_rate_mm_per_year	FALSE
