model_name	compartment	branch_length_transformation	AIC	AICc	estimated_parameter	parameter_value	R2	slope	intercept	x_trait_slope_95CI	x_trait_slope_stdev	p	x_trait	y_trait	best_model
BM	-	lambda=1 delta=1kappa=1	-24.0719252073284	-23.7862109216141	None	All parameters fixed	0.00347506813506537	7.85782932852966e-05	0.167982055309921	-0.000319150339755219 - 0.000476306926325813	0.000202922771959447	0.700494118059436	mucus_D_0__Bacteria___D_1__Proteobacteria___D_2__Gammaproteobacteria___D_3__Pseudomonadales___D_4__Pseudomonadaceae___D_5__Pseudomonas	dominance_all	FALSE
BM_Lambda	-	lambda=ML delta=1kappa=1	-75.4055006106356	-75.1197863249213	lambda	lambda : 1e-06 (95% CI  NA  -  0.29318548385893 )	0.00725204907878837	0.000120225822606788	0.154984561238715	-0.000300218733114782 - 0.000540670378328358	0.000214512528429372	0.578073972970516	mucus_D_0__Bacteria___D_1__Proteobacteria___D_2__Gammaproteobacteria___D_3__Pseudomonadales___D_4__Pseudomonadaceae___D_5__Pseudomonas	dominance_all	TRUE
BM_Kappa	-	lambda=1 delta=1kappa=ML	-55.5566762988335	-55.2709620131192	kappa	kappa : 1e-06 (95% CI  NA  -  0.29952814901522 )	8.3259144050825e-05	-1.31360490342018e-05	0.209251813062792	-0.000443417429539232 - 0.000417145331470828	0.000219531316584199	0.952562861534193	mucus_D_0__Bacteria___D_1__Proteobacteria___D_2__Gammaproteobacteria___D_3__Pseudomonadales___D_4__Pseudomonadaceae___D_5__Pseudomonas	dominance_all	FALSE
BM_Delta	-	lambda=1 delta=MLkappa=1	-24.0719252073284	-23.7862109216141	delta	delta : 1 (95% CI  0.464659309705815  -  NA )	0.00347506813506537	7.85782932852966e-05	0.167982055309921	-0.000319150339755219 - 0.000476306926325813	0.000202922771959447	0.700494118059436	mucus_D_0__Bacteria___D_1__Proteobacteria___D_2__Gammaproteobacteria___D_3__Pseudomonadales___D_4__Pseudomonadaceae___D_5__Pseudomonas	dominance_all	FALSE
