model_name	compartment	branch_length_transformation	AIC	AICc	estimated_parameter	parameter_value	R2	slope	intercept	x_trait_slope_95CI	x_trait_slope_stdev	p	x_trait	y_trait	best_model
BM	-	lambda=1 delta=1kappa=1	249.628554666279	249.961887999613	None	All parameters fixed	0.0513034240018922	-0.0159971139167491	4.5059972723826	-0.0381631143742695 - 0.00616888654077129	0.0113091839068982	0.165568740786732	tissue_D_0__Bacteria___D_1__Proteobacteria___D_2__Gammaproteobacteria___D_3__Pseudomonadales___D_4__Pseudomonadaceae___D_5__Pseudomonas	perc_dis	FALSE
BM_Lambda	-	lambda=ML delta=1kappa=1	231.471339584872	231.804672918205	lambda	lambda : 1e-06 (95% CI  NA  -  0.29152694805245 )	0.0334441720525023	-0.0155884467511768	4.13727459970845	-0.0425914022393156 - 0.0114145087369621	0.0137770181061933	0.265132776432674	tissue_D_0__Bacteria___D_1__Proteobacteria___D_2__Gammaproteobacteria___D_3__Pseudomonadales___D_4__Pseudomonadaceae___D_5__Pseudomonas	perc_dis	TRUE
BM_Kappa	-	lambda=1 delta=1kappa=ML	243.782258376922	244.115591710255	kappa	kappa : 0.328827856935269 (95% CI  NA  -  0.861882533449886 )	0.129993155238584	-0.0314985066810202	5.30959129808756	-0.0577555769336044 - -0.00524143642843593	0.0133964644145838	0.0241467296571019	tissue_D_0__Bacteria___D_1__Proteobacteria___D_2__Gammaproteobacteria___D_3__Pseudomonadales___D_4__Pseudomonadaceae___D_5__Pseudomonas	perc_dis	FALSE
BM_Delta	-	lambda=1 delta=MLkappa=1	249.628554666279	249.961887999613	delta	delta : 1 (95% CI  0.385762579125084  -  NA )	0.0513034240018922	-0.0159971139167491	4.5059972723826	-0.0381631143742695 - 0.00616888654077129	0.0113091839068982	0.165568740786732	tissue_D_0__Bacteria___D_1__Proteobacteria___D_2__Gammaproteobacteria___D_3__Pseudomonadales___D_4__Pseudomonadaceae___D_5__Pseudomonas	perc_dis	FALSE
