model_name	compartment	branch_length_transformation	AIC	AICc	estimated_parameter	parameter_value	R2	slope	intercept	x_trait_slope_95CI	x_trait_slope_stdev	p	x_trait	y_trait	best_model
BM	-	lambda=1 delta=1kappa=1	586.948187736026	587.209057301243	None	All parameters fixed	0.0397835434272241	-1.24624170902925	154.175256066164	-2.99666170478991 - 0.504178286731406	0.8930714264085	0.169437043175544	all_D_0__Bacteria___D_1__Proteobacteria___D_2__Gammaproteobacteria___D_3__Vibrionales___D_4__Vibrionaceae___D_5__Vibrio	observed_features_all	FALSE
BM_Lambda	-	lambda=ML delta=1kappa=1	566.364675374947	566.625544940164	lambda	lambda : 1e-06 (95% CI  NA  -  0.531447624719815 )	0.00250102767102708	0.560932635262912	144.0866774692	-2.64175682554204 - 3.76362209606786	1.63402523510456	0.732916609282496	all_D_0__Bacteria___D_1__Proteobacteria___D_2__Gammaproteobacteria___D_3__Vibrionales___D_4__Vibrionaceae___D_5__Vibrio	observed_features_all	TRUE
BM_Kappa	-	lambda=1 delta=1kappa=ML	577.126761165534	577.387630730752	kappa	kappa : 0.253843003644644 (95% CI  NA  -  0.738748367562227 )	0.00258334882935264	-0.441469523800974	140.411727060509	-2.92148648540189 - 2.03854743779995	1.265314776327	0.728721926245033	all_D_0__Bacteria___D_1__Proteobacteria___D_2__Gammaproteobacteria___D_3__Vibrionales___D_4__Vibrionaceae___D_5__Vibrio	observed_features_all	FALSE
BM_Delta	-	lambda=1 delta=MLkappa=1	586.948187736026	587.209057301243	delta	delta : 1 (95% CI  0.411430513204751  -  NA )	0.0397835434272241	-1.24624170902925	154.175256066164	-2.99666170478991 - 0.504178286731406	0.8930714264085	0.169437043175544	all_D_0__Bacteria___D_1__Proteobacteria___D_2__Gammaproteobacteria___D_3__Vibrionales___D_4__Vibrionaceae___D_5__Vibrio	observed_features_all	FALSE
