model_name	compartment	branch_length_transformation	AIC	AICc	estimated_parameter	parameter_value	R2	slope	intercept	x_trait_slope_95CI	x_trait_slope_stdev	p	x_trait	y_trait	best_model
BM	-	lambda=1 delta=1kappa=1	-31.8603632120111	-31.0603632120111	None	All parameters fixed	0.0751880493803082	0.000512343516463918	0.0974775215795067	-0.000368116487466826 - 0.00139280352039466	0.000449214287719767	0.270849772472598	all_D_0__Bacteria___D_1__Proteobacteria___D_2__Gammaproteobacteria___D_3__Betaproteobacteriales___D_4__Burkholderiaceae___D_5__Aquabacterium	growth_rate_mm_per_year	FALSE
BM_Lambda	-	lambda=ML delta=1kappa=1	-44.0100506047869	-43.2100506047869	lambda	lambda : 1e-06 (95% CI  NA  -  0.657662208454967 )	0.274566472571316	0.000930775539666888	0.0800631618446386	0.000189437813922009 - 0.00167211326541177	0.000378233533543306	0.0256102920386538	all_D_0__Bacteria___D_1__Proteobacteria___D_2__Gammaproteobacteria___D_3__Betaproteobacteriales___D_4__Burkholderiaceae___D_5__Aquabacterium	growth_rate_mm_per_year	TRUE
BM_Kappa	-	lambda=1 delta=1kappa=ML	-37.5966257506771	-36.7966257506771	kappa	kappa : 0.021297426868093 (95% CI  NA  -  0.819164781766122 )	0.163804138782311	0.00079935304654799	0.0836947423777909	-8.56123429321904e-05 - 0.00168431843602817	0.000451512953816419	0.0957106961250105	all_D_0__Bacteria___D_1__Proteobacteria___D_2__Gammaproteobacteria___D_3__Betaproteobacteriales___D_4__Burkholderiaceae___D_5__Aquabacterium	growth_rate_mm_per_year	FALSE
BM_Delta	-	lambda=1 delta=MLkappa=1	-31.8603632120111	-31.0603632120111	delta	delta : 1 (95% CI  0.290791726964061  -  NA )	0.0751880493803082	0.000512343516463918	0.0974775215795067	-0.000368116487466826 - 0.00139280352039466	0.000449214287719767	0.270849772472598	all_D_0__Bacteria___D_1__Proteobacteria___D_2__Gammaproteobacteria___D_3__Betaproteobacteriales___D_4__Burkholderiaceae___D_5__Aquabacterium	growth_rate_mm_per_year	FALSE
