model_name	compartment	branch_length_transformation	AIC	AICc	estimated_parameter	parameter_value	R2	slope	intercept	x_trait_slope_95CI	x_trait_slope_stdev	p	x_trait	y_trait	best_model
BM	-	lambda=1 delta=1kappa=1	275.669500659328	275.962183586157	None	All parameters fixed	3.25800817802273e-05	-0.00188861702106407	3.6040599911492	-0.101955913301964 - 0.098178679259836	0.0510547430004593	0.970666652451657	all_D_0__Bacteria___D_1__Proteobacteria___D_2__Gammaproteobacteria___D_3__Vibrionales___D_4__Vibrionaceae___D_5__Vibrio	perc_dis	FALSE
BM_Lambda	-	lambda=ML delta=1kappa=1	258.365709934205	258.658392861034	lambda	lambda : 1e-06 (95% CI  NA  -  0.252198258616412 )	0.0020933052377795	-0.0286991223883715	3.20585712303309	-0.218207638291606 - 0.160809393514863	0.0966880183179768	0.768065476962297	all_D_0__Bacteria___D_1__Proteobacteria___D_2__Gammaproteobacteria___D_3__Vibrionales___D_4__Vibrionaceae___D_5__Vibrio	perc_dis	TRUE
BM_Kappa	-	lambda=1 delta=1kappa=ML	274.222226269491	274.51490919632	kappa	kappa : 0.658583793551801 (95% CI  0.11757144798148  -  NA )	4.05569906831739e-06	-0.000833933834862958	3.55484021997819	-0.126069959987618 - 0.124402092317892	0.0638959317105894	0.9896485548862	all_D_0__Bacteria___D_1__Proteobacteria___D_2__Gammaproteobacteria___D_3__Vibrionales___D_4__Vibrionaceae___D_5__Vibrio	perc_dis	FALSE
BM_Delta	-	lambda=1 delta=MLkappa=1	275.669500659328	275.962183586157	delta	delta : 1 (95% CI  0.384605970682317  -  NA )	3.25800817802273e-05	-0.00188861702106407	3.6040599911492	-0.101955913301964 - 0.098178679259836	0.0510547430004593	0.970666652451657	all_D_0__Bacteria___D_1__Proteobacteria___D_2__Gammaproteobacteria___D_3__Vibrionales___D_4__Vibrionaceae___D_5__Vibrio	perc_dis	FALSE
