model_name	compartment	branch_length_transformation	AIC	AICc	estimated_parameter	parameter_value	R2	slope	intercept	x_trait_slope_95CI	x_trait_slope_stdev	p	x_trait	y_trait	best_model
BM	-	lambda=1 delta=1kappa=1	110.491297694782	111.013036825216	None	All parameters fixed	0.0440376306708179	-0.00195966102403853	4.154049780736	-0.00561257825159102 - 0.00169325620351396	0.00186373327936352	0.303514866347922	tissue_D_0__Bacteria___D_1__Proteobacteria___D_2__Alphaproteobacteria___D_3__Rhodospirillales___D_4__Terasakiellaceae___D_5__uncultured	depth	FALSE
BM_Lambda	-	lambda=ML delta=1kappa=1	105.892574794345	106.41431392478	lambda	lambda : 1e-06 (95% CI  NA  -  0.890740996967554 )	0.0844824176185543	-0.0068418871546476	4.12999559567853	-0.0158529607223669 - 0.00216918641307169	0.0045974865141425	0.149726262491988	tissue_D_0__Bacteria___D_1__Proteobacteria___D_2__Alphaproteobacteria___D_3__Rhodospirillales___D_4__Terasakiellaceae___D_5__uncultured	depth	FALSE
BM_Kappa	-	lambda=1 delta=1kappa=ML	104.352660315209	104.874399445644	kappa	kappa : 0.0835976311895586 (95% CI  NA  -  0.795167099732286 )	0.00624866231371955	-0.00136871930234023	4.08942987538742	-0.00827445858113136 - 0.0055370199764509	0.00352333636673017	0.701091177620504	tissue_D_0__Bacteria___D_1__Proteobacteria___D_2__Alphaproteobacteria___D_3__Rhodospirillales___D_4__Terasakiellaceae___D_5__uncultured	depth	TRUE
BM_Delta	-	lambda=1 delta=MLkappa=1	110.491297694782	111.013036825216	delta	delta : 1 (95% CI  0.298611251137717  -  NA )	0.0440376306708179	-0.00195966102403853	4.154049780736	-0.00561257825159102 - 0.00169325620351396	0.00186373327936352	0.303514866347922	tissue_D_0__Bacteria___D_1__Proteobacteria___D_2__Alphaproteobacteria___D_3__Rhodospirillales___D_4__Terasakiellaceae___D_5__uncultured	depth	FALSE
