model_name	compartment	branch_length_transformation	AIC	AICc	estimated_parameter	parameter_value	R2	slope	intercept	x_trait_slope_95CI	x_trait_slope_stdev	p	x_trait	y_trait	best_model
BM	-	lambda=1 delta=1kappa=1	106.775865566225	107.297604696659	None	All parameters fixed	0.171333888097291	0.00477064475301788	4.0627810010752	0.000573096641716192 - 0.00896819286431956	0.00214160617923555	0.0355406456815845	mucus_D_0__Bacteria___D_1__Proteobacteria___D_2__Alphaproteobacteria___D_3__Rhizobiales___D_4__Stappiaceae___D_5__Pseudovibrio	depth	FALSE
BM_Lambda	-	lambda=ML delta=1kappa=1	100.72945464871	101.251193779145	lambda	lambda : 0.0973684768232631 (95% CI  NA  -  0.943335412927902 )	0.268603393548578	0.00739235018996805	3.77712256037177	0.00251196944020687 - 0.0122727309397292	0.00248999017844958	0.00668201631358567	mucus_D_0__Bacteria___D_1__Proteobacteria___D_2__Alphaproteobacteria___D_3__Rhizobiales___D_4__Stappiaceae___D_5__Pseudovibrio	depth	TRUE
BM_Kappa	-	lambda=1 delta=1kappa=ML	101.275635558866	101.797374689301	kappa	kappa : 0.203882240008475 (95% CI  NA  -  0.864817634231665 )	0.123197335762151	0.00411254670473132	4.05719881401319	-0.000276918048148785 - 0.00850201145761142	0.00223952283310209	0.0787244270998544	mucus_D_0__Bacteria___D_1__Proteobacteria___D_2__Alphaproteobacteria___D_3__Rhizobiales___D_4__Stappiaceae___D_5__Pseudovibrio	depth	FALSE
BM_Delta	-	lambda=1 delta=MLkappa=1	106.775865566225	107.297604696659	delta	delta : 1 (95% CI  0.308714051488176  -  NA )	0.171333888097291	0.00477064475301788	4.0627810010752	0.000573096641716192 - 0.00896819286431956	0.00214160617923555	0.0355406456815845	mucus_D_0__Bacteria___D_1__Proteobacteria___D_2__Alphaproteobacteria___D_3__Rhizobiales___D_4__Stappiaceae___D_5__Pseudovibrio	depth	FALSE
