model_name	compartment	branch_length_transformation	AIC	AICc	estimated_parameter	parameter_value	R2	slope	intercept	x_trait_slope_95CI	x_trait_slope_stdev	p	x_trait	y_trait	best_model
BM	-	lambda=1 delta=1kappa=1	-65.0319538497961	-64.7462395640818	None	All parameters fixed	0.000252947264661607	0.0062283361764462	0.175061035308298	-0.110808874246082 - 0.123265546598974	0.0597128624604735	0.917412496506368	tissue_D_0__Bacteria___D_1__Tenericutes___D_2__Mollicutes___D_3__Mycoplasmatales___D_4__Mycoplasmataceae___D_5__Mycoplasma	dominance_all	FALSE
BM_Lambda	-	lambda=ML delta=1kappa=1	-89.8774241295573	-89.591709843843	lambda	lambda : 1e-06 (95% CI  NA  -  0.433665957970369 )	0.0114438105232102	-0.0327774228855043	0.161514831096782	-0.123834142071438 - 0.0582792963004294	0.0464575097887417	0.484281864457676	tissue_D_0__Bacteria___D_1__Tenericutes___D_2__Mollicutes___D_3__Mycoplasmatales___D_4__Mycoplasmataceae___D_5__Mycoplasma	dominance_all	TRUE
BM_Kappa	-	lambda=1 delta=1kappa=ML	-73.0346168640341	-72.7489025783198	kappa	kappa : 0.407897470946046 (95% CI  NA  -  0.818110008521639 )	0.0016728403544456	-0.0143064706421599	0.195050767981059	-0.118769723821208 - 0.0901567825368877	0.0532975781525753	0.789654835360071	tissue_D_0__Bacteria___D_1__Tenericutes___D_2__Mollicutes___D_3__Mycoplasmatales___D_4__Mycoplasmataceae___D_5__Mycoplasma	dominance_all	FALSE
BM_Delta	-	lambda=1 delta=MLkappa=1	-65.0319538497961	-64.7462395640818	delta	delta : 1 (95% CI  0.400307161715908  -  NA )	0.000252947264661607	0.0062283361764462	0.175061035308298	-0.110808874246082 - 0.123265546598974	0.0597128624604735	0.917412496506368	tissue_D_0__Bacteria___D_1__Tenericutes___D_2__Mollicutes___D_3__Mycoplasmatales___D_4__Mycoplasmataceae___D_5__Mycoplasma	dominance_all	FALSE
