model_name	compartment	branch_length_transformation	AIC	AICc	estimated_parameter	parameter_value	R2	slope	intercept	x_trait_slope_95CI	x_trait_slope_stdev	p	x_trait	y_trait	best_model
BM	-	lambda=1 delta=1kappa=1	264.046187280556	264.353879588249	None	All parameters fixed	0.0438840771574841	-0.0258904843084593	4.17828668948025	-0.0633418828886952 - 0.0115609142717766	0.0191078564184877	0.183031936805429	skeleton_D_0__Bacteria___D_1__Bacteroidetes___D_2__Bacteroidia___D_3__Cytophagales___D_4__Cyclobacteriaceae___D_5__uncultured	perc_dis	FALSE
BM_Lambda	-	lambda=ML delta=1kappa=1	248.329851334716	248.637543642408	lambda	lambda : 1e-06 (95% CI  NA  -  0.245054631943082 )	9.14071264357925e-05	-0.00162941555095583	3.15495583920019	-0.0544432931636631 - 0.0511844620617515	0.0269458559248507	0.952082443851751	skeleton_D_0__Bacteria___D_1__Bacteroidetes___D_2__Bacteroidia___D_3__Cytophagales___D_4__Cyclobacteriaceae___D_5__uncultured	perc_dis	TRUE
BM_Kappa	-	lambda=1 delta=1kappa=ML	262.265443753288	262.57313606098	kappa	kappa : 0.600826188190184 (95% CI  0.0404382059576946  -  NA )	0.0477541237546621	-0.0337661354785872	4.3938907560884	-0.0804940656624468 - 0.0129617947052723	0.0238407807060508	0.164423106087974	skeleton_D_0__Bacteria___D_1__Bacteroidetes___D_2__Bacteroidia___D_3__Cytophagales___D_4__Cyclobacteriaceae___D_5__uncultured	perc_dis	FALSE
BM_Delta	-	lambda=1 delta=MLkappa=1	264.046187280556	264.353879588249	delta	delta : 1 (95% CI  0.375861100499651  -  NA )	0.0438840771574841	-0.0258904843084593	4.17828668948025	-0.0633418828886952 - 0.0115609142717766	0.0191078564184877	0.183031936805429	skeleton_D_0__Bacteria___D_1__Bacteroidetes___D_2__Bacteroidia___D_3__Cytophagales___D_4__Cyclobacteriaceae___D_5__uncultured	perc_dis	FALSE
