model_name	compartment	branch_length_transformation	AIC	AICc	estimated_parameter	parameter_value	R2	slope	intercept	x_trait_slope_95CI	x_trait_slope_stdev	p	x_trait	y_trait	best_model
BM	-	lambda=1 delta=1kappa=1	279.396273430546	279.996273430546	None	All parameters fixed	0.00768690593957322	-0.106365031030025	163.173054850593	-0.623249963918356 - 0.410519901858306	0.263716802494046	0.690782269550747	mucus_D_0__Bacteria___D_1__Proteobacteria___D_2__Alphaproteobacteria___D_3__Rickettsiales___D_4__Midichloriaceae___D_5__MD3_55	observed_features_all	FALSE
BM_Lambda	-	lambda=ML delta=1kappa=1	264.333312363827	264.933312363827	lambda	lambda : 1e-06 (95% CI  NA  -  0.67961143352294 )	0.0180580586867854	-0.0737962931606448	159.529564401883	-0.306545573348459 - 0.158952987027169	0.118749632748885	0.54099527764377	mucus_D_0__Bacteria___D_1__Proteobacteria___D_2__Alphaproteobacteria___D_3__Rickettsiales___D_4__Midichloriaceae___D_5__MD3_55	observed_features_all	TRUE
BM_Kappa	-	lambda=1 delta=1kappa=ML	273.548429035386	274.148429035386	kappa	kappa : 0.169087497218331 (95% CI  NA  -  0.842252669389815 )	0.0501647660564133	-0.146883502134907	157.79828398398	-0.420249305090679 - 0.126482300820866	0.139472348446823	0.304245620940614	mucus_D_0__Bacteria___D_1__Proteobacteria___D_2__Alphaproteobacteria___D_3__Rickettsiales___D_4__Midichloriaceae___D_5__MD3_55	observed_features_all	FALSE
BM_Delta	-	lambda=1 delta=MLkappa=1	279.396273430546	279.996273430546	delta	delta : 1 (95% CI  0.330079870690002  -  NA )	0.00768690593957322	-0.106365031030025	163.173054850593	-0.623249963918356 - 0.410519901858306	0.263716802494046	0.690782269550747	mucus_D_0__Bacteria___D_1__Proteobacteria___D_2__Alphaproteobacteria___D_3__Rickettsiales___D_4__Midichloriaceae___D_5__MD3_55	observed_features_all	FALSE
