model_name	compartment	branch_length_transformation	AIC	AICc	estimated_parameter	parameter_value	R2	slope	intercept	x_trait_slope_95CI	x_trait_slope_stdev	p	x_trait	y_trait	best_model
BM	-	lambda=1 delta=1kappa=1	69.2377010682055	70.7377010682055	None	All parameters fixed	0.17657961553074	-5.10501148110354	7.7259234671237	-12.3073256796537 - 2.09730271744665	3.67465010130112	0.198164827535841	tissue_D_0__Bacteria___D_1__Tenericutes___D_2__Mollicutes___D_3__Mycoplasmatales___D_4__Mycoplasmataceae___D_5__Mycoplasma	perc_dis	FALSE
BM_Lambda	-	lambda=ML delta=1kappa=1	69.1776511663607	70.6776511663607	lambda	lambda : 1e-06 (95% CI  NA  -  NA )	0.127788153706296	-4.19321149938153	5.93912058241466	-11.3504794673238 - 2.9640564685608	3.65166733058282	0.280448765180984	tissue_D_0__Bacteria___D_1__Tenericutes___D_2__Mollicutes___D_3__Mycoplasmatales___D_4__Mycoplasmataceae___D_5__Mycoplasma	perc_dis	TRUE
BM_Kappa	-	lambda=1 delta=1kappa=ML	69.2377010682054	70.7377010682054	kappa	kappa : 1 (95% CI  0.105923979302368  -  NA )	0.17657961553074	-5.10501148110354	7.7259234671237	-12.3073256796537 - 2.09730271744666	3.67465010130112	0.198164827535842	tissue_D_0__Bacteria___D_1__Tenericutes___D_2__Mollicutes___D_3__Mycoplasmatales___D_4__Mycoplasmataceae___D_5__Mycoplasma	perc_dis	FALSE
BM_Delta	-	lambda=1 delta=MLkappa=1	69.2377010682055	70.7377010682055	delta	delta : 1 (95% CI  0.161920438530161  -  NA )	0.17657961553074	-5.10501148110354	7.7259234671237	-12.3073256796537 - 2.09730271744665	3.67465010130112	0.198164827535841	tissue_D_0__Bacteria___D_1__Tenericutes___D_2__Mollicutes___D_3__Mycoplasmatales___D_4__Mycoplasmataceae___D_5__Mycoplasma	perc_dis	FALSE
