model_name	compartment	branch_length_transformation	AIC	AICc	estimated_parameter	parameter_value	R2	slope	intercept	x_trait_slope_95CI	x_trait_slope_stdev	p	x_trait	y_trait	best_model
BM	-	lambda=1 delta=1kappa=1	268.444940323135	268.744940323135	None	All parameters fixed	0.0233516527824558	-0.00956091272487349	4.02386957029397	-0.0284875646110769 - 0.00936573916132988	0.00965645504398131	0.327929887515478	all_D_0__Bacteria___D_1__Proteobacteria___D_2__Gammaproteobacteria___D_3__Betaproteobacteriales___D_4__Burkholderiaceae___D_5__Aquabacterium	perc_dis	FALSE
BM_Lambda	-	lambda=ML delta=1kappa=1	253.212153799695	253.512153799695	lambda	lambda : 1e-06 (95% CI  NA  -  0.279683619255439 )	0.00219305754068929	-0.00552117817121667	3.29428322905637	-0.0415702554239789 - 0.0305278990815456	0.0183923863534501	0.765550393804175	all_D_0__Bacteria___D_1__Proteobacteria___D_2__Gammaproteobacteria___D_3__Betaproteobacteriales___D_4__Burkholderiaceae___D_5__Aquabacterium	perc_dis	TRUE
BM_Kappa	-	lambda=1 delta=1kappa=ML	266.033725215116	266.333725215116	kappa	kappa : 0.535435472781149 (95% CI  NA  -  NA )	0.0443553127296023	-0.0197372218080058	4.47717560311692	-0.0477802925048613 - 0.0083058488888498	0.0143076891310488	0.17522377739996	all_D_0__Bacteria___D_1__Proteobacteria___D_2__Gammaproteobacteria___D_3__Betaproteobacteriales___D_4__Burkholderiaceae___D_5__Aquabacterium	perc_dis	FALSE
BM_Delta	-	lambda=1 delta=MLkappa=1	268.444940323135	268.744940323135	delta	delta : 1 (95% CI  0.381243037136035  -  NA )	0.0233516527824558	-0.00956091272487349	4.02386957029397	-0.0284875646110769 - 0.00936573916132988	0.00965645504398131	0.327929887515478	all_D_0__Bacteria___D_1__Proteobacteria___D_2__Gammaproteobacteria___D_3__Betaproteobacteriales___D_4__Burkholderiaceae___D_5__Aquabacterium	perc_dis	FALSE
