model_name	compartment	branch_length_transformation	AIC	AICc	estimated_parameter	parameter_value	R2	slope	intercept	x_trait_slope_95CI	x_trait_slope_stdev	p	x_trait	y_trait	best_model
BM	-	lambda=1 delta=1kappa=1	-26.9993622361098	-26.142219378967	None	All parameters fixed	0.0170053547637685	0.00551506468923875	0.119547164206478	-0.0157048571774271 - 0.0267349865559046	0.0108264907482989	0.617880353152295	mucus_D_0__Bacteria___D_1__Tenericutes___D_2__Mollicutes___D_3__Entomoplasmatales___D_4__Spiroplasmataceae___D_5__Spiroplasma	growth_rate_mm_per_year	FALSE
BM_Lambda	-	lambda=ML delta=1kappa=1	-36.9252142564664	-36.0680713993236	lambda	lambda : 1e-06 (95% CI  NA  -  0.80586309381129 )	0.018115418967226	-0.00321786536533731	0.146500887562601	-0.0152069034539625 - 0.00877117272328789	0.00611685616766592	0.606534022032888	mucus_D_0__Bacteria___D_1__Tenericutes___D_2__Mollicutes___D_3__Entomoplasmatales___D_4__Spiroplasmataceae___D_5__Spiroplasma	growth_rate_mm_per_year	TRUE
BM_Kappa	-	lambda=1 delta=1kappa=ML	-31.84219371147	-30.9850508543272	kappa	kappa : 0.15078325313882 (95% CI  NA  -  0.900265287711474 )	0.00125589150760742	0.000856460253452631	0.12525471391184	-0.0113662835356605 - 0.0130792040425658	0.0062360937699557	0.892589205631964	mucus_D_0__Bacteria___D_1__Tenericutes___D_2__Mollicutes___D_3__Entomoplasmatales___D_4__Spiroplasmataceae___D_5__Spiroplasma	growth_rate_mm_per_year	FALSE
BM_Delta	-	lambda=1 delta=MLkappa=1	-26.9993622361098	-26.142219378967	delta	delta : 1 (95% CI  0.264460470220808  -  NA )	0.0170053547637685	0.00551506468923875	0.119547164206478	-0.0157048571774271 - 0.0267349865559046	0.0108264907482989	0.617880353152295	mucus_D_0__Bacteria___D_1__Tenericutes___D_2__Mollicutes___D_3__Entomoplasmatales___D_4__Spiroplasmataceae___D_5__Spiroplasma	growth_rate_mm_per_year	FALSE
