model_name	compartment	branch_length_transformation	AIC	AICc	estimated_parameter	parameter_value	R2	slope	intercept	x_trait_slope_95CI	x_trait_slope_stdev	p	x_trait	y_trait	best_model
BM	-	lambda=1 delta=1kappa=1	78.2571010863294	79.9713868006151	None	All parameters fixed	0.00194951650521112	-3.37427699868621	6.41943015019503	-56.2802378027011 - 49.5316838053287	26.9928371449056	0.903602666436151	gini_index_mucus	perc_dis	FALSE
BM_Lambda	-	lambda=ML delta=1kappa=1	68.2824756822813	69.996761396567	lambda	lambda : 1e-06 (95% CI  NA  -  0.581721348649964 )	0.026624474967213	14.4446113424515	-9.03071555598694	-46.0778558365628 - 74.9670785214657	30.8788097852114	0.652417797057618	gini_index_mucus	perc_dis	TRUE
BM_Kappa	-	lambda=1 delta=1kappa=ML	70.8762334825012	72.5905191967869	kappa	kappa : 1e-06 (95% CI  NA  -  0.533545080478165 )	0.0255920475146175	11.8484323532696	-6.47854985052305	-38.8144464998884 - 62.5113112064275	25.8484075781418	0.658873511390591	gini_index_mucus	perc_dis	FALSE
BM_Delta	-	lambda=1 delta=MLkappa=1	78.2571010863294	79.9713868006151	delta	delta : 1 (95% CI  0.239466706465727  -  NA )	0.00194951650521112	-3.37427699868621	6.41943015019503	-56.2802378027011 - 49.5316838053287	26.9928371449056	0.903602666436151	gini_index_mucus	perc_dis	FALSE
