model_name	compartment	branch_length_transformation	AIC	AICc	estimated_parameter	parameter_value	R2	slope	intercept	x_trait_slope_95CI	x_trait_slope_stdev	p	x_trait	y_trait	best_model
BM	-	lambda=1 delta=1kappa=1	-28.7170385036898	-27.859895646547	None	All parameters fixed	0.111474015683933	0.000354597334790215	0.0847611335063641	-0.000152036455806026 - 0.000861231125386456	0.000258486627855225	0.190289886128453	mucus_D_0__Bacteria___D_1__Proteobacteria___D_2__Gammaproteobacteria___D_3__Pseudomonadales___D_4__Pseudomonadaceae___D_5__Pseudomonas	growth_rate_mm_per_year	FALSE
BM_Lambda	-	lambda=ML delta=1kappa=1	-46.649722377049	-45.7925795199061	lambda	lambda : 1e-06 (95% CI  NA  -  0.400723014587529 )	0.445845306778933	0.000735042027965179	0.0467216064184952	0.000320330582255811 - 0.00114975347367455	0.000211587472300698	0.0034006112506062	mucus_D_0__Bacteria___D_1__Proteobacteria___D_2__Gammaproteobacteria___D_3__Pseudomonadales___D_4__Pseudomonadaceae___D_5__Pseudomonas	growth_rate_mm_per_year	TRUE
BM_Kappa	-	lambda=1 delta=1kappa=ML	-37.0558982787072	-36.1987554215644	kappa	kappa : 1e-06 (95% CI  NA  -  0.586095541965335 )	0.27183218522692	0.000662816328087139	0.0452141212160869	0.000113820629621738 - 0.00121181202655254	0.000280099846155817	0.031848241643768	mucus_D_0__Bacteria___D_1__Proteobacteria___D_2__Gammaproteobacteria___D_3__Pseudomonadales___D_4__Pseudomonadaceae___D_5__Pseudomonas	growth_rate_mm_per_year	FALSE
BM_Delta	-	lambda=1 delta=MLkappa=1	-28.7170385036898	-27.859895646547	delta	delta : 1 (95% CI  0.299834447214686  -  NA )	0.111474015683933	0.000354597334790215	0.0847611335063641	-0.000152036455806026 - 0.000861231125386456	0.000258486627855225	0.190289886128453	mucus_D_0__Bacteria___D_1__Proteobacteria___D_2__Gammaproteobacteria___D_3__Pseudomonadales___D_4__Pseudomonadaceae___D_5__Pseudomonas	growth_rate_mm_per_year	FALSE
