model_name	compartment	branch_length_transformation	AIC	AICc	estimated_parameter	parameter_value	R2	slope	intercept	x_trait_slope_95CI	x_trait_slope_stdev	p	x_trait	y_trait	best_model
BM	-	lambda=1 delta=1kappa=1	153.977895684173	154.577895684173	None	All parameters fixed	0.0833119958469904	13.2117728579309	3.77889297871859	-5.53232432352316 - 31.955870039385	9.56331488849697	0.181646598571703	dominance_mucus	perc_dis	FALSE
BM_Lambda	-	lambda=ML delta=1kappa=1	133.33518858918	133.93518858918	lambda	lambda : 1e-06 (95% CI  NA  -  0.395859283896101 )	0.443776869312094	45.1123605396868	-2.42781766081496	23.5108476773166 - 66.7138734020571	11.0211800318216	0.000519917655413149	dominance_mucus	perc_dis	TRUE
BM_Kappa	-	lambda=1 delta=1kappa=ML	141.768132509595	142.368132509595	kappa	kappa : 1e-06 (95% CI  NA  -  0.311289106852145 )	0.483939180272807	41.9061277632849	-0.549554466579282	23.3972959783598 - 60.4149595482101	9.443281522921	0.000228179620491709	dominance_mucus	perc_dis	FALSE
BM_Delta	-	lambda=1 delta=MLkappa=1	153.977895684173	154.577895684173	delta	delta : 1 (95% CI  0.298742145659379  -  NA )	0.0833119958469904	13.2117728579309	3.77889297871859	-5.53232432352316 - 31.955870039385	9.56331488849697	0.181646598571703	dominance_mucus	perc_dis	FALSE
