model_name	compartment	branch_length_transformation	AIC	AICc	estimated_parameter	parameter_value	R2	slope	intercept	x_trait_slope_95CI	x_trait_slope_stdev	p	x_trait	y_trait	best_model
BM	-	lambda=1 delta=1kappa=1	252.100867023647	252.425191347971	None	All parameters fixed	0.062991977394392	5.46653465240122	2.58819068118991	-1.23702398121117 - 12.1700932860136	3.42018297633285	0.118255726034374	dominance_mucus	perc_dis	FALSE
BM_Lambda	-	lambda=ML delta=1kappa=1	236.299764963513	236.624089287838	lambda	lambda : 1e-06 (95% CI  NA  -  0.301355349590762 )	0.0337462713370676	5.78653897463466	2.04522150198316	-4.05846396167726 - 15.6315419109466	5.0229606817918	0.25651024704083	dominance_mucus	perc_dis	TRUE
BM_Kappa	-	lambda=1 delta=1kappa=ML	249.810344115111	250.134668439435	kappa	kappa : 0.520591555534334 (95% CI  NA  -  NA )	0.0732410303327212	7.41172348367176	2.10667053185465	-0.971087191596876 - 15.7945341589404	4.27694422207583	0.091214362906509	dominance_mucus	perc_dis	FALSE
BM_Delta	-	lambda=1 delta=MLkappa=1	252.100867023647	252.425191347971	delta	delta : 1 (95% CI  0.378213185377572  -  NA )	0.062991977394392	5.46653465240122	2.58819068118991	-1.23702398121117 - 12.1700932860136	3.42018297633285	0.118255726034374	dominance_mucus	perc_dis	FALSE
