model_name	compartment	branch_length_transformation	AIC	AICc	estimated_parameter	parameter_value	R2	slope	intercept	x_trait_slope_95CI	x_trait_slope_stdev	p	x_trait	y_trait	best_model
BM	-	lambda=1 delta=1kappa=1	-26.5682180357013	-26.3073484704839	None	All parameters fixed	0.0149670771287723	0.0167077294628121	0.168203210318048	-0.0220431400212464 - 0.0554585989468706	0.0197708517775809	0.402353943665243	all_D_0__Bacteria___D_1__Proteobacteria___D_2__Gammaproteobacteria___D_3__Cellvibrionales___D_4__Spongiibacteraceae___D_5__BD1_7_clade	dominance_all	FALSE
BM_Lambda	-	lambda=ML delta=1kappa=1	-79.7148750535134	-79.454005488296	lambda	lambda : 1e-06 (95% CI  NA  -  0.287784387363842 )	0.00106353304504157	-0.00605990825612727	0.160146558394213	-0.0591564983511807 - 0.0470366818389261	0.0270900969872721	0.823964453476254	all_D_0__Bacteria___D_1__Proteobacteria___D_2__Gammaproteobacteria___D_3__Cellvibrionales___D_4__Spongiibacteraceae___D_5__BD1_7_clade	dominance_all	TRUE
BM_Kappa	-	lambda=1 delta=1kappa=ML	-58.294605200498	-58.0337356352806	kappa	kappa : 1e-06 (95% CI  NA  -  0.285458952741536 )	0.00125382401432812	0.00657115345258662	0.201105936082833	-0.0464510808495559 - 0.0595933877547291	0.027052160358236	0.809134591332169	all_D_0__Bacteria___D_1__Proteobacteria___D_2__Gammaproteobacteria___D_3__Cellvibrionales___D_4__Spongiibacteraceae___D_5__BD1_7_clade	dominance_all	FALSE
BM_Delta	-	lambda=1 delta=MLkappa=1	-26.5682180357013	-26.3073484704839	delta	delta : 1 (95% CI  0.468770660618137  -  NA )	0.0149670771287723	0.0167077294628121	0.168203210318048	-0.0220431400212464 - 0.0554585989468706	0.0197708517775809	0.402353943665243	all_D_0__Bacteria___D_1__Proteobacteria___D_2__Gammaproteobacteria___D_3__Cellvibrionales___D_4__Spongiibacteraceae___D_5__BD1_7_clade	dominance_all	FALSE
