model_name	compartment	branch_length_transformation	AIC	AICc	estimated_parameter	parameter_value	R2	slope	intercept	x_trait_slope_95CI	x_trait_slope_stdev	p	x_trait	y_trait	best_model
BM	-	lambda=1 delta=1kappa=1	111.512780456031	112.034519586466	None	All parameters fixed	0.00573243734121512	0.036098595698033	3.89355866606452	-0.15410675730256 - 0.226303948698626	0.0970435474492821	0.713169446860139	all_D_0__Bacteria___D_1__Proteobacteria___D_2__Alphaproteobacteria___D_3__Rhodobacterales___D_4__Rhodobacteraceae___D_5__Ruegeria	depth	FALSE
BM_Lambda	-	lambda=ML delta=1kappa=1	105.543743891911	106.065483022346	lambda	lambda : 1e-06 (95% CI  NA  -  0.90441065724107 )	0.0966834949082689	0.117413024746704	3.35225298304387	-0.0261724568503399 - 0.260998506343749	0.0732578987740022	0.122074244083151	all_D_0__Bacteria___D_1__Proteobacteria___D_2__Alphaproteobacteria___D_3__Rhodobacterales___D_4__Rhodobacteraceae___D_5__Ruegeria	depth	FALSE
BM_Kappa	-	lambda=1 delta=1kappa=ML	104.37243959831	104.894178728745	kappa	kappa : 0.0805493177927761 (95% CI  NA  -  0.747117733460913 )	0.00544460001782837	0.0260256046825633	3.88184730640817	-0.114703128751991 - 0.166754338117117	0.071800374201303	0.720172032392642	all_D_0__Bacteria___D_1__Proteobacteria___D_2__Alphaproteobacteria___D_3__Rhodobacterales___D_4__Rhodobacteraceae___D_5__Ruegeria	depth	TRUE
BM_Delta	-	lambda=1 delta=MLkappa=1	111.512780456031	112.034519586466	delta	delta : 1 (95% CI  0.305106452627346  -  NA )	0.00573243734121512	0.036098595698033	3.89355866606452	-0.15410675730256 - 0.226303948698626	0.0970435474492821	0.713169446860139	all_D_0__Bacteria___D_1__Proteobacteria___D_2__Alphaproteobacteria___D_3__Rhodobacterales___D_4__Rhodobacteraceae___D_5__Ruegeria	depth	FALSE
