model_name	compartment	branch_length_transformation	AIC	AICc	estimated_parameter	parameter_value	R2	slope	intercept	x_trait_slope_95CI	x_trait_slope_stdev	p	x_trait	y_trait	best_model
BM	-	lambda=1 delta=1kappa=1	208.865597668988	209.229234032624	None	All parameters fixed	0.0106021628095996	-0.00312715342705391	3.43253004454897	-0.0132815482615315 - 0.00702724140742364	0.00518081369105997	0.550113905734504	all_D_0__Bacteria___D_1__Proteobacteria___D_2__Alphaproteobacteria___D_3__Rhodospirillales___D_4__Terasakiellaceae___D_5__uncultured	perc_dis	FALSE
BM_Lambda	-	lambda=ML delta=1kappa=1	196.898161290987	197.261797654624	lambda	lambda : 1e-06 (95% CI  NA  -  0.546821427305441 )	0.0120324938078841	-0.00723798345579524	2.87974125887752	-0.0292838770040489 - 0.0148079100924585	0.011247904871558	0.524219187996012	all_D_0__Bacteria___D_1__Proteobacteria___D_2__Alphaproteobacteria___D_3__Rhodospirillales___D_4__Terasakiellaceae___D_5__uncultured	perc_dis	TRUE
BM_Kappa	-	lambda=1 delta=1kappa=ML	208.244495928997	208.608132292634	kappa	kappa : 0.788470336763725 (95% CI  0.247201981207629  -  NA )	0.00645863031174873	-0.00286278025270579	3.41850011678511	-0.0147979167446558 - 0.00907235623924426	0.00608935535303574	0.641264841793081	all_D_0__Bacteria___D_1__Proteobacteria___D_2__Alphaproteobacteria___D_3__Rhodospirillales___D_4__Terasakiellaceae___D_5__uncultured	perc_dis	FALSE
BM_Delta	-	lambda=1 delta=MLkappa=1	208.865597668988	209.229234032624	delta	delta : 1 (95% CI  0.362172098491887  -  NA )	0.0106021628095996	-0.00312715342705391	3.43253004454897	-0.0132815482615315 - 0.00702724140742364	0.00518081369105997	0.550113905734504	all_D_0__Bacteria___D_1__Proteobacteria___D_2__Alphaproteobacteria___D_3__Rhodospirillales___D_4__Terasakiellaceae___D_5__uncultured	perc_dis	FALSE
