model_name	compartment	branch_length_transformation	AIC	AICc	estimated_parameter	parameter_value	R2	slope	intercept	x_trait_slope_95CI	x_trait_slope_stdev	p	x_trait	y_trait	best_model
BM	-	lambda=1 delta=1kappa=1	-37.6721394031442	-36.7490624800673	None	All parameters fixed	0.401953008936894	0.00016836464717906	0.0892886921024973	6.07867698122535e-05 - 0.000275942524545866	5.48866721259216e-05	0.00835458869229555	tissue_D_0__Bacteria___D_1__Proteobacteria___D_2__Gammaproteobacteria___D_3__Oceanospirillales___D_4__Endozoicomonadaceae___D_5__Endozoicomonas	growth_rate_mm_per_year	FALSE
BM_Lambda	-	lambda=ML delta=1kappa=1	-46.6630987317013	-45.7400218086244	lambda	lambda : 0.268307770905663 (95% CI  NA  -  0.919718164861557 )	0.312650949542335	0.000179490083924644	0.0937247598487939	4.00809251219546e-05 - 0.000318899242727334	7.11271218381071e-05	0.0243347693075782	tissue_D_0__Bacteria___D_1__Proteobacteria___D_2__Gammaproteobacteria___D_3__Oceanospirillales___D_4__Endozoicomonadaceae___D_5__Endozoicomonas	growth_rate_mm_per_year	TRUE
BM_Kappa	-	lambda=1 delta=1kappa=ML	-44.8690644897344	-43.9459875666575	kappa	kappa : 0.0609529079070088 (95% CI  NA  -  0.730049885575897 )	0.263623567526836	0.000136677373509966	0.0974871358536466	1.70180614038003e-05 - 0.000256336685616132	6.10506694419214e-05	0.0419332561738015	tissue_D_0__Bacteria___D_1__Proteobacteria___D_2__Gammaproteobacteria___D_3__Oceanospirillales___D_4__Endozoicomonadaceae___D_5__Endozoicomonas	growth_rate_mm_per_year	FALSE
BM_Delta	-	lambda=1 delta=MLkappa=1	-37.6721394031442	-36.7490624800673	delta	delta : 1 (95% CI  0.284023075024807  -  NA )	0.401953008936894	0.00016836464717906	0.0892886921024973	6.07867698122535e-05 - 0.000275942524545866	5.48866721259216e-05	0.00835458869229555	tissue_D_0__Bacteria___D_1__Proteobacteria___D_2__Gammaproteobacteria___D_3__Oceanospirillales___D_4__Endozoicomonadaceae___D_5__Endozoicomonas	growth_rate_mm_per_year	FALSE
