model_name	compartment	branch_length_transformation	AIC	AICc	estimated_parameter	parameter_value	R2	slope	intercept	x_trait_slope_95CI	x_trait_slope_stdev	p	x_trait	y_trait	best_model
BM	-	lambda=1 delta=1kappa=1	111.413786674029	111.935525804464	None	All parameters fixed	0.00951086684725728	-0.0103040953672437	4.22779243119147	-0.0523743486665264 - 0.0317661579320391	0.0214644149486136	0.635534808014448	skeleton_D_0__Bacteria___D_1__Spirochaetes___D_2__Spirochaetia___D_3__Spirochaetales___D_4__Spirochaetaceae___D_5__Spirochaeta_2	depth	FALSE
BM_Lambda	-	lambda=ML delta=1kappa=1	107.101396423856	107.623135554291	lambda	lambda : 1e-06 (95% CI  NA  -  0.993227775374906 )	0.0409121190960683	-0.0286127839367281	4.31265052157783	-0.0840388149013812 - 0.026813247027925	0.0282785872268638	0.321717853896237	skeleton_D_0__Bacteria___D_1__Spirochaetes___D_2__Spirochaetia___D_3__Spirochaetales___D_4__Spirochaetaceae___D_5__Spirochaeta_2	depth	FALSE
BM_Kappa	-	lambda=1 delta=1kappa=ML	103.887358312758	104.409097443193	kappa	kappa : 0.0651368541248342 (95% CI  NA  -  0.721096974337452 )	0.0236840670842567	-0.0210584268341009	4.24457497819828	-0.0751517199980348 - 0.0330348663298329	0.0275986189611907	0.45288402221268	skeleton_D_0__Bacteria___D_1__Spirochaetes___D_2__Spirochaetia___D_3__Spirochaetales___D_4__Spirochaetaceae___D_5__Spirochaeta_2	depth	TRUE
BM_Delta	-	lambda=1 delta=MLkappa=1	111.413786674029	111.935525804464	delta	delta : 1 (95% CI  0.302824801956697  -  NA )	0.00951086684725728	-0.0103040953672437	4.22779243119147	-0.0523743486665264 - 0.0317661579320391	0.0214644149486136	0.635534808014448	skeleton_D_0__Bacteria___D_1__Spirochaetes___D_2__Spirochaetia___D_3__Spirochaetales___D_4__Spirochaetaceae___D_5__Spirochaeta_2	depth	FALSE
