model_name	compartment	branch_length_transformation	AIC	AICc	estimated_parameter	parameter_value	R2	slope	intercept	x_trait_slope_95CI	x_trait_slope_stdev	p	x_trait	y_trait	best_model
BM	-	lambda=1 delta=1kappa=1	175.663986715803	176.209441261258	None	All parameters fixed	0.000830710738184651	-0.65599581253757	5.24842640439296	-9.95395952163794 - 8.6419678965628	4.74385903525529	0.891220206123339	gini_index_tissue	perc_dis	FALSE
BM_Lambda	-	lambda=ML delta=1kappa=1	157.978811750714	158.524266296168	lambda	lambda : 1e-06 (95% CI  NA  -  0.303885567781902 )	0.0187098857269754	7.95050756744718	-2.85528643897788	-15.5810217514188 - 31.4820368863132	12.0058823055439	0.514413003257236	gini_index_tissue	perc_dis	TRUE
BM_Kappa	-	lambda=1 delta=1kappa=ML	171.778721202808	172.324175748263	kappa	kappa : 0.10633550362718 (95% CI  NA  -  0.994730776481837 )	0.00200607331730224	2.48659703008162	2.69432903841378	-20.1800933550206 - 25.1532874151838	11.5646379515828	0.83164899659382	gini_index_tissue	perc_dis	FALSE
BM_Delta	-	lambda=1 delta=MLkappa=1	175.663986715803	176.209441261258	delta	delta : 1 (95% CI  0.320930933986796  -  NA )	0.000830710738184651	-0.65599581253757	5.24842640439296	-9.95395952163794 - 8.6419678965628	4.74385903525529	0.891220206123339	gini_index_tissue	perc_dis	FALSE
