model_name	compartment	branch_length_transformation	AIC	AICc	estimated_parameter	parameter_value	R2	slope	intercept	x_trait_slope_95CI	x_trait_slope_stdev	p	x_trait	y_trait	best_model
BM	-	lambda=1 delta=1kappa=1	92.1017155618713	93.0247924849482	None	All parameters fixed	0.000910623509845738	-0.488124215193533	6.37826649470281	-8.95757303183193 - 7.98132460144487	4.32114735542775	0.911664716429697	mucus_weighted_unifrac_ordination_PC2	perc_dis	TRUE
BM_Lambda	-	lambda=ML delta=1kappa=1	93.4873672730705	94.4104441961474	lambda	lambda : 0.212255700036425 (95% CI  NA  -  NA )	0.137693767890563	11.9996140013065	5.16037792570679	-3.73053910966098 - 27.7297671122739	8.02558832192216	0.157067557712991	mucus_weighted_unifrac_ordination_PC2	perc_dis	FALSE
BM_Kappa	-	lambda=1 delta=1kappa=ML	92.1017155618713	93.0247924849482	kappa	kappa : 1 (95% CI  0.296859968664675  -  NA )	0.000910623509846163	-0.488124215193533	6.37826649470281	-8.95757303183193 - 7.98132460144487	4.32114735542775	0.911664716429697	mucus_weighted_unifrac_ordination_PC2	perc_dis	FALSE
BM_Delta	-	lambda=1 delta=MLkappa=1	92.1017155618713	93.0247924849482	delta	delta : 1 (95% CI  0.161227620293165  -  NA )	0.000910623509845738	-0.488124215193533	6.37826649470281	-8.95757303183193 - 7.98132460144487	4.32114735542775	0.911664716429697	mucus_weighted_unifrac_ordination_PC2	perc_dis	FALSE
