model_name	compartment	branch_length_transformation	AIC	AICc	estimated_parameter	parameter_value	R2	slope	intercept	x_trait_slope_95CI	x_trait_slope_stdev	p	x_trait	y_trait	best_model
BM	-	lambda=1 delta=1kappa=1	103.338359515303	104.195502372446	None	All parameters fixed	0.0281585942869522	2.23734593724701	6.0750334220802	-4.41440218167627 - 8.8890940561703	3.39374904026698	0.519725538089649	tissue_weighted_unifrac_ordination_PC3	perc_dis	FALSE
BM_Lambda	-	lambda=ML delta=1kappa=1	100.200436541737	101.05757939888	lambda	lambda : 0.944121218081088 (95% CI  NA  -  NA )	0.0251784504050222	2.10007498996637	5.96283750813075	-4.51284557968606 - 8.71299555961881	3.3739390661492	0.542999566263114	tissue_weighted_unifrac_ordination_PC3	perc_dis	TRUE
BM_Kappa	-	lambda=1 delta=1kappa=ML	102.17552560601	103.032668463153	kappa	kappa : 0.722574554840226 (95% CI  0.154857243195053  -  NA )	0.0296694446527386	2.43785311560019	6.22551857051821	-4.61757094828737 - 9.49327717948774	3.59970615504467	0.508566849687725	tissue_weighted_unifrac_ordination_PC3	perc_dis	FALSE
BM_Delta	-	lambda=1 delta=MLkappa=1	103.338359515303	104.195502372446	delta	delta : 1 (95% CI  0.235674046958191  -  NA )	0.0281585942869522	2.23734593724701	6.0750334220802	-4.41440218167627 - 8.8890940561703	3.39374904026698	0.519725538089649	tissue_weighted_unifrac_ordination_PC3	perc_dis	FALSE
