model_name	compartment	branch_length_transformation	AIC	AICc	estimated_parameter	parameter_value	R2	slope	intercept	x_trait_slope_95CI	x_trait_slope_stdev	p	x_trait	y_trait	best_model
BM	-	lambda=1 delta=1kappa=1	-33.9534171926964	-33.692547627479	None	All parameters fixed	0.152783123253515	-0.000748631968252898	0.213388615701196	-0.00125263728543978 - -0.000244626651066012	0.000257145569993309	0.00548785450725164	all_D_0__Bacteria___D_1__Proteobacteria___D_2__Alphaproteobacteria___D_3__Sphingomonadales___D_4__Sphingomonadaceae___D_5__Sphingobium	dominance_all	FALSE
BM_Lambda	-	lambda=ML delta=1kappa=1	-80.9869460422003	-80.7260764769829	lambda	lambda : 1e-06 (95% CI  NA  -  0.30457821629164 )	0.0266628307834731	-0.000399211393045503	0.180704586846173	-0.00108879764636694 - 0.000290374860275938	0.000351829721082368	0.262266587533648	all_D_0__Bacteria___D_1__Proteobacteria___D_2__Alphaproteobacteria___D_3__Sphingomonadales___D_4__Sphingomonadaceae___D_5__Sphingobium	dominance_all	TRUE
BM_Kappa	-	lambda=1 delta=1kappa=ML	-61.0166077136211	-60.7557381484037	kappa	kappa : 1e-06 (95% CI  NA  -  0.343189331608607 )	0.0552223615515535	-0.000578688587976314	0.231448799292384	-0.00126300881282162 - 0.000105631636868989	0.000349142971859849	0.104088744415978	all_D_0__Bacteria___D_1__Proteobacteria___D_2__Alphaproteobacteria___D_3__Sphingomonadales___D_4__Sphingomonadaceae___D_5__Sphingobium	dominance_all	FALSE
BM_Delta	-	lambda=1 delta=MLkappa=1	-33.9534171926964	-33.692547627479	delta	delta : 1 (95% CI  0.461594669054246  -  NA )	0.152783123253515	-0.000748631968252898	0.213388615701196	-0.00125263728543978 - -0.000244626651066012	0.000257145569993309	0.00548785450725164	all_D_0__Bacteria___D_1__Proteobacteria___D_2__Alphaproteobacteria___D_3__Sphingomonadales___D_4__Sphingomonadaceae___D_5__Sphingobium	dominance_all	FALSE
