model_name	compartment	branch_length_transformation	AIC	AICc	estimated_parameter	parameter_value	R2	slope	intercept	x_trait_slope_95CI	x_trait_slope_stdev	p	x_trait	y_trait	best_model
BM	-	lambda=1 delta=1kappa=1	254.172715461403	254.497039785728	None	All parameters fixed	0.0131796021369513	-0.00444746582773326	3.66910259491436	-0.0166836160971345 - 0.00778868444166799	0.006242933810919	0.480568721128792	mucus_D_0__Bacteria___D_1__Proteobacteria___D_2__Gammaproteobacteria___D_3__Alteromonadales___D_4__Pseudoalteromonadaceae___D_5__Pseudoalteromonas	perc_dis	FALSE
BM_Lambda	-	lambda=ML delta=1kappa=1	237.274533725109	237.598858049433	lambda	lambda : 1e-06 (95% CI  NA  -  0.266432803909442 )	0.00991016856544156	-0.00543282911681388	3.31043172246419	-0.0226986446793015 - 0.0118329864456738	0.00880908957269777	0.54109051256794	mucus_D_0__Bacteria___D_1__Proteobacteria___D_2__Gammaproteobacteria___D_3__Alteromonadales___D_4__Pseudoalteromonadaceae___D_5__Pseudoalteromonas	perc_dis	TRUE
BM_Kappa	-	lambda=1 delta=1kappa=ML	252.439070813801	252.763395138126	kappa	kappa : 0.595782533690817 (95% CI  0.015948631323163  -  NA )	0.00958414455206387	-0.00429262600942166	3.60311788611489	-0.0181671930654061 - 0.00958194104656278	0.00707886074284921	0.547854530502212	mucus_D_0__Bacteria___D_1__Proteobacteria___D_2__Gammaproteobacteria___D_3__Alteromonadales___D_4__Pseudoalteromonadaceae___D_5__Pseudoalteromonas	perc_dis	FALSE
BM_Delta	-	lambda=1 delta=MLkappa=1	254.172715461403	254.497039785728	delta	delta : 1 (95% CI  0.380441932109537  -  NA )	0.0131796021369513	-0.00444746582773326	3.66910259491436	-0.0166836160971345 - 0.00778868444166799	0.006242933810919	0.480568721128792	mucus_D_0__Bacteria___D_1__Proteobacteria___D_2__Gammaproteobacteria___D_3__Alteromonadales___D_4__Pseudoalteromonadaceae___D_5__Pseudoalteromonas	perc_dis	FALSE
