model_name	compartment	branch_length_transformation	AIC	AICc	estimated_parameter	parameter_value	R2	slope	intercept	x_trait_slope_95CI	x_trait_slope_stdev	p	x_trait	y_trait	best_model
BM	-	lambda=1 delta=1kappa=1	77.2968267609205	79.0111124752062	None	All parameters fixed	0.0933319220752935	-0.0271644959866809	5.73003734459251	-0.0858352658721158 - 0.0315062738987539	0.029934066268079	0.390670103745413	observed_features_mucus	perc_dis	FALSE
BM_Lambda	-	lambda=ML delta=1kappa=1	68.0305883597844	69.7448740740701	lambda	lambda : 1e-06 (95% CI  NA  -  0.551823809415837 )	0.0508363570050057	-0.0268730413160909	5.9132971722974	-0.107338822984649 - 0.0535927403524669	0.0410539702390601	0.531103814934198	observed_features_mucus	perc_dis	TRUE
BM_Kappa	-	lambda=1 delta=1kappa=ML	70.9259396198981	72.6402253341839	kappa	kappa : 1e-06 (95% CI  NA  -  0.613336502255229 )	0.0207365846396796	-0.0147991688801157	5.78706068138112	-0.0852732715125542 - 0.0556749337523229	0.0359561748124686	0.691446804648216	observed_features_mucus	perc_dis	FALSE
BM_Delta	-	lambda=1 delta=MLkappa=1	77.2968267609205	79.0111124752062	delta	delta : 1 (95% CI  0.237459084085744  -  NA )	0.0933319220752935	-0.0271644959866809	5.73003734459251	-0.0858352658721158 - 0.0315062738987539	0.029934066268079	0.390670103745413	observed_features_mucus	perc_dis	FALSE
