model_name	compartment	branch_length_transformation	AIC	AICc	estimated_parameter	parameter_value	R2	slope	intercept	x_trait_slope_95CI	x_trait_slope_stdev	p	x_trait	y_trait	best_model
BM	-	lambda=1 delta=1kappa=1	-76.8222324144043	-76.53651812869	None	All parameters fixed	0.230688384304379	0.000247624972455044	0.151737575060827	0.000112462986268743 - 0.000382786958641344	6.89601970338269e-05	0.000840476067376361	tissue_D_0__Bacteria___D_1__Proteobacteria___D_2__Gammaproteobacteria___D_3__Oceanospirillales___D_4__Endozoicomonadaceae___D_5__Endozoicomonas	dominance_all	FALSE
BM_Lambda	-	lambda=ML delta=1kappa=1	-101.604085997489	-101.318371711775	lambda	lambda : 1e-06 (95% CI  NA  -  0.53077065799279 )	0.238223657964008	0.000265748067037042	0.134345982593198	0.000123707219887972 - 0.000407788914186111	7.24698199740152e-05	0.000670883151705048	tissue_D_0__Bacteria___D_1__Proteobacteria___D_2__Gammaproteobacteria___D_3__Oceanospirillales___D_4__Endozoicomonadaceae___D_5__Endozoicomonas	dominance_all	TRUE
BM_Kappa	-	lambda=1 delta=1kappa=ML	-86.0075977875698	-85.7218835018555	kappa	kappa : 0.451838641320276 (95% CI  0.0888195464288641  -  0.804177462901425 )	0.252199149775865	0.000257980374214351	0.166349981551804	0.000125201286568708 - 0.000390759461859995	6.77444324722671e-05	0.00043965188174	tissue_D_0__Bacteria___D_1__Proteobacteria___D_2__Gammaproteobacteria___D_3__Oceanospirillales___D_4__Endozoicomonadaceae___D_5__Endozoicomonas	dominance_all	FALSE
BM_Delta	-	lambda=1 delta=MLkappa=1	-76.8222324144043	-76.53651812869	delta	delta : 1 (95% CI  0.392996964654745  -  NA )	0.230688384304379	0.000247624972455044	0.151737575060827	0.000112462986268743 - 0.000382786958641344	6.89601970338269e-05	0.000840476067376361	tissue_D_0__Bacteria___D_1__Proteobacteria___D_2__Gammaproteobacteria___D_3__Oceanospirillales___D_4__Endozoicomonadaceae___D_5__Endozoicomonas	dominance_all	FALSE
