model_name	compartment	branch_length_transformation	AIC	AICc	estimated_parameter	parameter_value	R2	slope	intercept	x_trait_slope_95CI	x_trait_slope_stdev	p	x_trait	y_trait	best_model
BM	-	lambda=1 delta=1kappa=1	350.235224898101	350.696763359639	None	All parameters fixed	0.00574731801668117	-0.110647638077476	159.883143689991	-0.659596777144695 - 0.438301500989743	0.280076091360826	0.695900446390786	all_D_0__Bacteria___D_1__Proteobacteria___D_2__Alphaproteobacteria___D_3__Rickettsiales___D_4__Midichloriaceae___D_5__MD3_55	observed_features_all	FALSE
BM_Lambda	-	lambda=ML delta=1kappa=1	332.734620249734	333.196158711273	lambda	lambda : 1e-06 (95% CI  NA  -  0.493032108226607 )	0.0152993174066692	-0.0800825178261199	157.701860262798	-0.322424134319551 - 0.162259098667311	0.123643681884404	0.522656581174907	all_D_0__Bacteria___D_1__Proteobacteria___D_2__Alphaproteobacteria___D_3__Rickettsiales___D_4__Midichloriaceae___D_5__MD3_55	observed_features_all	TRUE
BM_Kappa	-	lambda=1 delta=1kappa=ML	345.479256265205	345.940794726743	kappa	kappa : 0.264121834871474 (95% CI  NA  -  0.926337353211708 )	0.0356170608478947	-0.15766459105294	159.757318929435	-0.467124275380505 - 0.151795093274625	0.157887594044676	0.326860436650234	all_D_0__Bacteria___D_1__Proteobacteria___D_2__Alphaproteobacteria___D_3__Rickettsiales___D_4__Midichloriaceae___D_5__MD3_55	observed_features_all	FALSE
BM_Delta	-	lambda=1 delta=MLkappa=1	350.235224898101	350.696763359639	delta	delta : 1 (95% CI  0.346782734632886  -  NA )	0.00574731801668117	-0.110647638077476	159.883143689991	-0.659596777144695 - 0.438301500989743	0.280076091360826	0.695900446390786	all_D_0__Bacteria___D_1__Proteobacteria___D_2__Alphaproteobacteria___D_3__Rickettsiales___D_4__Midichloriaceae___D_5__MD3_55	observed_features_all	FALSE
