model_name	compartment	branch_length_transformation	AIC	AICc	estimated_parameter	parameter_value	R2	slope	intercept	x_trait_slope_95CI	x_trait_slope_stdev	p	x_trait	y_trait	best_model
BM	-	lambda=1 delta=1kappa=1	129.314690325507	129.914690325507	None	All parameters fixed	0.00303998867313009	0.00561393139825103	3.12729706653064	-0.0378687594698088 - 0.0490966222663108	0.022185046361255	0.802690058471532	mucus_D_0__Bacteria___D_1__Proteobacteria___D_2__Gammaproteobacteria___D_3__Vibrionales___D_4__Vibrionaceae___D_5__Photobacterium	perc_dis	FALSE
BM_Lambda	-	lambda=ML delta=1kappa=1	124.435748950217	125.035748950217	lambda	lambda : 0.0308315914291737 (95% CI  NA  -  0.783045687288508 )	0.00636797542803357	-0.0231903938282434	2.93022646783727	-0.147089065052861 - 0.100708277396374	0.0632136077676618	0.717395882280021	mucus_D_0__Bacteria___D_1__Proteobacteria___D_2__Gammaproteobacteria___D_3__Vibrionales___D_4__Vibrionaceae___D_5__Photobacterium	perc_dis	TRUE
BM_Kappa	-	lambda=1 delta=1kappa=ML	129.314690325507	129.914690325507	kappa	kappa : 1 (95% CI  0.29098854566073  -  NA )	0.00303998867313049	0.00561393139825102	3.12729706653063	-0.0378687594698088 - 0.0490966222663108	0.022185046361255	0.802690058471532	mucus_D_0__Bacteria___D_1__Proteobacteria___D_2__Gammaproteobacteria___D_3__Vibrionales___D_4__Vibrionaceae___D_5__Photobacterium	perc_dis	FALSE
BM_Delta	-	lambda=1 delta=MLkappa=1	129.314690325507	129.914690325507	delta	delta : 1 (95% CI  0.29192926271415  -  NA )	0.00303998867313009	0.00561393139825103	3.12729706653064	-0.0378687594698088 - 0.0490966222663108	0.022185046361255	0.802690058471532	mucus_D_0__Bacteria___D_1__Proteobacteria___D_2__Gammaproteobacteria___D_3__Vibrionales___D_4__Vibrionaceae___D_5__Photobacterium	perc_dis	FALSE
