model_name	compartment	branch_length_transformation	AIC	AICc	estimated_parameter	parameter_value	R2	slope	intercept	x_trait_slope_95CI	x_trait_slope_stdev	p	x_trait	y_trait	best_model
BM	-	lambda=1 delta=1kappa=1	531.650012387635	531.935726673349	None	All parameters fixed	0.000882169991540641	-0.0702814729698246	144.495457122593	-0.777241588478801 - 0.636678642539152	0.360693936484172	0.846427551428073	mucus_D_0__Bacteria___D_1__Cyanobacteria___D_2__Oxyphotobacteria___D_3__Synechococcales___D_4__Cyanobiaceae___D_5__Synechococcus_CC9902	observed_features_all	FALSE
BM_Lambda	-	lambda=ML delta=1kappa=1	511.713937156189	511.999651441904	lambda	lambda : 1e-06 (95% CI  NA  -  0.695251016473212 )	0.00064836929991863	-0.086874012476831	140.622544989155	-1.10630930744702 - 0.932561282493363	0.520120048454181	0.868131929085151	mucus_D_0__Bacteria___D_1__Cyanobacteria___D_2__Oxyphotobacteria___D_3__Synechococcales___D_4__Cyanobiaceae___D_5__Synechococcus_CC9902	observed_features_all	TRUE
BM_Kappa	-	lambda=1 delta=1kappa=ML	519.894915474913	520.180629760627	kappa	kappa : 0.276714581303624 (95% CI  NA  -  0.698818479879531 )	0.000588875796485164	0.0677592814368948	134.024559475416	-0.766595718109783 - 0.902114280983573	0.425691326299325	0.874276544177073	mucus_D_0__Bacteria___D_1__Cyanobacteria___D_2__Oxyphotobacteria___D_3__Synechococcales___D_4__Cyanobiaceae___D_5__Synechococcus_CC9902	observed_features_all	FALSE
BM_Delta	-	lambda=1 delta=MLkappa=1	531.650012387635	531.935726673349	delta	delta : 1 (95% CI  0.41042700694786  -  NA )	0.000882169991540641	-0.0702814729698246	144.495457122593	-0.777241588478801 - 0.636678642539152	0.360693936484172	0.846427551428073	mucus_D_0__Bacteria___D_1__Cyanobacteria___D_2__Oxyphotobacteria___D_3__Synechococcales___D_4__Cyanobiaceae___D_5__Synechococcus_CC9902	observed_features_all	FALSE
