model_name	compartment	branch_length_transformation	AIC	AICc	estimated_parameter	parameter_value	R2	slope	intercept	x_trait_slope_95CI	x_trait_slope_stdev	p	x_trait	y_trait	best_model
BM	-	lambda=1 delta=1kappa=1	-45.7703818461168	-44.8473049230399	None	All parameters fixed	0.639486582299765	0.000584679401839057	0.108477371429697	0.000354718053836699 - 0.000814640749841414	0.00011732721836855	0.000200628601672914	tissue_D_0__Bacteria___D_1__Proteobacteria___D_2__Alphaproteobacteria___D_3__Rhodospirillales___D_4__Terasakiellaceae___D_5__uncultured	growth_rate_mm_per_year	FALSE
BM_Lambda	-	lambda=ML delta=1kappa=1	-48.0454717490511	-47.1223948259742	lambda	lambda : 0.904066702954339 (95% CI  0.245245268537354  -  NA )	0.509241574880203	0.000552035557471257	0.108977003110193	0.000268157998908972 - 0.000835913116033543	0.000144835489062391	0.00190714579150342	tissue_D_0__Bacteria___D_1__Proteobacteria___D_2__Alphaproteobacteria___D_3__Rhodospirillales___D_4__Terasakiellaceae___D_5__uncultured	growth_rate_mm_per_year	FALSE
BM_Kappa	-	lambda=1 delta=1kappa=ML	-48.2715357895744	-47.3484588664974	kappa	kappa : 0.442686906295596 (95% CI  NA  -  NA )	0.506431430324384	0.00056291111703413	0.113052949733877	0.000271809041655291 - 0.000854013192412969	0.00014852146703002	0.001989326527708	tissue_D_0__Bacteria___D_1__Proteobacteria___D_2__Alphaproteobacteria___D_3__Rhodospirillales___D_4__Terasakiellaceae___D_5__uncultured	growth_rate_mm_per_year	TRUE
BM_Delta	-	lambda=1 delta=MLkappa=1	-45.7703818461168	-44.8473049230399	delta	delta : 1 (95% CI  0.226153228244896  -  NA )	0.639486582299765	0.000584679401839057	0.108477371429697	0.000354718053836699 - 0.000814640749841414	0.00011732721836855	0.000200628601672914	tissue_D_0__Bacteria___D_1__Proteobacteria___D_2__Alphaproteobacteria___D_3__Rhodospirillales___D_4__Terasakiellaceae___D_5__uncultured	growth_rate_mm_per_year	FALSE
