model_name	compartment	branch_length_transformation	AIC	AICc	estimated_parameter	parameter_value	R2	slope	intercept	x_trait_slope_95CI	x_trait_slope_stdev	p	x_trait	y_trait	best_model
BM	-	lambda=1 delta=1kappa=1	-29.4490110280941	-28.5259341050172	None	All parameters fixed	0.00014041726840114	-1.63206249451062e-05	0.113846707958455	-0.000737740469649433 - 0.000705099219759221	0.000368071349338942	0.965258890875771	tissue_D_0__Bacteria___D_1__Proteobacteria___D_2__Alphaproteobacteria___D_3__Sphingomonadales___D_4__Sphingomonadaceae___D_5__Sphingobium	growth_rate_mm_per_year	FALSE
BM_Lambda	-	lambda=ML delta=1kappa=1	-43.0739639681059	-42.150887045029	lambda	lambda : 0.340008931007834 (95% CI  NA  -  0.837698290514035 )	0.132960212784568	0.000447939932970548	0.0982180599916716	-0.00015125826280058 - 0.00104713812874167	0.000305713365189351	0.164954082823737	tissue_D_0__Bacteria___D_1__Proteobacteria___D_2__Alphaproteobacteria___D_3__Sphingomonadales___D_4__Sphingomonadaceae___D_5__Sphingobium	growth_rate_mm_per_year	TRUE
BM_Kappa	-	lambda=1 delta=1kappa=ML	-42.4451600002268	-41.5220830771499	kappa	kappa : 1e-06 (95% CI  NA  -  0.358632215621546 )	0.129708715726339	0.000371991639676048	0.104606118529544	-0.000132754458490489 - 0.000876737737842586	0.000257523519472723	0.170606847757117	tissue_D_0__Bacteria___D_1__Proteobacteria___D_2__Alphaproteobacteria___D_3__Sphingomonadales___D_4__Sphingomonadaceae___D_5__Sphingobium	growth_rate_mm_per_year	FALSE
BM_Delta	-	lambda=1 delta=MLkappa=1	-29.4490110280941	-28.5259341050172	delta	delta : 1 (95% CI  0.296565007442895  -  NA )	0.00014041726840114	-1.63206249451062e-05	0.113846707958455	-0.000737740469649433 - 0.000705099219759221	0.000368071349338942	0.965258890875771	tissue_D_0__Bacteria___D_1__Proteobacteria___D_2__Alphaproteobacteria___D_3__Sphingomonadales___D_4__Sphingomonadaceae___D_5__Sphingobium	growth_rate_mm_per_year	FALSE
