model_name	compartment	branch_length_transformation	AIC	AICc	estimated_parameter	parameter_value	R2	slope	intercept	x_trait_slope_95CI	x_trait_slope_stdev	p	x_trait	y_trait	best_model
BM	-	lambda=1 delta=1kappa=1	107.666898869276	108.18863799971	None	All parameters fixed	0.142442848676973	-0.00875600481722789	4.73414932911246	-0.0173514357227149 - -0.000160573911740874	0.00438542393137093	0.0573301571695026	mucus_D_0__Bacteria___D_1__Proteobacteria___D_2__Gammaproteobacteria___D_3__Oceanospirillales___D_4__Endozoicomonadaceae___D_5__Endozoicomonas	depth	FALSE
BM_Lambda	-	lambda=ML delta=1kappa=1	106.208442049466	106.730181179901	lambda	lambda : 1e-06 (95% CI  NA  -  NA )	0.0732921960949913	-0.00785038960533709	4.35524978001934	-0.0190186158686181 - 0.00331783665794396	0.00569807462412298	0.180999966099849	mucus_D_0__Bacteria___D_1__Proteobacteria___D_2__Gammaproteobacteria___D_3__Oceanospirillales___D_4__Endozoicomonadaceae___D_5__Endozoicomonas	depth	FALSE
BM_Kappa	-	lambda=1 delta=1kappa=ML	100.372794559393	100.894533689828	kappa	kappa : 0.113746223705084 (95% CI  NA  -  0.744079404354074 )	0.147984876193883	-0.00835957798368635	4.79938842035791	-0.0163846657209434 - -0.000334490246429328	0.00409443251900869	0.0523212544358496	mucus_D_0__Bacteria___D_1__Proteobacteria___D_2__Gammaproteobacteria___D_3__Oceanospirillales___D_4__Endozoicomonadaceae___D_5__Endozoicomonas	depth	TRUE
BM_Delta	-	lambda=1 delta=MLkappa=1	107.666898869276	108.18863799971	delta	delta : 1 (95% CI  0.293166708025617  -  NA )	0.142442848676973	-0.00875600481722789	4.73414932911246	-0.0173514357227149 - -0.000160573911740874	0.00438542393137093	0.0573301571695026	mucus_D_0__Bacteria___D_1__Proteobacteria___D_2__Gammaproteobacteria___D_3__Oceanospirillales___D_4__Endozoicomonadaceae___D_5__Endozoicomonas	depth	FALSE
