model_name	compartment	branch_length_transformation	AIC	AICc	estimated_parameter	parameter_value	R2	slope	intercept	x_trait_slope_95CI	x_trait_slope_stdev	p	x_trait	y_trait	best_model
BM	-	lambda=1 delta=1kappa=1	588.555712297187	588.816581862404	None	All parameters fixed	0.00775965784304125	0.346242717061924	146.444918673144	-0.773130583561084 - 1.46561601768493	0.571108826848473	0.547256651257452	all_D_0__Bacteria___D_1__Bacteroidetes___D_2__Chlorobia___D_3__Chlorobiales___D_4__Chlorobiaceae___D_5__Prosthecochloris	observed_features_all	FALSE
BM_Lambda	-	lambda=ML delta=1kappa=1	565.873404410666	566.134273975883	lambda	lambda : 1e-06 (95% CI  NA  -  0.503400563081224 )	0.0124519236809128	0.634305989077568	143.964518912961	-0.980672912439965 - 2.2492848905951	0.823968827304864	0.445259934141669	all_D_0__Bacteria___D_1__Bacteroidetes___D_2__Chlorobia___D_3__Chlorobiales___D_4__Chlorobiaceae___D_5__Prosthecochloris	observed_features_all	TRUE
BM_Kappa	-	lambda=1 delta=1kappa=ML	576.849820715471	577.110690280688	kappa	kappa : 0.216801951874234 (95% CI  NA  -  0.668759139382524 )	0.0074631492786406	0.428279440828137	136.557736250373	-0.98375934213276 - 1.84031822378903	0.720427950490253	0.555042747987152	all_D_0__Bacteria___D_1__Bacteroidetes___D_2__Chlorobia___D_3__Chlorobiales___D_4__Chlorobiaceae___D_5__Prosthecochloris	observed_features_all	FALSE
BM_Delta	-	lambda=1 delta=MLkappa=1	588.555712297187	588.816581862404	delta	delta : 1 (95% CI  0.419362435913421  -  NA )	0.00775965784304125	0.346242717061924	146.444918673144	-0.773130583561084 - 1.46561601768493	0.571108826848473	0.547256651257452	all_D_0__Bacteria___D_1__Bacteroidetes___D_2__Chlorobia___D_3__Chlorobiales___D_4__Chlorobiaceae___D_5__Prosthecochloris	observed_features_all	FALSE
