model_name	compartment	branch_length_transformation	AIC	AICc	estimated_parameter	parameter_value	R2	slope	intercept	x_trait_slope_95CI	x_trait_slope_stdev	p	x_trait	y_trait	best_model
BM	-	lambda=1 delta=1kappa=1	402.942165238212	403.329262012406	None	All parameters fixed	0.0375031126569843	-0.190074829673486	167.685622068519	-0.52370990476183 - 0.143560245414858	0.17022197708589	0.2724674177514	skeleton_D_0__Bacteria___D_1__Firmicutes___D_2__Clostridia___D_3__Clostridiales___D_4__Clostridiaceae_4___D_5__Paramaledivibacter	observed_features_all	FALSE
BM_Lambda	-	lambda=ML delta=1kappa=1	392.217397527249	392.604494301443	lambda	lambda : 0.821361073721152 (95% CI  NA  -  0.979361706392114 )	0.020297588615154	-0.181290830538111	166.261952282356	-0.61768786051948 - 0.255106199443258	0.222651545908862	0.421528126120055	skeleton_D_0__Bacteria___D_1__Firmicutes___D_2__Clostridia___D_3__Clostridiales___D_4__Clostridiaceae_4___D_5__Paramaledivibacter	observed_features_all	TRUE
BM_Kappa	-	lambda=1 delta=1kappa=ML	394.307998676495	394.695095450688	kappa	kappa : 0.402249949849192 (95% CI  NA  -  0.808507909266947 )	0.0216394512131898	-0.177519706754681	164.117678856518	-0.591094440352466 - 0.236055026843105	0.211007517141727	0.406425473237089	skeleton_D_0__Bacteria___D_1__Firmicutes___D_2__Clostridia___D_3__Clostridiales___D_4__Clostridiaceae_4___D_5__Paramaledivibacter	observed_features_all	FALSE
BM_Delta	-	lambda=1 delta=MLkappa=1	402.942165238212	403.329262012406	delta	delta : 1 (95% CI  0.355933112101558  -  NA )	0.0375031126569843	-0.190074829673486	167.685622068519	-0.52370990476183 - 0.143560245414858	0.17022197708589	0.2724674177514	skeleton_D_0__Bacteria___D_1__Firmicutes___D_2__Clostridia___D_3__Clostridiales___D_4__Clostridiaceae_4___D_5__Paramaledivibacter	observed_features_all	FALSE
