model_name	compartment	branch_length_transformation	AIC	AICc	estimated_parameter	parameter_value	R2	slope	intercept	x_trait_slope_95CI	x_trait_slope_stdev	p	x_trait	y_trait	best_model
BM	-	lambda=1 delta=1kappa=1	111.281857071641	111.803596202076	None	All parameters fixed	0.0145240922863485	0.00348089019194668	3.90197706677768	-0.00799058524608291 - 0.0149523656299763	0.00585279359083142	0.557583382917369	all_D_0__Bacteria___D_1__Proteobacteria___D_2__Alphaproteobacteria___D_3__Rickettsiales___D_4__Midichloriaceae___D_5__MD3_55	depth	FALSE
BM_Lambda	-	lambda=ML delta=1kappa=1	106.494892603603	107.016631734037	lambda	lambda : 1e-06 (95% CI  NA  -  0.94657915812529 )	0.0630259016002568	0.00391734553102031	3.87613451453138	-0.00212557092402789 - 0.0099602619860685	0.00308312064033071	0.216057841516879	all_D_0__Bacteria___D_1__Proteobacteria___D_2__Alphaproteobacteria___D_3__Rickettsiales___D_4__Midichloriaceae___D_5__MD3_55	depth	FALSE
BM_Kappa	-	lambda=1 delta=1kappa=ML	102.399944715825	102.92168384626	kappa	kappa : 1e-06 (95% CI  NA  -  0.606997320653157 )	0.0790198725809211	0.00353195334592633	3.75793110648409	-0.00129221412458856 - 0.00835612081644121	0.00246130993393617	0.164194503971787	all_D_0__Bacteria___D_1__Proteobacteria___D_2__Alphaproteobacteria___D_3__Rickettsiales___D_4__Midichloriaceae___D_5__MD3_55	depth	TRUE
BM_Delta	-	lambda=1 delta=MLkappa=1	111.281857071641	111.803596202076	delta	delta : 1 (95% CI  0.313412791869897  -  NA )	0.0145240922863485	0.00348089019194668	3.90197706677768	-0.00799058524608291 - 0.0149523656299763	0.00585279359083142	0.557583382917369	all_D_0__Bacteria___D_1__Proteobacteria___D_2__Alphaproteobacteria___D_3__Rickettsiales___D_4__Midichloriaceae___D_5__MD3_55	depth	FALSE
