model_name	compartment	branch_length_transformation	AIC	AICc	estimated_parameter	parameter_value	R2	slope	intercept	x_trait_slope_95CI	x_trait_slope_stdev	p	x_trait	y_trait	best_model
BM	-	lambda=1 delta=1kappa=1	273.615176906247	273.907859833076	None	All parameters fixed	0.0456470971612959	0.197078195782169	2.4696493755033	-0.0754540663027336 - 0.469610457867071	0.139047072492297	0.163757105581712	all_D_0__Bacteria___D_1__Proteobacteria___D_2__Alphaproteobacteria___D_3__Rhodobacterales___D_4__Rhodobacteraceae___D_5__Ruegeria	perc_dis	FALSE
BM_Lambda	-	lambda=ML delta=1kappa=1	257.1675901958	257.460273122629	lambda	lambda : 1e-06 (95% CI  NA  -  0.243102864763895 )	0.0288996736485851	0.147484736888387	2.34855636877501	-0.111076897731465 - 0.406046371508239	0.131919201336659	0.269924214563785	all_D_0__Bacteria___D_1__Proteobacteria___D_2__Alphaproteobacteria___D_3__Rhodobacterales___D_4__Rhodobacteraceae___D_5__Ruegeria	perc_dis	TRUE
BM_Kappa	-	lambda=1 delta=1kappa=ML	270.634791434659	270.927474361488	kappa	kappa : 0.527060850166651 (95% CI  0.00404059597990954  -  NA )	0.0829060436469123	0.298233186736604	1.89688162575791	-0.00175297110366646 - 0.598219344576874	0.153054162163403	0.0580511823509218	all_D_0__Bacteria___D_1__Proteobacteria___D_2__Alphaproteobacteria___D_3__Rhodobacterales___D_4__Rhodobacteraceae___D_5__Ruegeria	perc_dis	FALSE
BM_Delta	-	lambda=1 delta=MLkappa=1	273.615176906247	273.907859833076	delta	delta : 1 (95% CI  0.383864857724387  -  NA )	0.0456470971612959	0.197078195782169	2.4696493755033	-0.0754540663027336 - 0.469610457867071	0.139047072492297	0.163757105581712	all_D_0__Bacteria___D_1__Proteobacteria___D_2__Alphaproteobacteria___D_3__Rhodobacterales___D_4__Rhodobacteraceae___D_5__Ruegeria	perc_dis	FALSE
