model_name	compartment	branch_length_transformation	AIC	AICc	estimated_parameter	parameter_value	R2	slope	intercept	x_trait_slope_95CI	x_trait_slope_stdev	p	x_trait	y_trait	best_model
BM	-	lambda=1 delta=1kappa=1	-27.7699564877182	-27.5090869225009	None	All parameters fixed	0.0388314437451426	-0.000604219193239349	0.175676575836053	-0.00146364752718394 - 0.000255209140705245	0.000438483843849282	0.174736962285895	all_D_0__Bacteria___D_1__Spirochaetes___D_2__Spirochaetia___D_3__Spirochaetales___D_4__Spirochaetaceae___D_5__Spirochaeta_2	dominance_all	FALSE
BM_Lambda	-	lambda=ML delta=1kappa=1	-80.1015272987152	-79.8406577334978	lambda	lambda : 1e-06 (95% CI  NA  -  0.290754199410755 )	0.00891498489761907	-0.000251790341993529	0.161601655673943	-0.00101078961357057 - 0.000507208929583509	0.000387244526314815	0.518722245332705	all_D_0__Bacteria___D_1__Spirochaetes___D_2__Spirochaetia___D_3__Spirochaetales___D_4__Spirochaetaceae___D_5__Spirochaeta_2	dominance_all	TRUE
BM_Kappa	-	lambda=1 delta=1kappa=ML	-59.2910112130712	-59.0301416478538	kappa	kappa : 1e-06 (95% CI  NA  -  0.287704605556966 )	0.0213580437446002	-0.000393776571680485	0.204244013045231	-0.00115583486812032 - 0.000368281724759349	0.00038880525328563	0.316347977593241	all_D_0__Bacteria___D_1__Spirochaetes___D_2__Spirochaetia___D_3__Spirochaetales___D_4__Spirochaetaceae___D_5__Spirochaeta_2	dominance_all	FALSE
BM_Delta	-	lambda=1 delta=MLkappa=1	-27.7699564877182	-27.5090869225009	delta	delta : 1 (95% CI  0.467116279292003  -  NA )	0.0388314437451426	-0.000604219193239349	0.175676575836053	-0.00146364752718394 - 0.000255209140705245	0.000438483843849282	0.174736962285895	all_D_0__Bacteria___D_1__Spirochaetes___D_2__Spirochaetia___D_3__Spirochaetales___D_4__Spirochaetaceae___D_5__Spirochaeta_2	dominance_all	FALSE
