model_name	compartment	branch_length_transformation	AIC	AICc	estimated_parameter	parameter_value	R2	slope	intercept	x_trait_slope_95CI	x_trait_slope_stdev	p	x_trait	y_trait	best_model
BM	-	lambda=1 delta=1kappa=1	259.4428351601	259.758624633784	None	All parameters fixed	0.000464354768795711	-0.00278571650751655	3.66637852685094	-0.0433491654163272 - 0.0377777324012941	0.0206956371983728	0.893617222392018	skeleton_D_0__Bacteria___D_1__Proteobacteria___D_2__Alphaproteobacteria___D_3__Rickettsiales___D_4__Midichloriaceae___D_5__MD3_55	perc_dis	FALSE
BM_Lambda	-	lambda=ML delta=1kappa=1	243.376039799105	243.691829272789	lambda	lambda : 1e-06 (95% CI  NA  -  0.256739660198936 )	0.00119045970686237	-0.00184169791049724	3.11453084636169	-0.0185844232927568 - 0.0149010274717623	0.00854220682768346	0.830423342176992	skeleton_D_0__Bacteria___D_1__Proteobacteria___D_2__Alphaproteobacteria___D_3__Rickettsiales___D_4__Midichloriaceae___D_5__MD3_55	perc_dis	TRUE
BM_Kappa	-	lambda=1 delta=1kappa=ML	258.462295827852	258.778085301536	kappa	kappa : 0.668339502272613 (95% CI  0.0547095599061038  -  NA )	0.000675660601222116	-0.0024939069541172	3.65497920858278	-0.0325957404373888 - 0.0276079265291544	0.0153580783077916	0.871841871502461	skeleton_D_0__Bacteria___D_1__Proteobacteria___D_2__Alphaproteobacteria___D_3__Rickettsiales___D_4__Midichloriaceae___D_5__MD3_55	perc_dis	FALSE
BM_Delta	-	lambda=1 delta=MLkappa=1	259.4428351601	259.758624633784	delta	delta : 1 (95% CI  0.375853741039565  -  NA )	0.000464354768795711	-0.00278571650751655	3.66637852685094	-0.0433491654163272 - 0.0377777324012941	0.0206956371983728	0.893617222392018	skeleton_D_0__Bacteria___D_1__Proteobacteria___D_2__Alphaproteobacteria___D_3__Rickettsiales___D_4__Midichloriaceae___D_5__MD3_55	perc_dis	FALSE
