model_name	compartment	branch_length_transformation	AIC	AICc	estimated_parameter	parameter_value	R2	slope	intercept	x_trait_slope_95CI	x_trait_slope_stdev	p	x_trait	y_trait	best_model
BM	-	lambda=1 delta=1kappa=1	125.606234084359	126.3121164373	None	All parameters fixed	0.0930865999922324	8.88911439458506	-3.76420639803673	-3.92880804788184 - 21.707036837052	6.5397563481974	0.190857078993453	gini_index_skeleton	perc_dis	FALSE
BM_Lambda	-	lambda=ML delta=1kappa=1	117.209423980112	117.915306333053	lambda	lambda : 1e-06 (95% CI  NA  -  0.672347417652944 )	0.140239879837881	19.0451573503653	-13.7461779056984	-2.73982772493019 - 40.8301424256609	11.1147883037222	0.103790621686707	gini_index_skeleton	perc_dis	TRUE
BM_Kappa	-	lambda=1 delta=1kappa=ML	124.637916336537	125.343798689478	kappa	kappa : 0.67809819693241 (95% CI  NA  -  NA )	0.0901188957678316	10.5025415238591	-5.09173555205217	-4.9144139555188 - 25.9194970032371	7.86579361192752	0.198446886917959	gini_index_skeleton	perc_dis	FALSE
BM_Delta	-	lambda=1 delta=MLkappa=1	125.606234084359	126.3121164373	delta	delta : 1 (95% CI  0.284862542032322  -  NA )	0.0930865999922324	8.88911439458506	-3.76420639803673	-3.92880804788184 - 21.707036837052	6.5397563481974	0.190857078993453	gini_index_skeleton	perc_dis	FALSE
