model_name	compartment	branch_length_transformation	AIC	AICc	estimated_parameter	parameter_value	R2	slope	intercept	x_trait_slope_95CI	x_trait_slope_stdev	p	x_trait	y_trait	best_model
BM	-	lambda=1 delta=1kappa=1	247.702256819997	248.026581144321	None	All parameters fixed	0.196937044128592	0.0279602383836647	2.14503441326197	0.0100080981645506 - 0.0459123786027789	0.00915925521383374	0.00412645519758303	all_D_0__Bacteria___D_1__Proteobacteria___D_2__Gammaproteobacteria___D_3__Oceanospirillales___D_4__Endozoicomonadaceae___D_5__Endozoicomonas	perc_dis	FALSE
BM_Lambda	-	lambda=ML delta=1kappa=1	225.494717424877	225.819041749201	lambda	lambda : 1e-06 (95% CI  NA  -  0.224617812639695 )	0.275577335273692	0.0354969500067761	1.5340655508316	0.017197856409444 - 0.0537960436041082	0.0093362722435368	0.000505665090639429	all_D_0__Bacteria___D_1__Proteobacteria___D_2__Gammaproteobacteria___D_3__Oceanospirillales___D_4__Endozoicomonadaceae___D_5__Endozoicomonas	perc_dis	TRUE
BM_Kappa	-	lambda=1 delta=1kappa=ML	244.556303759529	244.880628083853	kappa	kappa : 0.49134895225503 (95% CI  NA  -  NA )	0.222498249506597	0.0311229757443357	1.88564188805833	0.0126246349665912 - 0.0496213165220802	0.009437928968237	0.00212178944043595	all_D_0__Bacteria___D_1__Proteobacteria___D_2__Gammaproteobacteria___D_3__Oceanospirillales___D_4__Endozoicomonadaceae___D_5__Endozoicomonas	perc_dis	FALSE
BM_Delta	-	lambda=1 delta=MLkappa=1	247.702256819997	248.026581144321	delta	delta : 1 (95% CI  0.388911361741836  -  NA )	0.196937044128592	0.0279602383836647	2.14503441326197	0.0100080981645506 - 0.0459123786027789	0.00915925521383374	0.00412645519758303	all_D_0__Bacteria___D_1__Proteobacteria___D_2__Gammaproteobacteria___D_3__Oceanospirillales___D_4__Endozoicomonadaceae___D_5__Endozoicomonas	perc_dis	FALSE
