model_name	compartment	branch_length_transformation	AIC	AICc	estimated_parameter	parameter_value	R2	slope	intercept	x_trait_slope_95CI	x_trait_slope_stdev	p	x_trait	y_trait	best_model
BM	-	lambda=1 delta=1kappa=1	221.430953045933	222.230953045933	None	All parameters fixed	1.29719914173545e-05	0.00436965845317078	152.158893993949	-0.590110589255668 - 0.59884990616201	0.30330624883104	0.988683587228694	skeleton_D_0__Bacteria___D_1__Bacteroidetes___D_2__Chlorobia___D_3__Chlorobiales___D_4__Chlorobiaceae___D_5__Prosthecochloris	observed_features_all	FALSE
BM_Lambda	-	lambda=ML delta=1kappa=1	201.882026425801	202.682026425801	lambda	lambda : 1e-06 (95% CI  NA  -  0.580990079796861 )	0.000827768182665014	-0.0464627825208099	156.497384275647	-0.837445707227197 - 0.744520142185577	0.403562716686932	0.909773402243453	skeleton_D_0__Bacteria___D_1__Bacteroidetes___D_2__Chlorobia___D_3__Chlorobiales___D_4__Chlorobiaceae___D_5__Prosthecochloris	observed_features_all	TRUE
BM_Kappa	-	lambda=1 delta=1kappa=ML	207.888108936645	208.688108936645	kappa	kappa : 1e-06 (95% CI  NA  -  0.434075840775412 )	0.0076996674055274	-0.123605861414076	150.427586163268	-0.811181896279777 - 0.563970173451626	0.350804099421276	0.729174063543328	skeleton_D_0__Bacteria___D_1__Bacteroidetes___D_2__Chlorobia___D_3__Chlorobiales___D_4__Chlorobiaceae___D_5__Prosthecochloris	observed_features_all	FALSE
BM_Delta	-	lambda=1 delta=MLkappa=1	221.430953045933	222.230953045933	delta	delta : 1 (95% CI  0.30639949244902  -  NA )	1.29719914173545e-05	0.00436965845317078	152.158893993949	-0.590110589255668 - 0.59884990616201	0.30330624883104	0.988683587228694	skeleton_D_0__Bacteria___D_1__Bacteroidetes___D_2__Chlorobia___D_3__Chlorobiales___D_4__Chlorobiaceae___D_5__Prosthecochloris	observed_features_all	FALSE
