model_name	compartment	branch_length_transformation	AIC	AICc	estimated_parameter	parameter_value	R2	slope	intercept	x_trait_slope_95CI	x_trait_slope_stdev	p	x_trait	y_trait	best_model
BM	-	lambda=1 delta=1kappa=1	-57.7915868920492	-57.518859619322	None	All parameters fixed	0.061149377636813	0.00142086887081553	0.149295940235663	-0.000205825795513711 - 0.00304756353714476	0.000829946258331243	0.0937809884734115	skeleton_D_0__Bacteria___D_1__Proteobacteria___D_2__Gammaproteobacteria___D_3__Oceanospirillales___D_4__Endozoicomonadaceae___D_5__Endozoicomonas	dominance_all	FALSE
BM_Lambda	-	lambda=ML delta=1kappa=1	-96.2488534993458	-95.9761262266185	lambda	lambda : 1e-06 (95% CI  NA  -  0.29966721393918 )	0.0891924007186509	0.00122279119159552	0.140190707526231	8.10924772357824e-05 - 0.00236448990595526	0.000582499344061092	0.0414388905902567	skeleton_D_0__Bacteria___D_1__Proteobacteria___D_2__Gammaproteobacteria___D_3__Oceanospirillales___D_4__Endozoicomonadaceae___D_5__Endozoicomonas	dominance_all	TRUE
BM_Kappa	-	lambda=1 delta=1kappa=ML	-71.7777870997125	-71.5050598269852	kappa	kappa : 0.224500569618453 (95% CI  NA  -  0.619883253770195 )	0.0671036204180787	0.0012854034638783	0.167657300311756	-0.000114934968223448 - 0.00268574189598005	0.000714458383725382	0.0787062408994017	skeleton_D_0__Bacteria___D_1__Proteobacteria___D_2__Gammaproteobacteria___D_3__Oceanospirillales___D_4__Endozoicomonadaceae___D_5__Endozoicomonas	dominance_all	FALSE
BM_Delta	-	lambda=1 delta=MLkappa=1	-57.7915868920492	-57.518859619322	delta	delta : 1 (95% CI  0.433188174741997  -  NA )	0.061149377636813	0.00142086887081553	0.149295940235663	-0.000205825795513711 - 0.00304756353714476	0.000829946258331243	0.0937809884734115	skeleton_D_0__Bacteria___D_1__Proteobacteria___D_2__Gammaproteobacteria___D_3__Oceanospirillales___D_4__Endozoicomonadaceae___D_5__Endozoicomonas	dominance_all	FALSE
