model_name	compartment	branch_length_transformation	AIC	AICc	estimated_parameter	parameter_value	R2	slope	intercept	x_trait_slope_95CI	x_trait_slope_stdev	p	x_trait	y_trait	best_model
BM	-	lambda=1 delta=1kappa=1	-30.6157435290486	-29.7586006719057	None	All parameters fixed	0.205370982240789	0.000680391957901162	0.0543428812902674	3.0900740544636e-06 - 0.00135769384174786	0.00034556218563607	0.0677203200512659	mucus_D_0__Bacteria___D_1__Proteobacteria___D_2__Alphaproteobacteria___D_3__Sphingomonadales___D_4__Sphingomonadaceae___D_5__Sphingobium	growth_rate_mm_per_year	FALSE
BM_Lambda	-	lambda=ML delta=1kappa=1	-39.9671392313173	-39.1099963741745	lambda	lambda : 1e-06 (95% CI  NA  -  0.844792646563816 )	0.178988592800663	0.000588337713880467	0.0811674868915827	-4.93367845768215e-05 - 0.00122601221233776	0.000325344131865964	0.0906396547618991	mucus_D_0__Bacteria___D_1__Proteobacteria___D_2__Alphaproteobacteria___D_3__Sphingomonadales___D_4__Sphingomonadaceae___D_5__Sphingobium	growth_rate_mm_per_year	TRUE
BM_Kappa	-	lambda=1 delta=1kappa=ML	-36.5550835368282	-35.6979406796854	kappa	kappa : 1e-06 (95% CI  NA  -  0.79132194224607 )	0.250061482030714	0.000825160719839956	0.0363598597109087	0.000101994023451667 - 0.00154832741622824	0.000368962600198107	0.040940164952588	mucus_D_0__Bacteria___D_1__Proteobacteria___D_2__Alphaproteobacteria___D_3__Sphingomonadales___D_4__Sphingomonadaceae___D_5__Sphingobium	growth_rate_mm_per_year	FALSE
BM_Delta	-	lambda=1 delta=MLkappa=1	-30.6157435290486	-29.7586006719057	delta	delta : 1 (95% CI  0.282143194604856  -  NA )	0.205370982240789	0.000680391957901162	0.0543428812902674	3.0900740544636e-06 - 0.00135769384174786	0.00034556218563607	0.0677203200512659	mucus_D_0__Bacteria___D_1__Proteobacteria___D_2__Alphaproteobacteria___D_3__Sphingomonadales___D_4__Sphingomonadaceae___D_5__Sphingobium	growth_rate_mm_per_year	FALSE
