model_name	compartment	branch_length_transformation	AIC	AICc	estimated_parameter	parameter_value	R2	slope	intercept	x_trait_slope_95CI	x_trait_slope_stdev	p	x_trait	y_trait	best_model
BM	-	lambda=1 delta=1kappa=1	-24.3642025548305	-24.0784882691162	None	All parameters fixed	0.00992657543462833	-0.000491355359902049	0.187806151159471	-0.00195808990071901 - 0.000975379180914914	0.00074833394939641	0.514937529194249	mucus_D_0__Bacteria___D_1__Cyanobacteria___D_2__Oxyphotobacteria___D_3__Synechococcales___D_4__Cyanobiaceae___D_5__Synechococcus_CC9902	dominance_all	FALSE
BM_Lambda	-	lambda=ML delta=1kappa=1	-75.8918468835795	-75.6061325978652	lambda	lambda : 1e-06 (95% CI  NA  -  0.275676956248563 )	0.0179235948182517	-0.000672960252842412	0.184257389351886	-0.00216188016300545 - 0.000815959657320626	0.000759653015389305	0.380610551498625	mucus_D_0__Bacteria___D_1__Cyanobacteria___D_2__Oxyphotobacteria___D_3__Synechococcales___D_4__Cyanobiaceae___D_5__Synechococcus_CC9902	dominance_all	TRUE
BM_Kappa	-	lambda=1 delta=1kappa=ML	-55.9191385607223	-55.6334242750081	kappa	kappa : 1e-06 (95% CI  NA  -  0.298068791618266 )	0.00810495582845999	-0.000435958139601894	0.215395211299503	-0.00187748974348063 - 0.00100557346427684	0.000735475308101396	0.556448507145628	mucus_D_0__Bacteria___D_1__Cyanobacteria___D_2__Oxyphotobacteria___D_3__Synechococcales___D_4__Cyanobiaceae___D_5__Synechococcus_CC9902	dominance_all	FALSE
BM_Delta	-	lambda=1 delta=MLkappa=1	-24.3642025548305	-24.0784882691162	delta	delta : 1 (95% CI  0.465381484272416  -  NA )	0.00992657543462833	-0.000491355359902049	0.187806151159471	-0.00195808990071901 - 0.000975379180914914	0.00074833394939641	0.514937529194249	mucus_D_0__Bacteria___D_1__Cyanobacteria___D_2__Oxyphotobacteria___D_3__Synechococcales___D_4__Cyanobiaceae___D_5__Synechococcus_CC9902	dominance_all	FALSE
