model_name	compartment	branch_length_transformation	AIC	AICc	estimated_parameter	parameter_value	R2	slope	intercept	x_trait_slope_95CI	x_trait_slope_stdev	p	x_trait	y_trait	best_model
BM	-	lambda=1 delta=1kappa=1	111.257431345951	111.779170476386	None	All parameters fixed	0.0154494638628914	0.0103167773472625	4.08870313929786	-0.022633328075424 - 0.043266882769949	0.0168112782768809	0.545198758566037	all_D_0__Bacteria___D_1__Proteobacteria___D_2__Gammaproteobacteria___D_3__Vibrionales___D_4__Vibrionaceae___D_5__Vibrio	depth	FALSE
BM_Lambda	-	lambda=ML delta=1kappa=1	107.859142640574	108.380881771009	lambda	lambda : 1e-06 (95% CI  NA  -  NA )	0.0125490802630732	-0.0249614336427715	4.12912932261742	-0.11354879915448 - 0.063625931868937	0.0451976354651574	0.585868289732206	all_D_0__Bacteria___D_1__Proteobacteria___D_2__Gammaproteobacteria___D_3__Vibrionales___D_4__Vibrionaceae___D_5__Vibrio	depth	FALSE
BM_Kappa	-	lambda=1 delta=1kappa=ML	104.48704805367	105.008787184105	kappa	kappa : 0.0613198011741421 (95% CI  NA  -  0.75338663514907 )	0.000891801392887408	0.00453832633072579	4.06111748320005	-0.0562357489624306 - 0.0653124016238821	0.0310071812720185	0.884856739714683	all_D_0__Bacteria___D_1__Proteobacteria___D_2__Gammaproteobacteria___D_3__Vibrionales___D_4__Vibrionaceae___D_5__Vibrio	depth	TRUE
BM_Delta	-	lambda=1 delta=MLkappa=1	111.257431345951	111.779170476386	delta	delta : 1 (95% CI  0.298553272243106  -  NA )	0.0154494638628914	0.0103167773472625	4.08870313929786	-0.022633328075424 - 0.043266882769949	0.0168112782768809	0.545198758566037	all_D_0__Bacteria___D_1__Proteobacteria___D_2__Gammaproteobacteria___D_3__Vibrionales___D_4__Vibrionaceae___D_5__Vibrio	depth	FALSE
