model_name	compartment	branch_length_transformation	AIC	AICc	estimated_parameter	parameter_value	R2	slope	intercept	x_trait_slope_95CI	x_trait_slope_stdev	p	x_trait	y_trait	best_model
BM	-	lambda=1 delta=1kappa=1	148.939345888903	149.60601255557	None	All parameters fixed	0.00259744843659393	0.0302613488849592	3.43709813514413	-0.236381120979942 - 0.29690381874986	0.136042076461684	0.826344190138844	skeleton_D_0__Bacteria___D_1__Chloroflexi___D_2__Chloroflexia___D_3__Chloroflexales___D_4__Chloroflexaceae___D_5__Candidatus_Chlorothrix	perc_dis	FALSE
BM_Lambda	-	lambda=ML delta=1kappa=1	133.481030749538	134.147697416205	lambda	lambda : 1e-06 (95% CI  NA  -  0.385883597321958 )	0.0078317901174311	-0.0427654839067167	3.90460923949811	-0.259204123283931 - 0.173673155470497	0.110427877233272	0.7028596677509	skeleton_D_0__Bacteria___D_1__Chloroflexi___D_2__Chloroflexia___D_3__Chloroflexales___D_4__Chloroflexaceae___D_5__Candidatus_Chlorothrix	perc_dis	TRUE
BM_Kappa	-	lambda=1 delta=1kappa=ML	143.610581338407	144.277248005074	kappa	kappa : 1e-06 (95% CI  NA  -  0.843037920743036 )	1.61398940062561e-05	0.00214724739856606	3.68559234859005	-0.2381824901726 - 0.242476984969732	0.122617213046513	0.986210911159855	skeleton_D_0__Bacteria___D_1__Chloroflexi___D_2__Chloroflexia___D_3__Chloroflexales___D_4__Chloroflexaceae___D_5__Candidatus_Chlorothrix	perc_dis	FALSE
BM_Delta	-	lambda=1 delta=MLkappa=1	148.939345888903	149.60601255557	delta	delta : 1 (95% CI  0.320173229088766  -  NA )	0.00259744843659393	0.0302613488849592	3.43709813514413	-0.236381120979942 - 0.29690381874986	0.136042076461684	0.826344190138844	skeleton_D_0__Bacteria___D_1__Chloroflexi___D_2__Chloroflexia___D_3__Chloroflexales___D_4__Chloroflexaceae___D_5__Candidatus_Chlorothrix	perc_dis	FALSE
