model_name	compartment	branch_length_transformation	AIC	AICc	estimated_parameter	parameter_value	R2	slope	intercept	x_trait_slope_95CI	x_trait_slope_stdev	p	x_trait	y_trait	best_model
BM	-	lambda=1 delta=1kappa=1	-24.1118989812941	-23.8261846955798	None	All parameters fixed	0.00435989424261868	-0.00072162773026538	0.183286309923326	-0.00398110735796554 - 0.00253785189743478	0.0016629998100511	0.666507799379507	mucus_D_0__Bacteria___D_1__Proteobacteria___D_2__Gammaproteobacteria___D_3__Pseudomonadales___D_4__Moraxellaceae___D_5__Enhydrobacter	dominance_all	FALSE
BM_Lambda	-	lambda=ML delta=1kappa=1	-75.5424210474047	-75.2567067616904	lambda	lambda : 1e-06 (95% CI  NA  -  0.281222272372418 )	0.0102680690997908	-0.000485839340497417	0.171143686575736	-0.00191154187520475 - 0.000939863194209913	0.000727399252401699	0.50775849468723	mucus_D_0__Bacteria___D_1__Proteobacteria___D_2__Gammaproteobacteria___D_3__Pseudomonadales___D_4__Moraxellaceae___D_5__Enhydrobacter	dominance_all	TRUE
BM_Kappa	-	lambda=1 delta=1kappa=ML	-56.5980606757006	-56.3123463899863	kappa	kappa : 1e-06 (95% CI  NA  -  0.282747547738833 )	0.022957510042114	-0.00072344327208497	0.21419129547202	-0.00213409777547449 - 0.000687211231304547	0.000719721685402815	0.320437706140266	mucus_D_0__Bacteria___D_1__Proteobacteria___D_2__Gammaproteobacteria___D_3__Pseudomonadales___D_4__Moraxellaceae___D_5__Enhydrobacter	dominance_all	FALSE
BM_Delta	-	lambda=1 delta=MLkappa=1	-24.1118989812941	-23.8261846955798	delta	delta : 1 (95% CI  0.465422093115462  -  NA )	0.00435989424261868	-0.00072162773026538	0.183286309923326	-0.00398110735796554 - 0.00253785189743478	0.0016629998100511	0.666507799379507	mucus_D_0__Bacteria___D_1__Proteobacteria___D_2__Gammaproteobacteria___D_3__Pseudomonadales___D_4__Moraxellaceae___D_5__Enhydrobacter	dominance_all	FALSE
