model_name	compartment	branch_length_transformation	AIC	AICc	estimated_parameter	parameter_value	R2	slope	intercept	x_trait_slope_95CI	x_trait_slope_stdev	p	x_trait	y_trait	best_model
BM	-	lambda=1 delta=1kappa=1	-27.1329717602496	-26.8721021950322	None	All parameters fixed	0.0262549841772236	-0.00173157608511304	0.185455486080544	-0.00474642438901753 - 0.00128327221879145	0.00153818791015535	0.26599770438478	all_D_0__Bacteria___D_1__Proteobacteria___D_2__Alphaproteobacteria___D_3__Rhodobacterales___D_4__Rhodobacteraceae___D_5__Ruegeria	dominance_all	FALSE
BM_Lambda	-	lambda=ML delta=1kappa=1	-83.3074898690243	-83.0466203038069	lambda	lambda : 1e-06 (95% CI  NA  -  0.245676780012563 )	0.0716837045954385	-0.00247904926510824	0.174202958674202	-0.00502957709148521 - 7.14785612687275e-05	0.00130128970733519	0.0628996338587156	all_D_0__Bacteria___D_1__Proteobacteria___D_2__Alphaproteobacteria___D_3__Rhodobacterales___D_4__Rhodobacteraceae___D_5__Ruegeria	dominance_all	TRUE
BM_Kappa	-	lambda=1 delta=1kappa=ML	-60.3248518606986	-60.0639822954812	kappa	kappa : 1e-06 (95% CI  NA  -  0.266037129819795 )	0.041789901943072	-0.00213824929788497	0.223271921715895	-0.00506550173401062 - 0.000789003138240677	0.00149349614088043	0.158844436272437	all_D_0__Bacteria___D_1__Proteobacteria___D_2__Alphaproteobacteria___D_3__Rhodobacterales___D_4__Rhodobacteraceae___D_5__Ruegeria	dominance_all	FALSE
BM_Delta	-	lambda=1 delta=MLkappa=1	-27.1329717602496	-26.8721021950322	delta	delta : 1 (95% CI  0.472130943796259  -  NA )	0.0262549841772236	-0.00173157608511304	0.185455486080544	-0.00474642438901753 - 0.00128327221879145	0.00153818791015535	0.26599770438478	all_D_0__Bacteria___D_1__Proteobacteria___D_2__Alphaproteobacteria___D_3__Rhodobacterales___D_4__Rhodobacteraceae___D_5__Ruegeria	dominance_all	FALSE
