model_name	compartment	branch_length_transformation	AIC	AICc	estimated_parameter	parameter_value	R2	slope	intercept	x_trait_slope_95CI	x_trait_slope_stdev	p	x_trait	y_trait	best_model
BM	-	lambda=1 delta=1kappa=1	-30.4626030491115	-29.6626030491115	None	All parameters fixed	0.000511385579117627	-0.000291525458601486	0.129316998425488	-0.00660672757235218 - 0.00602367665514921	0.00322204189477076	0.929030002365632	skeleton_D_0__Bacteria___D_1__Proteobacteria___D_2__Alphaproteobacteria___D_3__Rhodobacterales___D_4__Rhodobacteraceae___D_5__Ruegeria	growth_rate_mm_per_year	FALSE
BM_Lambda	-	lambda=ML delta=1kappa=1	-39.3274482486836	-38.5274482486836	lambda	lambda : 1e-06 (95% CI  NA  -  0.897229042805946 )	0.0590274008027236	-0.00251152460055605	0.153640027306777	-0.00742507228414628 - 0.00240202308303417	0.0025069120834644	0.331332479248742	skeleton_D_0__Bacteria___D_1__Proteobacteria___D_2__Alphaproteobacteria___D_3__Rhodobacterales___D_4__Rhodobacteraceae___D_5__Ruegeria	growth_rate_mm_per_year	TRUE
BM_Kappa	-	lambda=1 delta=1kappa=ML	-35.3326856311731	-34.5326856311732	kappa	kappa : 0.210500507448105 (95% CI  NA  -  0.904862230195593 )	0.0311527931750002	-0.00199630126714409	0.147473282026993	-0.00745138363272903 - 0.00345878109844086	0.00278320528856375	0.483550218052973	skeleton_D_0__Bacteria___D_1__Proteobacteria___D_2__Alphaproteobacteria___D_3__Rhodobacterales___D_4__Rhodobacteraceae___D_5__Ruegeria	growth_rate_mm_per_year	FALSE
BM_Delta	-	lambda=1 delta=MLkappa=1	-30.4626030491115	-29.6626030491115	delta	delta : 1 (95% CI  0.278159873062248  -  NA )	0.000511385579117627	-0.000291525458601486	0.129316998425488	-0.00660672757235218 - 0.00602367665514921	0.00322204189477076	0.929030002365632	skeleton_D_0__Bacteria___D_1__Proteobacteria___D_2__Alphaproteobacteria___D_3__Rhodobacterales___D_4__Rhodobacteraceae___D_5__Ruegeria	growth_rate_mm_per_year	FALSE
