model_name	compartment	branch_length_transformation	AIC	AICc	estimated_parameter	parameter_value	R2	slope	intercept	x_trait_slope_95CI	x_trait_slope_stdev	p	x_trait	y_trait	best_model
BM	-	lambda=1 delta=1kappa=1	253.63445512661	253.958779450934	None	All parameters fixed	0.0263698129521448	0.00744962553507717	3.55981466831548	-0.00694307226268176 - 0.0218423233328361	0.0073432131621219	0.316764573844737	mucus_D_0__Bacteria___D_1__Proteobacteria___D_2__Alphaproteobacteria___D_3__Rhizobiales___D_4__Stappiaceae___D_5__Pseudovibrio	perc_dis	FALSE
BM_Lambda	-	lambda=ML delta=1kappa=1	237.333734440426	237.65805876475	lambda	lambda : 1e-06 (95% CI  NA  -  0.292232447751029 )	0.00844373300145606	0.00400841144313023	3.08867493287106	-0.00980268004594904 - 0.0178195029322095	0.00704647524953024	0.572802631266418	mucus_D_0__Bacteria___D_1__Proteobacteria___D_2__Alphaproteobacteria___D_3__Rhizobiales___D_4__Stappiaceae___D_5__Pseudovibrio	perc_dis	TRUE
BM_Kappa	-	lambda=1 delta=1kappa=ML	251.771431244982	252.095755569307	kappa	kappa : 0.57475390991604 (95% CI  NA  -  NA )	0.0258706725034346	0.00742138223797881	3.53572348522526	-0.00705811637631863 - 0.0219008808522763	0.0073874992930089	0.321450385775741	mucus_D_0__Bacteria___D_1__Proteobacteria___D_2__Alphaproteobacteria___D_3__Rhizobiales___D_4__Stappiaceae___D_5__Pseudovibrio	perc_dis	FALSE
BM_Delta	-	lambda=1 delta=MLkappa=1	253.63445512661	253.958779450934	delta	delta : 1 (95% CI  0.37915148982044  -  NA )	0.0263698129521448	0.00744962553507717	3.55981466831548	-0.00694307226268176 - 0.0218423233328361	0.0073432131621219	0.316764573844737	mucus_D_0__Bacteria___D_1__Proteobacteria___D_2__Alphaproteobacteria___D_3__Rhizobiales___D_4__Stappiaceae___D_5__Pseudovibrio	perc_dis	FALSE
