model_name	compartment	branch_length_transformation	AIC	AICc	estimated_parameter	parameter_value	R2	slope	intercept	x_trait_slope_95CI	x_trait_slope_stdev	p	x_trait	y_trait	best_model
BM	-	lambda=1 delta=1kappa=1	-32.7162718190109	-31.9162718190109	None	All parameters fixed	0.118134154305511	-0.0390079281520695	0.139025969723554	-0.0912310087795144 - 0.0132151524753755	0.0266444288915535	0.162559252294584	tissue_D_0__Bacteria___D_1__Proteobacteria___D_2__Alphaproteobacteria___D_3__Rickettsiales___D_4__Midichloriaceae___D_5__MD3_55	growth_rate_mm_per_year	FALSE
BM_Lambda	-	lambda=ML delta=1kappa=1	-41.9640328282112	-41.1640328282112	lambda	lambda : 1e-06 (95% CI  NA  -  0.895107498153155 )	0.187238995225584	-0.0668778974967749	0.157215706219622	-0.13515293850529 - 0.00139714351173992	0.034834204596181	0.0728821800227304	tissue_D_0__Bacteria___D_1__Proteobacteria___D_2__Alphaproteobacteria___D_3__Rickettsiales___D_4__Midichloriaceae___D_5__MD3_55	growth_rate_mm_per_year	TRUE
BM_Kappa	-	lambda=1 delta=1kappa=ML	-37.5176208431936	-36.7176208431936	kappa	kappa : 0.200533147038679 (95% CI  NA  -  0.915887989023815 )	0.14222133508898	-0.0496699369575844	0.145164986016117	-0.109441544085758 - 0.0101016701705893	0.0304957179225376	0.122893247175339	tissue_D_0__Bacteria___D_1__Proteobacteria___D_2__Alphaproteobacteria___D_3__Rickettsiales___D_4__Midichloriaceae___D_5__MD3_55	growth_rate_mm_per_year	FALSE
BM_Delta	-	lambda=1 delta=MLkappa=1	-32.7162718190109	-31.9162718190109	delta	delta : 1 (95% CI  0.283940287102386  -  NA )	0.118134154305511	-0.0390079281520695	0.139025969723554	-0.0912310087795144 - 0.0132151524753755	0.0266444288915535	0.162559252294584	tissue_D_0__Bacteria___D_1__Proteobacteria___D_2__Alphaproteobacteria___D_3__Rickettsiales___D_4__Midichloriaceae___D_5__MD3_55	growth_rate_mm_per_year	FALSE
