model_name	compartment	branch_length_transformation	AIC	AICc	estimated_parameter	parameter_value	R2	slope	intercept	x_trait_slope_95CI	x_trait_slope_stdev	p	x_trait	y_trait	best_model
BM	-	lambda=1 delta=1kappa=1	254.675754186687	255.000078511011	None	All parameters fixed	0.000691016829810875	0.00258662071685729	3.62070379105078	-0.0286887602096047 - 0.0338620016433193	0.015956827003297	0.872085056122024	mucus_D_0__Bacteria___D_1__Proteobacteria___D_2__Gammaproteobacteria___D_3__Vibrionales___D_4__Vibrionaceae___D_5__Vibrio	perc_dis	FALSE
BM_Lambda	-	lambda=ML delta=1kappa=1	237.665197227811	237.989521552135	lambda	lambda : 1e-06 (95% CI  NA  -  0.274127697347072 )	0.000192994953748899	0.00296565008358952	3.17320281015176	-0.0649030125279947 - 0.0708343126951738	0.0346268686793797	0.932197568359392	mucus_D_0__Bacteria___D_1__Proteobacteria___D_2__Gammaproteobacteria___D_3__Vibrionales___D_4__Vibrionaceae___D_5__Vibrio	perc_dis	TRUE
BM_Kappa	-	lambda=1 delta=1kappa=ML	252.707349829673	253.031674153998	kappa	kappa : 0.561733732306684 (95% CI  NA  -  NA )	0.00286098848429979	0.00731130988551189	3.51558893549895	-0.0360876442483136 - 0.0507102640193374	0.0221423235376661	0.74306532849469	mucus_D_0__Bacteria___D_1__Proteobacteria___D_2__Gammaproteobacteria___D_3__Vibrionales___D_4__Vibrionaceae___D_5__Vibrio	perc_dis	FALSE
BM_Delta	-	lambda=1 delta=MLkappa=1	254.675754186687	255.000078511011	delta	delta : 1 (95% CI  0.381469820886151  -  NA )	0.000691016829810875	0.00258662071685729	3.62070379105078	-0.0286887602096047 - 0.0338620016433193	0.015956827003297	0.872085056122024	mucus_D_0__Bacteria___D_1__Proteobacteria___D_2__Gammaproteobacteria___D_3__Vibrionales___D_4__Vibrionaceae___D_5__Vibrio	perc_dis	FALSE
