model_name	compartment	branch_length_transformation	AIC	AICc	estimated_parameter	parameter_value	R2	slope	intercept	x_trait_slope_95CI	x_trait_slope_stdev	p	x_trait	y_trait	best_model
BM	-	lambda=1 delta=1kappa=1	257.372883355218	257.697207679542	None	All parameters fixed	0.00710278535620466	-0.00317795394627835	3.64679340826459	-0.0151247011279089 - 0.00876879323535217	0.00609527917430128	0.605127973708856	tissue_D_0__Bacteria___D_1__Proteobacteria___D_2__Alphaproteobacteria___D_3__Rhodospirillales___D_4__Terasakiellaceae___D_5__uncultured	perc_dis	FALSE
BM_Lambda	-	lambda=ML delta=1kappa=1	237.636923431054	237.961247755378	lambda	lambda : 1e-06 (95% CI  NA  -  0.230160555319949 )	0.00774741550067965	-0.0063632440827509	3.35177554773946	-0.0292600841516609 - 0.0165335959861591	0.0116820612596479	0.589140983605396	tissue_D_0__Bacteria___D_1__Proteobacteria___D_2__Alphaproteobacteria___D_3__Rhodospirillales___D_4__Terasakiellaceae___D_5__uncultured	perc_dis	TRUE
BM_Kappa	-	lambda=1 delta=1kappa=ML	255.027168875414	255.351493199738	kappa	kappa : 0.521376036878472 (95% CI  NA  -  NA )	0.00321425972147888	-0.0029542457952094	3.59981509059155	-0.0194956100127361 - 0.0135871184223173	0.00843947153955442	0.728233249759369	tissue_D_0__Bacteria___D_1__Proteobacteria___D_2__Alphaproteobacteria___D_3__Rhodospirillales___D_4__Terasakiellaceae___D_5__uncultured	perc_dis	FALSE
BM_Delta	-	lambda=1 delta=MLkappa=1	257.372883355218	257.697207679542	delta	delta : 1 (95% CI  0.386790383565607  -  NA )	0.00710278535620466	-0.00317795394627835	3.64679340826459	-0.0151247011279089 - 0.00876879323535217	0.00609527917430128	0.605127973708856	tissue_D_0__Bacteria___D_1__Proteobacteria___D_2__Alphaproteobacteria___D_3__Rhodospirillales___D_4__Terasakiellaceae___D_5__uncultured	perc_dis	FALSE
