model_name	compartment	branch_length_transformation	AIC	AICc	estimated_parameter	parameter_value	R2	slope	intercept	x_trait_slope_95CI	x_trait_slope_stdev	p	x_trait	y_trait	best_model
BM	-	lambda=1 delta=1kappa=1	254.660028485043	254.984352809368	None	All parameters fixed	0.00108381048576926	0.00122492208943888	3.53949654239971	-0.0105989736411974 - 0.0130488178200751	0.00603259986256951	0.840178968058373	mucus_D_0__Bacteria___D_1__Proteobacteria___D_2__Alphaproteobacteria___D_3__Sphingomonadales___D_4__Sphingomonadaceae___D_5__Sphingobium	perc_dis	FALSE
BM_Lambda	-	lambda=ML delta=1kappa=1	237.377929376286	237.70225370061	lambda	lambda : 1e-06 (95% CI  NA  -  0.27442368653689 )	0.00734758341918301	0.00605866471173185	2.64233937827038	-0.0163320280948539 - 0.0284493575183176	0.011423822860503	0.598952636599655	mucus_D_0__Bacteria___D_1__Proteobacteria___D_2__Alphaproteobacteria___D_3__Sphingomonadales___D_4__Sphingomonadaceae___D_5__Sphingobium	perc_dis	TRUE
BM_Kappa	-	lambda=1 delta=1kappa=ML	252.669759492077	252.994083816401	kappa	kappa : 0.563745727452096 (95% CI  NA  -  NA )	0.00378364343578287	0.00332561682766578	3.31746993452993	-0.013832049388799 - 0.0204832830441306	0.00875391133493103	0.706134221412377	mucus_D_0__Bacteria___D_1__Proteobacteria___D_2__Alphaproteobacteria___D_3__Sphingomonadales___D_4__Sphingomonadaceae___D_5__Sphingobium	perc_dis	FALSE
BM_Delta	-	lambda=1 delta=MLkappa=1	254.660028485043	254.984352809368	delta	delta : 1 (95% CI  0.381586547056726  -  NA )	0.00108381048576926	0.00122492208943888	3.53949654239971	-0.0105989736411974 - 0.0130488178200751	0.00603259986256951	0.840178968058373	mucus_D_0__Bacteria___D_1__Proteobacteria___D_2__Alphaproteobacteria___D_3__Sphingomonadales___D_4__Sphingomonadaceae___D_5__Sphingobium	perc_dis	FALSE
