model_name	compartment	branch_length_transformation	AIC	AICc	estimated_parameter	parameter_value	R2	slope	intercept	x_trait_slope_95CI	x_trait_slope_stdev	p	x_trait	y_trait	best_model
BM	-	lambda=1 delta=1kappa=1	91.8302050707653	92.8302050707653	None	All parameters fixed	0.0833099046157261	-0.427584760073165	5.11658790486351	-1.19861171968186 - 0.343442199535527	0.393381101841169	0.296802965278522	all_D_0__Bacteria___D_1__Tenericutes___D_2__Mollicutes___D_3__Mycoplasmatales___D_4__Mycoplasmataceae___D_5__Mycoplasma	perc_dis	FALSE
BM_Lambda	-	lambda=ML delta=1kappa=1	91.4220328104686	92.4220328104686	lambda	lambda : 1e-06 (95% CI  NA  -  NA )	0.0662673957540538	-0.471047389571617	3.92619199015132	-1.43223974194702 - 0.490144962803785	0.490404261416022	0.354314927772895	all_D_0__Bacteria___D_1__Tenericutes___D_2__Mollicutes___D_3__Mycoplasmatales___D_4__Mycoplasmataceae___D_5__Mycoplasma	perc_dis	TRUE
BM_Kappa	-	lambda=1 delta=1kappa=ML	91.8302050707653	92.8302050707653	kappa	kappa : 1 (95% CI  0.272304961572339  -  NA )	0.0833099046157264	-0.427584760073166	5.11658790486354	-1.19861171968186 - 0.343442199535528	0.39338110184117	0.296802965278522	all_D_0__Bacteria___D_1__Tenericutes___D_2__Mollicutes___D_3__Mycoplasmatales___D_4__Mycoplasmataceae___D_5__Mycoplasma	perc_dis	FALSE
BM_Delta	-	lambda=1 delta=MLkappa=1	91.8302050707653	92.8302050707653	delta	delta : 1 (95% CI  0.189114155551949  -  NA )	0.0833099046157261	-0.427584760073165	5.11658790486351	-1.19861171968186 - 0.343442199535527	0.393381101841169	0.296802965278522	all_D_0__Bacteria___D_1__Tenericutes___D_2__Mollicutes___D_3__Mycoplasmatales___D_4__Mycoplasmataceae___D_5__Mycoplasma	perc_dis	FALSE
