model_name	compartment	branch_length_transformation	AIC	AICc	estimated_parameter	parameter_value	R2	slope	intercept	x_trait_slope_95CI	x_trait_slope_stdev	p	x_trait	y_trait	best_model
BM	-	lambda=1 delta=1kappa=1	270.160954523852	270.460954523852	None	All parameters fixed	0.00304142455239199	-0.0154051561958775	3.76556369566018	-0.100780070738442 - 0.0699697583466873	0.0435586298686555	0.725402281075302	all_D_0__Bacteria___D_1__Cyanobacteria___D_2__Oxyphotobacteria___D_3__Synechococcales___D_4__Cyanobiaceae___D_5__Synechococcus_CC9902	perc_dis	FALSE
BM_Lambda	-	lambda=ML delta=1kappa=1	252.45428184105	252.75428184105	lambda	lambda : 1e-06 (95% CI  NA  -  0.241526047328645 )	0.0265083665767019	-0.0793662223724589	3.91209085268757	-0.22658882138472 - 0.0678563766398026	0.0751135709246232	0.296873055733832	all_D_0__Bacteria___D_1__Cyanobacteria___D_2__Oxyphotobacteria___D_3__Synechococcales___D_4__Cyanobiaceae___D_5__Synechococcus_CC9902	perc_dis	TRUE
BM_Kappa	-	lambda=1 delta=1kappa=ML	268.734996397679	269.034996397679	kappa	kappa : 0.653557446349517 (95% CI  0.107147936928764  -  NA )	0.00614957429958431	-0.028171740665787	3.85601065308797	-0.137798307197853 - 0.0814548258662789	0.0559319217000336	0.61718259751659	all_D_0__Bacteria___D_1__Cyanobacteria___D_2__Oxyphotobacteria___D_3__Synechococcales___D_4__Cyanobiaceae___D_5__Synechococcus_CC9902	perc_dis	FALSE
BM_Delta	-	lambda=1 delta=MLkappa=1	270.160954523852	270.460954523852	delta	delta : 1 (95% CI  0.382254482192968  -  NA )	0.00304142455239199	-0.0154051561958775	3.76556369566018	-0.100780070738442 - 0.0699697583466873	0.0435586298686555	0.725402281075302	all_D_0__Bacteria___D_1__Cyanobacteria___D_2__Oxyphotobacteria___D_3__Synechococcales___D_4__Cyanobiaceae___D_5__Synechococcus_CC9902	perc_dis	FALSE
