model_name	compartment	branch_length_transformation	AIC	AICc	estimated_parameter	parameter_value	R2	slope	intercept	x_trait_slope_95CI	x_trait_slope_stdev	p	x_trait	y_trait	best_model
BM	-	lambda=1 delta=1kappa=1	254.677703980368	255.002028304692	None	All parameters fixed	0.000642304484062271	-0.00275105066424873	3.82942203467121	-0.037253733439889 - 0.0317516321113915	0.0176034095794083	0.876640094807019	mucus_D_0__Bacteria___D_1__Proteobacteria___D_2__Alphaproteobacteria___D_3__Rickettsiales___D_4__Midichloriaceae___D_5__MD3_55	perc_dis	FALSE
BM_Lambda	-	lambda=ML delta=1kappa=1	237.610732866516	237.935057190841	lambda	lambda : 1e-06 (95% CI  NA  -  0.282071378966201 )	0.00155341481228198	-0.00180718517636387	3.23472569862183	-0.0163747052642 - 0.0127603349114723	0.00743240820807966	0.809197496220887	mucus_D_0__Bacteria___D_1__Proteobacteria___D_2__Alphaproteobacteria___D_3__Rickettsiales___D_4__Midichloriaceae___D_5__MD3_55	perc_dis	TRUE
BM_Kappa	-	lambda=1 delta=1kappa=ML	252.76009749991	253.084421824234	kappa	kappa : 0.570781640040392 (95% CI  NA  -  NA )	0.00149948574855966	-0.00295662520472955	3.83674343320206	-0.0272151017400549 - 0.0213018513305958	0.0123767737425129	0.812478466409776	mucus_D_0__Bacteria___D_1__Proteobacteria___D_2__Alphaproteobacteria___D_3__Rickettsiales___D_4__Midichloriaceae___D_5__MD3_55	perc_dis	FALSE
BM_Delta	-	lambda=1 delta=MLkappa=1	254.677703980368	255.002028304692	delta	delta : 1 (95% CI  0.38213611774099  -  NA )	0.000642304484062271	-0.00275105066424873	3.82942203467121	-0.037253733439889 - 0.0317516321113915	0.0176034095794083	0.876640094807019	mucus_D_0__Bacteria___D_1__Proteobacteria___D_2__Alphaproteobacteria___D_3__Rickettsiales___D_4__Midichloriaceae___D_5__MD3_55	perc_dis	FALSE
