model_name	compartment	branch_length_transformation	AIC	AICc	estimated_parameter	parameter_value	R2	slope	intercept	x_trait_slope_95CI	x_trait_slope_stdev	p	x_trait	y_trait	best_model
BM	-	lambda=1 delta=1kappa=1	22.6458516223317	25.6458516223317	None	All parameters fixed	0.408867906785084	9.82009971880046	1.2090012353919	-0.529837722951278 - 20.1700371605522	5.28058032742436	0.122023625259851	dominance_skeleton	perc_dis	FALSE
BM_Lambda	-	lambda=ML delta=1kappa=1	22.6458516223317	25.6458516223317	lambda	lambda : 1 (95% CI  0.446737133778261  -  NA )	0.408867906785084	9.82009971880046	1.2090012353919	-0.529837722951278 - 20.1700371605522	5.28058032742436	0.122023625259851	dominance_skeleton	perc_dis	FALSE
BM_Kappa	-	lambda=1 delta=1kappa=ML	22.6458516223317	25.6458516223317	kappa	kappa : 1 (95% CI  NA  -  NA )	0.408867906785084	9.82009971880046	1.2090012353919	-0.529837722951278 - 20.1700371605522	5.28058032742436	0.122023625259851	dominance_skeleton	perc_dis	FALSE
BM_Delta	-	lambda=1 delta=MLkappa=1	21.389217129974	24.389217129974	delta	delta : 0.299030411266278 (95% CI  0.0147478768818129  -  NA )	0.565297613212282	10.2473164963418	1.12933184345101	2.37071895398304 - 18.1239140387005	4.01867221548916	0.0512706726199883	dominance_skeleton	perc_dis	TRUE
