model_name	compartment	branch_length_transformation	AIC	AICc	estimated_parameter	parameter_value	R2	slope	intercept	x_trait_slope_95CI	x_trait_slope_stdev	p	x_trait	y_trait	best_model
BM	-	lambda=1 delta=1kappa=1	135.262707689278	135.894286636646	None	All parameters fixed	0.0295953512072288	-0.0103645975673855	4.81338651146504	-0.0363756666665199 - 0.015646471531749	0.0132709536220074	0.443950091468884	tissue_D_0__Bacteria___D_1__Bacteroidetes___D_2__Bacteroidia___D_3__Flavobacteriales___D_4__Flavobacteriaceae___D_5__Maritimimonas	perc_dis	FALSE
BM_Lambda	-	lambda=ML delta=1kappa=1	125.731349657654	126.362928605023	lambda	lambda : 1e-06 (95% CI  NA  -  0.87623824780956 )	0.0436114533406935	-0.022020739294822	3.7952577114923	-0.0672156853399824 - 0.0231742067503385	0.0230586459414084	0.35098492417134	tissue_D_0__Bacteria___D_1__Bacteroidetes___D_2__Bacteroidia___D_3__Flavobacteriales___D_4__Flavobacteriaceae___D_5__Maritimimonas	perc_dis	TRUE
BM_Kappa	-	lambda=1 delta=1kappa=ML	133.550634951333	134.182213898702	kappa	kappa : 0.606382627667874 (95% CI  0.0392525994593961  -  NA )	0.0184380259448469	-0.0100646840064007	4.94794995610006	-0.0422488952088961 - 0.0221195271960948	0.0164205159196405	0.546827710788836	tissue_D_0__Bacteria___D_1__Bacteroidetes___D_2__Bacteroidia___D_3__Flavobacteriales___D_4__Flavobacteriaceae___D_5__Maritimimonas	perc_dis	FALSE
BM_Delta	-	lambda=1 delta=MLkappa=1	135.262707689278	135.894286636646	delta	delta : 1 (95% CI  0.284644591190789  -  NA )	0.0295953512072288	-0.0103645975673855	4.81338651146504	-0.0363756666665199 - 0.015646471531749	0.0132709536220074	0.443950091468884	tissue_D_0__Bacteria___D_1__Bacteroidetes___D_2__Bacteroidia___D_3__Flavobacteriales___D_4__Flavobacteriaceae___D_5__Maritimimonas	perc_dis	FALSE
