model_name	compartment	branch_length_transformation	AIC	AICc	estimated_parameter	parameter_value	R2	slope	intercept	x_trait_slope_95CI	x_trait_slope_stdev	p	x_trait	y_trait	best_model
BM	-	lambda=1 delta=1kappa=1	-32.9629371009032	-32.1629371009032	None	All parameters fixed	0.130136489133926	0.00252317287034432	0.10418680092259	-0.000673285848967485 - 0.00571963158965613	0.00163084628536317	0.141375478633017	all_D_0__Bacteria___D_1__Cyanobacteria___D_2__Oxyphotobacteria___D_3__Synechococcales___D_4__Cyanobiaceae___D_5__Synechococcus_CC9902	growth_rate_mm_per_year	FALSE
BM_Lambda	-	lambda=ML delta=1kappa=1	-38.2328188804952	-37.4328188804952	lambda	lambda : 1e-06 (95% CI  NA  -  0.968236650510598 )	2.8515549675774e-05	-6.7864889301085e-05	0.138713357575993	-0.00629508417240255 - 0.00615935439380038	0.00317715269545993	0.983222371377961	all_D_0__Bacteria___D_1__Cyanobacteria___D_2__Oxyphotobacteria___D_3__Synechococcales___D_4__Cyanobiaceae___D_5__Synechococcus_CC9902	growth_rate_mm_per_year	TRUE
BM_Kappa	-	lambda=1 delta=1kappa=ML	-35.60881270487	-34.80881270487	kappa	kappa : 0.383819296138257 (95% CI  NA  -  NA )	0.0528991422610304	0.00209284640469873	0.108737592165769	-0.00224632930053341 - 0.00643202210993086	0.00221386515573068	0.358545793307681	all_D_0__Bacteria___D_1__Cyanobacteria___D_2__Oxyphotobacteria___D_3__Synechococcales___D_4__Cyanobiaceae___D_5__Synechococcus_CC9902	growth_rate_mm_per_year	FALSE
BM_Delta	-	lambda=1 delta=MLkappa=1	-32.9629371009032	-32.1629371009032	delta	delta : 1 (95% CI  0.257369781122002  -  NA )	0.130136489133926	0.00252317287034432	0.10418680092259	-0.000673285848967485 - 0.00571963158965613	0.00163084628536317	0.141375478633017	all_D_0__Bacteria___D_1__Cyanobacteria___D_2__Oxyphotobacteria___D_3__Synechococcales___D_4__Cyanobiaceae___D_5__Synechococcus_CC9902	growth_rate_mm_per_year	FALSE
