model_name	compartment	branch_length_transformation	AIC	AICc	estimated_parameter	parameter_value	R2	slope	intercept	x_trait_slope_95CI	x_trait_slope_stdev	p	x_trait	y_trait	best_model
BM	-	lambda=1 delta=1kappa=1	110.045814155472	110.567553285907	None	All parameters fixed	0.060277548438041	-0.00504504301231156	4.35621912956344	-0.0130146578854943 - 0.00292457186087115	0.00406613003733812	0.226691132961308	skeleton_D_0__Bacteria___D_1__Bacteroidetes___D_2__Bacteroidia___D_3__Cytophagales___D_4__Amoebophilaceae___D_5__Candidatus_Amoebophilus	depth	FALSE
BM_Lambda	-	lambda=ML delta=1kappa=1	104.474554676532	104.996293806967	lambda	lambda : 1e-06 (95% CI  NA  -  0.71561524535728 )	0.133076850012536	-0.0102740509542409	4.5584807065832	-0.0207653969459427 - 0.000217295037460947	0.00535272754678665	0.0668985965564486	skeleton_D_0__Bacteria___D_1__Bacteroidetes___D_2__Bacteroidia___D_3__Cytophagales___D_4__Amoebophilaceae___D_5__Candidatus_Amoebophilus	depth	FALSE
BM_Kappa	-	lambda=1 delta=1kappa=ML	102.556257191169	103.077996321604	kappa	kappa : 0.0417420907368963 (95% CI  NA  -  0.720670963343809 )	0.0724851439306222	-0.00621181129067188	4.39772623848395	-0.01510187019809 - 0.00267824761674621	0.00453574434051944	0.183514865111366	skeleton_D_0__Bacteria___D_1__Bacteroidetes___D_2__Bacteroidia___D_3__Cytophagales___D_4__Amoebophilaceae___D_5__Candidatus_Amoebophilus	depth	TRUE
BM_Delta	-	lambda=1 delta=MLkappa=1	110.045814155472	110.567553285907	delta	delta : 1 (95% CI  0.30346793382851  -  NA )	0.060277548438041	-0.00504504301231156	4.35621912956344	-0.0130146578854943 - 0.00292457186087115	0.00406613003733812	0.226691132961308	skeleton_D_0__Bacteria___D_1__Bacteroidetes___D_2__Bacteroidia___D_3__Cytophagales___D_4__Amoebophilaceae___D_5__Candidatus_Amoebophilus	depth	FALSE
