model_name	compartment	branch_length_transformation	AIC	AICc	estimated_parameter	parameter_value	R2	slope	intercept	x_trait_slope_95CI	x_trait_slope_stdev	p	x_trait	y_trait	best_model
BM	-	lambda=1 delta=1kappa=1	-41.2349248543615	-40.4349248543615	None	All parameters fixed	0.450624905701153	0.000568015472449726	0.123379262821116	0.000260700914621804 - 0.000875330030277647	0.00015679314174894	0.00228684226735165	tissue_D_0__Bacteria___D_1__Proteobacteria___D_2__Alphaproteobacteria___D_3__Rhodospirillales___D_4__Terasakiellaceae___D_5__uncultured	growth_rate_mm_per_year	FALSE
BM_Lambda	-	lambda=ML delta=1kappa=1	-41.3263132331579	-40.5263132331579	lambda	lambda : 0.991440782318571 (95% CI  NA  -  NA )	0.424759741324876	0.000560963476207269	0.123375345726209	0.000241086023932489 - 0.000880840928482049	0.000163202781772847	0.0033836600806989	tissue_D_0__Bacteria___D_1__Proteobacteria___D_2__Alphaproteobacteria___D_3__Rhodospirillales___D_4__Terasakiellaceae___D_5__uncultured	growth_rate_mm_per_year	FALSE
BM_Kappa	-	lambda=1 delta=1kappa=ML	-41.381235854633	-40.581235854633	kappa	kappa : 0.855571656463881 (95% CI  0.0507540438874123  -  NA )	0.408898335838895	0.000562248214699421	0.123727662764856	0.000231004547073784 - 0.000893491882325058	0.00016900187123757	0.00427047943009051	tissue_D_0__Bacteria___D_1__Proteobacteria___D_2__Alphaproteobacteria___D_3__Rhodospirillales___D_4__Terasakiellaceae___D_5__uncultured	growth_rate_mm_per_year	TRUE
BM_Delta	-	lambda=1 delta=MLkappa=1	-41.2349248543615	-40.4349248543615	delta	delta : 1 (95% CI  0.211057897330649  -  NA )	0.450624905701153	0.000568015472449726	0.123379262821116	0.000260700914621804 - 0.000875330030277647	0.00015679314174894	0.00228684226735165	tissue_D_0__Bacteria___D_1__Proteobacteria___D_2__Alphaproteobacteria___D_3__Rhodospirillales___D_4__Terasakiellaceae___D_5__uncultured	growth_rate_mm_per_year	FALSE
