model_name	compartment	branch_length_transformation	AIC	AICc	estimated_parameter	parameter_value	R2	slope	intercept	x_trait_slope_95CI	x_trait_slope_stdev	p	x_trait	y_trait	best_model
BM	-	lambda=1 delta=1kappa=1	258.587121559894	258.894813867586	None	All parameters fixed	0.160420300692042	0.287696737690655	1.59563153802597	0.0837286076073749 - 0.491664867773935	0.104065372491469	0.00857843425484872	skeleton_D_0__Bacteria___D_1__Proteobacteria___D_2__Alphaproteobacteria___D_3__Rhodobacterales___D_4__Rhodobacteraceae___D_5__Ruegeria	perc_dis	FALSE
BM_Lambda	-	lambda=ML delta=1kappa=1	244.452499880274	244.760192187966	lambda	lambda : 1e-06 (95% CI  NA  -  0.228653633838357 )	0.0882681015073279	0.184220513505939	2.11817571178134	0.000737549927622899 - 0.367703477084254	0.0936137569277121	0.0560417669774111	skeleton_D_0__Bacteria___D_1__Proteobacteria___D_2__Alphaproteobacteria___D_3__Rhodobacterales___D_4__Rhodobacteraceae___D_5__Ruegeria	perc_dis	TRUE
BM_Kappa	-	lambda=1 delta=1kappa=ML	256.513086222592	256.820778530284	kappa	kappa : 0.615076544629546 (95% CI  0.084460972316062  -  NA )	0.169610686667662	0.298395269869156	1.47361241753638	0.0937827142973249 - 0.503007825440987	0.104394161006036	0.0067304874483507	skeleton_D_0__Bacteria___D_1__Proteobacteria___D_2__Alphaproteobacteria___D_3__Rhodobacterales___D_4__Rhodobacteraceae___D_5__Ruegeria	perc_dis	FALSE
BM_Delta	-	lambda=1 delta=MLkappa=1	258.587121559894	258.894813867586	delta	delta : 1 (95% CI  0.36698933664739  -  NA )	0.160420300692042	0.287696737690655	1.59563153802597	0.0837286076073749 - 0.491664867773935	0.104065372491469	0.00857843425484872	skeleton_D_0__Bacteria___D_1__Proteobacteria___D_2__Alphaproteobacteria___D_3__Rhodobacterales___D_4__Rhodobacteraceae___D_5__Ruegeria	perc_dis	FALSE
