model_name	compartment	branch_length_transformation	AIC	AICc	estimated_parameter	parameter_value	R2	slope	intercept	x_trait_slope_95CI	x_trait_slope_stdev	p	x_trait	y_trait	best_model
BM	-	lambda=1 delta=1kappa=1	269.232492114732	269.532492114732	None	All parameters fixed	0.00529937350025773	-0.00394536705965378	3.74763663990212	-0.0204910801102544 - 0.0126003459909468	0.00844169033193908	0.64271190837289	all_D_0__Bacteria___D_1__Proteobacteria___D_2__Alphaproteobacteria___D_3__Sphingomonadales___D_4__Sphingomonadaceae___D_5__Sphingobium	perc_dis	FALSE
BM_Lambda	-	lambda=ML delta=1kappa=1	253.283386909872	253.583386909872	lambda	lambda : 1e-06 (95% CI  NA  -  0.269087040120771 )	0.000538736684656308	-0.00246016651309	3.14492360870649	-0.0348958724443026 - 0.0299755394181226	0.0165488295567411	0.882549879599568	all_D_0__Bacteria___D_1__Proteobacteria___D_2__Alphaproteobacteria___D_3__Sphingomonadales___D_4__Sphingomonadaceae___D_5__Sphingobium	perc_dis	TRUE
BM_Kappa	-	lambda=1 delta=1kappa=ML	267.438672783225	267.738672783225	kappa	kappa : 0.610910318499526 (95% CI  0.0566156417512216  -  NA )	0.00972437464090924	-0.00773711657495264	3.91131128148145	-0.0316367085802609 - 0.0161624754303556	0.0121936693904634	0.529266990236913	all_D_0__Bacteria___D_1__Proteobacteria___D_2__Alphaproteobacteria___D_3__Sphingomonadales___D_4__Sphingomonadaceae___D_5__Sphingobium	perc_dis	FALSE
BM_Delta	-	lambda=1 delta=MLkappa=1	269.232492114732	269.532492114732	delta	delta : 1 (95% CI  0.382361426439099  -  NA )	0.00529937350025773	-0.00394536705965378	3.74763663990212	-0.0204910801102544 - 0.0126003459909468	0.00844169033193908	0.64271190837289	all_D_0__Bacteria___D_1__Proteobacteria___D_2__Alphaproteobacteria___D_3__Sphingomonadales___D_4__Sphingomonadaceae___D_5__Sphingobium	perc_dis	FALSE
