model_name	compartment	branch_length_transformation	AIC	AICc	estimated_parameter	parameter_value	R2	slope	intercept	x_trait_slope_95CI	x_trait_slope_stdev	p	x_trait	y_trait	best_model
BM	-	lambda=1 delta=1kappa=1	-31.5404581157653	-30.6173811926884	None	All parameters fixed	0.122655783193391	-0.0291948725349405	0.119985625674831	-0.070096409780563 - 0.0117066647106821	0.0208681312477666	0.183571113405339	all_D_0__Bacteria___D_1__Proteobacteria___D_2__Gammaproteobacteria___D_3__Cellvibrionales___D_4__Spongiibacteraceae___D_5__BD1_7_clade	growth_rate_mm_per_year	FALSE
BM_Lambda	-	lambda=ML delta=1kappa=1	-42.9007486743147	-41.9776717512377	lambda	lambda : 0.192499922904616 (95% CI  NA  -  0.878250881984453 )	0.143489325546556	-0.0540825315626615	0.134033184867639	-0.123298397839241 - 0.0151333347139183	0.0353142174880509	0.147934490127801	all_D_0__Bacteria___D_1__Proteobacteria___D_2__Gammaproteobacteria___D_3__Cellvibrionales___D_4__Spongiibacteraceae___D_5__BD1_7_clade	growth_rate_mm_per_year	TRUE
BM_Kappa	-	lambda=1 delta=1kappa=ML	-41.6743197279001	-40.7512428048232	kappa	kappa : 1e-06 (95% CI  NA  -  0.519653313221369 )	0.0867538206031421	-0.0360682989703271	0.124177212792595	-0.097369268225731 - 0.0252326702850769	0.0312760047221449	0.268127389516938	all_D_0__Bacteria___D_1__Proteobacteria___D_2__Gammaproteobacteria___D_3__Cellvibrionales___D_4__Spongiibacteraceae___D_5__BD1_7_clade	growth_rate_mm_per_year	FALSE
BM_Delta	-	lambda=1 delta=MLkappa=1	-31.5404581157653	-30.6173811926884	delta	delta : 1 (95% CI  0.295044597231523  -  NA )	0.122655783193391	-0.0291948725349405	0.119985625674831	-0.070096409780563 - 0.0117066647106821	0.0208681312477666	0.183571113405339	all_D_0__Bacteria___D_1__Proteobacteria___D_2__Gammaproteobacteria___D_3__Cellvibrionales___D_4__Spongiibacteraceae___D_5__BD1_7_clade	growth_rate_mm_per_year	FALSE
