model_name	compartment	branch_length_transformation	AIC	AICc	estimated_parameter	parameter_value	R2	slope	intercept	x_trait_slope_95CI	x_trait_slope_stdev	p	x_trait	y_trait	best_model
BM	-	lambda=1 delta=1kappa=1	159.142794280542	159.71422285197	None	All parameters fixed	0.108256172939805	16.2881858469436	3.82524312467385	-3.24671304659052 - 35.8230847404777	9.96678514976229	0.116437067612885	dominance_skeleton	perc_dis	FALSE
BM_Lambda	-	lambda=ML delta=1kappa=1	149.384041328864	149.955469900293	lambda	lambda : 1e-06 (95% CI  NA  -  0.533600011969186 )	0.105389941528892	20.3097338090522	1.79694851438817	-4.41697240663058 - 45.036440024735	12.6156664365728	0.121680115726061	dominance_skeleton	perc_dis	TRUE
BM_Kappa	-	lambda=1 delta=1kappa=ML	155.598789536008	156.170218107437	kappa	kappa : 1e-06 (95% CI  NA  -  NA )	0.241705440422235	32.1274669554904	2.27704918849545	8.34828151768599 - 55.9066523932949	12.1322374682676	0.0146882498779513	dominance_skeleton	perc_dis	FALSE
BM_Delta	-	lambda=1 delta=MLkappa=1	159.142794280542	159.71422285197	delta	delta : 1 (95% CI  0.285523542996564  -  NA )	0.108256172939805	16.2881858469436	3.82524312467385	-3.24671304659052 - 35.8230847404777	9.96678514976229	0.116437067612885	dominance_skeleton	perc_dis	FALSE
