model_name	compartment	branch_length_transformation	AIC	AICc	estimated_parameter	parameter_value	R2	slope	intercept	x_trait_slope_95CI	x_trait_slope_stdev	p	x_trait	y_trait	best_model
BM	-	lambda=1 delta=1kappa=1	172.605551804499	173.151006349953	None	All parameters fixed	0.115885281249259	0.0245964287175814	0.782013180191537	-0.00316899966279767 - 0.0523618570979605	0.0141660348879485	0.0958899939203577	observed_features_tissue	perc_dis	FALSE
BM_Lambda	-	lambda=ML delta=1kappa=1	158.052074788808	158.597529334262	lambda	lambda : 1e-06 (95% CI  NA  -  0.333331286055697 )	0.015829976168616	0.00683949610699884	3.26038466076793	-0.0152004838898458 - 0.0288794761038435	0.0112448877534922	0.54899379265923	observed_features_tissue	perc_dis	TRUE
BM_Kappa	-	lambda=1 delta=1kappa=ML	169.014767906088	169.560222451542	kappa	kappa : 0.306487481756335 (95% CI  NA  -  NA )	0.112083638830293	0.0250461623429678	0.930948775334401	-0.00376416965105965 - 0.0538564943369952	0.0146991489765446	0.10187153236237	observed_features_tissue	perc_dis	FALSE
BM_Delta	-	lambda=1 delta=MLkappa=1	172.605551804499	173.151006349953	delta	delta : 1 (95% CI  0.302088731507647  -  NA )	0.115885281249259	0.0245964287175814	0.782013180191537	-0.00316899966279767 - 0.0523618570979605	0.0141660348879485	0.0958899939203577	observed_features_tissue	perc_dis	FALSE
