model_name	compartment	branch_length_transformation	AIC	AICc	estimated_parameter	parameter_value	R2	slope	intercept	x_trait_slope_95CI	x_trait_slope_stdev	p	x_trait	y_trait	best_model
BM	-	lambda=1 delta=1kappa=1	111.518640523904	112.040379654339	None	All parameters fixed	0.00550831687747695	0.00572664298304229	4.1024983752277	-0.0250585357180927 - 0.0365118216841773	0.0157067238271097	0.718604323951559	skeleton_D_0__Bacteria___D_1__Acidobacteria___D_2__Thermoanaerobaculia___D_3__Thermoanaerobaculales___D_4__Thermoanaerobaculaceae___D_5__Subgroup_10	depth	FALSE
BM_Lambda	-	lambda=ML delta=1kappa=1	107.178207374807	107.699946505242	lambda	lambda : 1e-06 (95% CI  NA  -  0.968507399229621 )	0.0380745276511677	0.0319177032184811	3.67977180241689	-0.0322675905431072 - 0.0961029969800695	0.0327475988579532	0.339452197535959	skeleton_D_0__Bacteria___D_1__Acidobacteria___D_2__Thermoanaerobaculia___D_3__Thermoanaerobaculales___D_4__Thermoanaerobaculaceae___D_5__Subgroup_10	depth	FALSE
BM_Kappa	-	lambda=1 delta=1kappa=ML	104.455587270229	104.977326400664	kappa	kappa : 0.0522349497332373 (95% CI  NA  -  0.738764208265379 )	0.00211116236682172	0.0056205804182351	4.04776594735004	-0.043268501412913 - 0.0545096622493832	0.0249434090975245	0.82362771374619	skeleton_D_0__Bacteria___D_1__Acidobacteria___D_2__Thermoanaerobaculia___D_3__Thermoanaerobaculales___D_4__Thermoanaerobaculaceae___D_5__Subgroup_10	depth	TRUE
BM_Delta	-	lambda=1 delta=MLkappa=1	111.518640523904	112.040379654339	delta	delta : 1 (95% CI  0.302763586867389  -  NA )	0.00550831687747695	0.00572664298304229	4.1024983752277	-0.0250585357180927 - 0.0365118216841773	0.0157067238271097	0.718604323951559	skeleton_D_0__Bacteria___D_1__Acidobacteria___D_2__Thermoanaerobaculia___D_3__Thermoanaerobaculales___D_4__Thermoanaerobaculaceae___D_5__Subgroup_10	depth	FALSE
