model_name	compartment	branch_length_transformation	AIC	AICc	estimated_parameter	parameter_value	R2	slope	intercept	x_trait_slope_95CI	x_trait_slope_stdev	p	x_trait	y_trait	best_model
BM	-	lambda=1 delta=1kappa=1	110.81237488596	111.334114016395	None	All parameters fixed	0.032159140529307	-0.0598141887361607	4.6903945251683	-0.191095959790041 - 0.0714675823177193	0.0669804954356531	0.380719630903374	skeleton_D_0__Bacteria___D_1__Proteobacteria___D_2__Alphaproteobacteria___D_3__Rhodobacterales___D_4__Rhodobacteraceae___D_5__Ruegeria	depth	FALSE
BM_Lambda	-	lambda=ML delta=1kappa=1	108.072216505362	108.593955635797	lambda	lambda : 1e-06 (95% CI  NA  -  NA )	0.00442352359947819	0.0184400929704257	3.85744377625628	-0.092239281456569 - 0.12911946739742	0.0564690685852014	0.746837398879714	skeleton_D_0__Bacteria___D_1__Proteobacteria___D_2__Alphaproteobacteria___D_3__Rhodobacterales___D_4__Rhodobacteraceae___D_5__Ruegeria	depth	FALSE
BM_Kappa	-	lambda=1 delta=1kappa=ML	103.485411277125	104.00715040756	kappa	kappa : 1e-06 (95% CI  NA  -  0.708939981566103 )	0.0397562363092826	-0.0506721844390648	4.67457610403726	-0.150306328285786 - 0.048961959407656	0.0508337468605718	0.328795869222813	skeleton_D_0__Bacteria___D_1__Proteobacteria___D_2__Alphaproteobacteria___D_3__Rhodobacterales___D_4__Rhodobacteraceae___D_5__Ruegeria	depth	TRUE
BM_Delta	-	lambda=1 delta=MLkappa=1	110.81237488596	111.334114016395	delta	delta : 1 (95% CI  0.293593975300918  -  NA )	0.032159140529307	-0.0598141887361607	4.6903945251683	-0.191095959790041 - 0.0714675823177193	0.0669804954356531	0.380719630903374	skeleton_D_0__Bacteria___D_1__Proteobacteria___D_2__Alphaproteobacteria___D_3__Rhodobacterales___D_4__Rhodobacteraceae___D_5__Ruegeria	depth	FALSE
