model_name	compartment	branch_length_transformation	AIC	AICc	estimated_parameter	parameter_value	R2	slope	intercept	x_trait_slope_95CI	x_trait_slope_stdev	p	x_trait	y_trait	best_model
BM	-	lambda=1 delta=1kappa=1	110.602262256349	111.124001386783	None	All parameters fixed	0.0399489910215311	-6.29178525033292	4.25039143149554	-18.6318826674439 - 6.04831216677803	6.29596806995456	0.327601916234257	all_D_0__Bacteria___D_1__Bacteroidetes___D_2__Bacteroidia___D_3__Bacteroidales___D_4__Rikenellaceae___D_5__Rikenellaceae_RC9_gut_group	depth	FALSE
BM_Lambda	-	lambda=ML delta=1kappa=1	107.993941217623	108.515680348057	lambda	lambda : 1e-06 (95% CI  NA  -  NA )	0.00741628693331065	-3.49724232772544	4.02321894850391	-19.6842468067192 - 12.6897621512683	8.25867575458865	0.675728494285376	all_D_0__Bacteria___D_1__Bacteroidetes___D_2__Bacteroidia___D_3__Bacteroidales___D_4__Rikenellaceae___D_5__Rikenellaceae_RC9_gut_group	depth	FALSE
BM_Kappa	-	lambda=1 delta=1kappa=ML	102.543557924161	103.065297054596	kappa	kappa : 0.00895925966839517 (95% CI  NA  -  0.67920260905783 )	0.0736169549190058	-7.93858991443095	4.18257641386534	-19.2053797373984 - 3.32819990853655	5.74836215457525	0.179998631282904	all_D_0__Bacteria___D_1__Bacteroidetes___D_2__Bacteroidia___D_3__Bacteroidales___D_4__Rikenellaceae___D_5__Rikenellaceae_RC9_gut_group	depth	TRUE
BM_Delta	-	lambda=1 delta=MLkappa=1	110.602262256349	111.124001386783	delta	delta : 1 (95% CI  0.297920089554648  -  NA )	0.0399489910215311	-6.29178525033292	4.25039143149554	-18.6318826674439 - 6.04831216677803	6.29596806995456	0.327601916234257	all_D_0__Bacteria___D_1__Bacteroidetes___D_2__Bacteroidia___D_3__Bacteroidales___D_4__Rikenellaceae___D_5__Rikenellaceae_RC9_gut_group	depth	FALSE
