model_name	compartment	branch_length_transformation	AIC	AICc	estimated_parameter	parameter_value	R2	slope	intercept	x_trait_slope_95CI	x_trait_slope_stdev	p	x_trait	y_trait	best_model
BM	-	lambda=1 delta=1kappa=1	265.849751411471	266.157443719163	None	All parameters fixed	0.00193224277216006	0.0101885037466505	3.46929397827191	-0.0615720286969712 - 0.0819490361902721	0.0366125165528682	0.782231497929859	skeleton_D_0__Bacteria___D_1__Proteobacteria___D_2__Gammaproteobacteria___D_3__Oceanospirillales___D_4__Endozoicomonadaceae___D_5__Endozoicomonas	perc_dis	FALSE
BM_Lambda	-	lambda=ML delta=1kappa=1	246.365599628992	246.673291936684	lambda	lambda : 1e-06 (95% CI  NA  -  0.227491021390055 )	0.0457783615134793	0.0428287616431869	2.65693690250288	-0.0177689328286222 - 0.103426456114996	0.0309171910570454	0.173645936698424	skeleton_D_0__Bacteria___D_1__Proteobacteria___D_2__Gammaproteobacteria___D_3__Oceanospirillales___D_4__Endozoicomonadaceae___D_5__Endozoicomonas	perc_dis	TRUE
BM_Kappa	-	lambda=1 delta=1kappa=ML	263.978121625001	264.285813932693	kappa	kappa : 0.571894096451752 (95% CI  NA  -  NA )	0.00851625030758334	0.0215189617167371	3.20042648363623	-0.050436867124804 - 0.0934747905582781	0.0367121575722148	0.561065590958405	skeleton_D_0__Bacteria___D_1__Proteobacteria___D_2__Gammaproteobacteria___D_3__Oceanospirillales___D_4__Endozoicomonadaceae___D_5__Endozoicomonas	perc_dis	FALSE
BM_Delta	-	lambda=1 delta=MLkappa=1	265.849751411471	266.157443719163	delta	delta : 1 (95% CI  0.384954896742941  -  NA )	0.00193224277216006	0.0101885037466505	3.46929397827191	-0.0615720286969712 - 0.0819490361902721	0.0366125165528682	0.782231497929859	skeleton_D_0__Bacteria___D_1__Proteobacteria___D_2__Gammaproteobacteria___D_3__Oceanospirillales___D_4__Endozoicomonadaceae___D_5__Endozoicomonas	perc_dis	FALSE
