model_name	compartment	branch_length_transformation	AIC	AICc	estimated_parameter	parameter_value	R2	slope	intercept	x_trait_slope_95CI	x_trait_slope_stdev	p	x_trait	y_trait	best_model
BM	-	lambda=1 delta=1kappa=1	531.540872840272	531.826587125987	None	All parameters fixed	0.00330241759106269	0.0438620535418133	142.501711814865	-0.183897452466601 - 0.271621559550228	0.11620382959613	0.70769002581045	mucus_D_0__Bacteria___D_1__Proteobacteria___D_2__Alphaproteobacteria___D_3__Rhizobiales___D_4__Stappiaceae___D_5__Pseudovibrio	observed_features_all	FALSE
BM_Lambda	-	lambda=ML delta=1kappa=1	511.504315918113	511.790030203827	lambda	lambda : 1e-06 (95% CI  NA  -  0.698946885317115 )	0.00529277297438912	0.050916145200093	137.419251506388	-0.157717028024858 - 0.259549318425044	0.106445496543342	0.634837979992766	mucus_D_0__Bacteria___D_1__Proteobacteria___D_2__Alphaproteobacteria___D_3__Rhizobiales___D_4__Stappiaceae___D_5__Pseudovibrio	observed_features_all	TRUE
BM_Kappa	-	lambda=1 delta=1kappa=ML	519.745053706776	520.03076799249	kappa	kappa : 0.284033878140824 (95% CI  NA  -  0.696839504647193 )	0.00387849274467772	0.0428421551976867	135.199154420252	-0.162376964592488 - 0.248061274987862	0.104703632546008	0.684441920089949	mucus_D_0__Bacteria___D_1__Proteobacteria___D_2__Alphaproteobacteria___D_3__Rhizobiales___D_4__Stappiaceae___D_5__Pseudovibrio	observed_features_all	FALSE
BM_Delta	-	lambda=1 delta=MLkappa=1	531.540872840272	531.826587125987	delta	delta : 1 (95% CI  0.410852124256949  -  NA )	0.00330241759106269	0.0438620535418133	142.501711814865	-0.183897452466601 - 0.271621559550228	0.11620382959613	0.70769002581045	mucus_D_0__Bacteria___D_1__Proteobacteria___D_2__Alphaproteobacteria___D_3__Rhizobiales___D_4__Stappiaceae___D_5__Pseudovibrio	observed_features_all	FALSE
