model_name	compartment	branch_length_transformation	AIC	AICc	estimated_parameter	parameter_value	R2	slope	intercept	x_trait_slope_95CI	x_trait_slope_stdev	p	x_trait	y_trait	best_model
BM	-	lambda=1 delta=1kappa=1	185.826479009983	186.74955593306	None	All parameters fixed	0.347699938316439	15.9914084902641	160.22619064701	4.51779611221395 - 27.4650208683142	5.85388386635209	0.0162151688426793	all_D_0__Bacteria___D_1__Tenericutes___D_2__Mollicutes___D_3__Mycoplasmatales___D_4__Mycoplasmataceae___D_5__Mycoplasma	observed_features_all	FALSE
BM_Lambda	-	lambda=ML delta=1kappa=1	171.029599783291	171.952676706368	lambda	lambda : 1e-06 (95% CI  NA  -  0.408989958467589 )	0.00315604126904715	1.02534783977163	179.544816353161	-8.52030263569391 - 10.5709983152372	4.87022983442119	0.836284521415405	all_D_0__Bacteria___D_1__Tenericutes___D_2__Mollicutes___D_3__Mycoplasmatales___D_4__Mycoplasmataceae___D_5__Mycoplasma	observed_features_all	TRUE
BM_Kappa	-	lambda=1 delta=1kappa=ML	180.432216498367	181.355293421444	kappa	kappa : 1e-06 (95% CI  NA  -  0.708411874454313 )	0.0431030104150373	4.02186218896453	172.068422629028	-5.90468087904202 - 13.9484052569711	5.06456278979926	0.440380355354529	all_D_0__Bacteria___D_1__Tenericutes___D_2__Mollicutes___D_3__Mycoplasmatales___D_4__Mycoplasmataceae___D_5__Mycoplasma	observed_features_all	FALSE
BM_Delta	-	lambda=1 delta=MLkappa=1	185.826479009983	186.74955593306	delta	delta : 1 (95% CI  0.239647000830694  -  NA )	0.347699938316439	15.9914084902641	160.22619064701	4.51779611221395 - 27.4650208683142	5.85388386635209	0.0162151688426793	all_D_0__Bacteria___D_1__Tenericutes___D_2__Mollicutes___D_3__Mycoplasmatales___D_4__Mycoplasmataceae___D_5__Mycoplasma	observed_features_all	FALSE
