model_name	compartment	branch_length_transformation	AIC	AICc	estimated_parameter	parameter_value	R2	slope	intercept	x_trait_slope_95CI	x_trait_slope_stdev	p	x_trait	y_trait	best_model
BM	-	lambda=1 delta=1kappa=1	254.677371777321	255.001696101645	None	All parameters fixed	0.00065060419138124	0.00109379233261155	3.51385580920102	-0.0125363187871969 - 0.01472390345242	0.00695413832643288	0.875851804921874	mucus_D_0__Bacteria___D_1__Proteobacteria___D_2__Gammaproteobacteria___D_3__Pseudomonadales___D_4__Pseudomonadaceae___D_5__Pseudomonas	perc_dis	FALSE
BM_Lambda	-	lambda=ML delta=1kappa=1	237.617622965217	237.941947289541	lambda	lambda : 1e-06 (95% CI  NA  -  0.27197108280192 )	0.00138141511103823	0.00230423370879397	2.91817862818815	-0.0173940559637879 - 0.0220025233813759	0.0100501477921336	0.819885830098938	mucus_D_0__Bacteria___D_1__Proteobacteria___D_2__Gammaproteobacteria___D_3__Pseudomonadales___D_4__Pseudomonadaceae___D_5__Pseudomonas	perc_dis	TRUE
BM_Kappa	-	lambda=1 delta=1kappa=ML	252.819046063794	253.143370388118	kappa	kappa : 0.576234733344018 (95% CI  NA  -  NA )	2.07622901749845e-05	0.000245503011375504	3.55723642448297	-0.0168853488636735 - 0.0173763548864245	0.00874023054849439	0.977738290168686	mucus_D_0__Bacteria___D_1__Proteobacteria___D_2__Gammaproteobacteria___D_3__Pseudomonadales___D_4__Pseudomonadaceae___D_5__Pseudomonas	perc_dis	FALSE
BM_Delta	-	lambda=1 delta=MLkappa=1	254.677371777321	255.001696101645	delta	delta : 1 (95% CI  0.38141516554938  -  NA )	0.00065060419138124	0.00109379233261155	3.51385580920102	-0.0125363187871969 - 0.01472390345242	0.00695413832643288	0.875851804921874	mucus_D_0__Bacteria___D_1__Proteobacteria___D_2__Gammaproteobacteria___D_3__Pseudomonadales___D_4__Pseudomonadaceae___D_5__Pseudomonas	perc_dis	FALSE
