model_name	compartment	branch_length_transformation	AIC	AICc	estimated_parameter	parameter_value	R2	slope	intercept	x_trait_slope_95CI	x_trait_slope_stdev	p	x_trait	y_trait	best_model
BM	-	lambda=1 delta=1kappa=1	-30.9031913950185	-30.1031913950185	None	All parameters fixed	0.0246790149320402	0.000220620613972534	0.114150626467407	-0.000458977308918776 - 0.000900218536863845	0.00034673363412822	0.533589492842421	tissue_D_0__Bacteria___D_1__Proteobacteria___D_2__Gammaproteobacteria___D_3__Pseudomonadales___D_4__Pseudomonadaceae___D_5__Pseudomonas	growth_rate_mm_per_year	FALSE
BM_Lambda	-	lambda=ML delta=1kappa=1	-42.5625082146929	-41.7625082146929	lambda	lambda : 1e-06 (95% CI  NA  -  0.755871805163761 )	0.213817882942544	0.000621605559601803	0.0988437715755708	3.75548741105742e-05 - 0.00120565624509303	0.000297985043617974	0.0533435101810404	tissue_D_0__Bacteria___D_1__Proteobacteria___D_2__Gammaproteobacteria___D_3__Pseudomonadales___D_4__Pseudomonadaceae___D_5__Pseudomonas	growth_rate_mm_per_year	TRUE
BM_Kappa	-	lambda=1 delta=1kappa=ML	-37.5176069290683	-36.7176069290683	kappa	kappa : 1e-06 (95% CI  NA  -  0.74677872899239 )	0.163687951064656	0.000516664956307192	0.0998463768665746	-5.5578593933511e-05 - 0.0010889085065479	0.000291960995020767	0.0958397083133606	tissue_D_0__Bacteria___D_1__Proteobacteria___D_2__Gammaproteobacteria___D_3__Pseudomonadales___D_4__Pseudomonadaceae___D_5__Pseudomonas	growth_rate_mm_per_year	FALSE
BM_Delta	-	lambda=1 delta=MLkappa=1	-30.9031913950185	-30.1031913950185	delta	delta : 1 (95% CI  0.28742579543297  -  NA )	0.0246790149320402	0.000220620613972534	0.114150626467407	-0.000458977308918776 - 0.000900218536863845	0.00034673363412822	0.533589492842421	tissue_D_0__Bacteria___D_1__Proteobacteria___D_2__Gammaproteobacteria___D_3__Pseudomonadales___D_4__Pseudomonadaceae___D_5__Pseudomonas	growth_rate_mm_per_year	FALSE
