model_name	compartment	branch_length_transformation	AIC	AICc	estimated_parameter	parameter_value	R2	slope	intercept	x_trait_slope_95CI	x_trait_slope_stdev	p	x_trait	y_trait	best_model
BM	-	lambda=1 delta=1kappa=1	-29.5548330808115	-28.6317561577345	None	All parameters fixed	0.00673154637114483	-0.00166847459591688	0.121695307427509	-0.0122851258706562 - 0.00894817667882246	0.00541665881364252	0.762597334020504	all_D_0__Bacteria___D_1__Proteobacteria___D_2__Alphaproteobacteria___D_3__Rhizobiales___D_4__Stappiaceae___D_5__Pseudovibrio	growth_rate_mm_per_year	FALSE
BM_Lambda	-	lambda=ML delta=1kappa=1	-40.8814848756805	-39.9584079526036	lambda	lambda : 0.402595008699098 (95% CI  NA  -  0.893425746021742 )	0.00294834939188906	-0.000470552274466713	0.119466713839087	-0.00500338074424408 - 0.00406227619531065	0.00231266758662111	0.841697517215461	all_D_0__Bacteria___D_1__Proteobacteria___D_2__Alphaproteobacteria___D_3__Rhizobiales___D_4__Stappiaceae___D_5__Pseudovibrio	growth_rate_mm_per_year	TRUE
BM_Kappa	-	lambda=1 delta=1kappa=ML	-40.2264347111345	-39.3033577880575	kappa	kappa : 1e-06 (95% CI  NA  -  0.49815539299047 )	0.00025695027410129	-0.000142938676489553	0.119518471680399	-0.00481341811190773 - 0.00452754075892862	0.00238289767113172	0.953015267056079	all_D_0__Bacteria___D_1__Proteobacteria___D_2__Alphaproteobacteria___D_3__Rhizobiales___D_4__Stappiaceae___D_5__Pseudovibrio	growth_rate_mm_per_year	FALSE
BM_Delta	-	lambda=1 delta=MLkappa=1	-29.5548330808115	-28.6317561577345	delta	delta : 1 (95% CI  0.296549704343567  -  NA )	0.00673154637114483	-0.00166847459591688	0.121695307427509	-0.0122851258706562 - 0.00894817667882246	0.00541665881364252	0.762597334020504	all_D_0__Bacteria___D_1__Proteobacteria___D_2__Alphaproteobacteria___D_3__Rhizobiales___D_4__Stappiaceae___D_5__Pseudovibrio	growth_rate_mm_per_year	FALSE
