model_name	compartment	branch_length_transformation	AIC	AICc	estimated_parameter	parameter_value	R2	slope	intercept	x_trait_slope_95CI	x_trait_slope_stdev	p	x_trait	y_trait	best_model
BM	-	lambda=1 delta=1kappa=1	-26.3689514182666	-26.1080818530492	None	All parameters fixed	0.0109531213892902	-0.000776563309250947	0.172384565013071	-0.00288627688559834 - 0.00133315026709645	0.00107638447772826	0.474203291731083	all_D_0__Bacteria___D_1__Proteobacteria___D_2__Deltaproteobacteria___D_3__Desulfobacterales___D_4__Desulfobacteraceae___D_5__Desulfobacter	dominance_all	FALSE
BM_Lambda	-	lambda=ML delta=1kappa=1	-81.2350340463499	-80.9741644811325	lambda	lambda : 1e-06 (95% CI  NA  -  0.288713315035919 )	0.0315784024969601	-0.00102010375354622	0.161343921511961	-0.00263516368684744 - 0.000594956179755006	0.000824010170051644	0.221873945865832	all_D_0__Bacteria___D_1__Proteobacteria___D_2__Deltaproteobacteria___D_3__Desulfobacterales___D_4__Desulfobacteraceae___D_5__Desulfobacter	dominance_all	TRUE
BM_Kappa	-	lambda=1 delta=1kappa=ML	-58.8293989935811	-58.5685294283637	kappa	kappa : 1e-06 (95% CI  NA  -  0.279448356416179 )	0.0120950296848876	-0.000654695877740304	0.202192893337454	-0.00234630829622159 - 0.00103691654074099	0.000863067560449637	0.451898091455506	all_D_0__Bacteria___D_1__Proteobacteria___D_2__Deltaproteobacteria___D_3__Desulfobacterales___D_4__Desulfobacteraceae___D_5__Desulfobacter	dominance_all	FALSE
BM_Delta	-	lambda=1 delta=MLkappa=1	-26.3689514182666	-26.1080818530492	delta	delta : 1 (95% CI  0.47110436809755  -  NA )	0.0109531213892902	-0.000776563309250947	0.172384565013071	-0.00288627688559834 - 0.00133315026709645	0.00107638447772826	0.474203291731083	all_D_0__Bacteria___D_1__Proteobacteria___D_2__Deltaproteobacteria___D_3__Desulfobacterales___D_4__Desulfobacteraceae___D_5__Desulfobacter	dominance_all	FALSE
