model_name	compartment	branch_length_transformation	AIC	AICc	estimated_parameter	parameter_value	R2	slope	intercept	x_trait_slope_95CI	x_trait_slope_stdev	p	x_trait	y_trait	best_model
BM	-	lambda=1 delta=1kappa=1	-27.5903669451607	-26.7332240880178	None	All parameters fixed	0.0505919454834037	0.00618181809392271	0.123503765093679	-0.00737046387400191 - 0.0197341000618473	0.00691442957547174	0.385417996530176	mucus_D_0__Bacteria___D_1__Proteobacteria___D_2__Gammaproteobacteria___D_3__Pseudomonadales___D_4__Moraxellaceae___D_5__Enhydrobacter	growth_rate_mm_per_year	FALSE
BM_Lambda	-	lambda=ML delta=1kappa=1	-37.076705411663	-36.2195625545202	lambda	lambda : 1e-06 (95% CI  NA  -  0.855493018004124 )	0.0268263621475957	0.00405500374600999	0.140252105934813	-0.00830492530921276 - 0.0164149328012328	0.00630608625266467	0.529912412380169	mucus_D_0__Bacteria___D_1__Proteobacteria___D_2__Gammaproteobacteria___D_3__Pseudomonadales___D_4__Moraxellaceae___D_5__Enhydrobacter	growth_rate_mm_per_year	TRUE
BM_Kappa	-	lambda=1 delta=1kappa=ML	-32.5599364572738	-31.702793600131	kappa	kappa : 0.143787524813442 (95% CI  NA  -  0.891408536661024 )	0.042539686888261	0.00504690006982285	0.122517548740704	-0.00707019160645401 - 0.0171639917460997	0.0061821896307535	0.427068644009335	mucus_D_0__Bacteria___D_1__Proteobacteria___D_2__Gammaproteobacteria___D_3__Pseudomonadales___D_4__Moraxellaceae___D_5__Enhydrobacter	growth_rate_mm_per_year	FALSE
BM_Delta	-	lambda=1 delta=MLkappa=1	-27.5903669451607	-26.7332240880178	delta	delta : 1 (95% CI  0.276935787600625  -  NA )	0.0505919454834037	0.00618181809392271	0.123503765093679	-0.00737046387400191 - 0.0197341000618473	0.00691442957547174	0.385417996530176	mucus_D_0__Bacteria___D_1__Proteobacteria___D_2__Gammaproteobacteria___D_3__Pseudomonadales___D_4__Moraxellaceae___D_5__Enhydrobacter	growth_rate_mm_per_year	FALSE
