model_name	compartment	branch_length_transformation	AIC	AICc	estimated_parameter	parameter_value	R2	slope	intercept	x_trait_slope_95CI	x_trait_slope_stdev	p	x_trait	y_trait	best_model
BM	-	lambda=1 delta=1kappa=1	255.329888404009	255.654212728333	None	All parameters fixed	0.0565415978346096	-0.0169758796849987	4.6472870322742	-0.0390241183441596 - 0.00507235897416227	0.0112491013567148	0.139546968307825	tissue_D_0__Bacteria___D_1__Proteobacteria___D_2__Gammaproteobacteria___D_3__Pseudomonadales___D_4__Pseudomonadaceae___D_5__Pseudomonas	perc_dis	FALSE
BM_Lambda	-	lambda=ML delta=1kappa=1	236.404226065962	236.728550390286	lambda	lambda : 1e-06 (95% CI  NA  -  0.28332925387614 )	0.0378597190595301	-0.0163815032688044	4.22263716026276	-0.0426387104525037 - 0.00987570391489496	0.0133965342773976	0.228928916552376	tissue_D_0__Bacteria___D_1__Proteobacteria___D_2__Gammaproteobacteria___D_3__Pseudomonadales___D_4__Pseudomonadaceae___D_5__Pseudomonas	perc_dis	TRUE
BM_Kappa	-	lambda=1 delta=1kappa=ML	249.486401965515	249.810726289839	kappa	kappa : 0.338770594090691 (95% CI  NA  -  0.863553214876073 )	0.139469474743991	-0.0329499104999769	5.46704474150117	-0.0589731926174804 - -0.00692662838247336	0.0132771847538283	0.0176136624535173	tissue_D_0__Bacteria___D_1__Proteobacteria___D_2__Gammaproteobacteria___D_3__Pseudomonadales___D_4__Pseudomonadaceae___D_5__Pseudomonas	perc_dis	FALSE
BM_Delta	-	lambda=1 delta=MLkappa=1	255.329888404009	255.654212728333	delta	delta : 1 (95% CI  0.387907313652234  -  NA )	0.0565415978346096	-0.0169758796849987	4.6472870322742	-0.0390241183441596 - 0.00507235897416227	0.0112491013567148	0.139546968307825	tissue_D_0__Bacteria___D_1__Proteobacteria___D_2__Gammaproteobacteria___D_3__Pseudomonadales___D_4__Pseudomonadaceae___D_5__Pseudomonas	perc_dis	FALSE
