model_name	compartment	branch_length_transformation	AIC	AICc	estimated_parameter	parameter_value	R2	slope	intercept	x_trait_slope_95CI	x_trait_slope_stdev	p	x_trait	y_trait	best_model
BM	-	lambda=1 delta=1kappa=1	176.035630757746	176.449423861194	None	All parameters fixed	0.076350068384182	-0.0224973737730805	4.83160455719991	-0.0504985486428924 - 0.00550380109673132	0.0142863137090877	0.125802399992387	tissue_D_0__Bacteria___D_1__Proteobacteria___D_2__Alphaproteobacteria___D_3__Rhizobiales___D_4__Beijerinckiaceae___D_5__Methylobacterium	perc_dis	FALSE
BM_Lambda	-	lambda=ML delta=1kappa=1	175.383882286478	175.797675389927	lambda	lambda : 1e-06 (95% CI  NA  -  NA )	0.0494700257137061	-0.0306837864303059	3.73122283784632	-0.078813827856751 - 0.0174462549961393	0.024556143584921	0.221130190225262	tissue_D_0__Bacteria___D_1__Proteobacteria___D_2__Alphaproteobacteria___D_3__Rhizobiales___D_4__Beijerinckiaceae___D_5__Methylobacterium	perc_dis	TRUE
BM_Kappa	-	lambda=1 delta=1kappa=ML	176.035565510523	176.449358613971	kappa	kappa : 0.998051334154451 (95% CI  0.498542201028251  -  NA )	0.0761742168775348	-0.0224961488172513	4.83268884381361	-0.0505307679734516 - 0.00553847033894905	0.0143033771205104	0.126256892295726	tissue_D_0__Bacteria___D_1__Proteobacteria___D_2__Alphaproteobacteria___D_3__Rhizobiales___D_4__Beijerinckiaceae___D_5__Methylobacterium	perc_dis	FALSE
BM_Delta	-	lambda=1 delta=MLkappa=1	176.035630757746	176.449423861194	delta	delta : 1 (95% CI  0.283806705974736  -  NA )	0.076350068384182	-0.0224973737730805	4.83160455719991	-0.0504985486428924 - 0.00550380109673132	0.0142863137090877	0.125802399992387	tissue_D_0__Bacteria___D_1__Proteobacteria___D_2__Alphaproteobacteria___D_3__Rhizobiales___D_4__Beijerinckiaceae___D_5__Methylobacterium	perc_dis	FALSE
