model_name	compartment	branch_length_transformation	AIC	AICc	estimated_parameter	parameter_value	R2	slope	intercept	x_trait_slope_95CI	x_trait_slope_stdev	p	x_trait	y_trait	best_model
BM	-	lambda=1 delta=1kappa=1	-31.0602880233671	-30.2602880233671	None	All parameters fixed	0.0331541793816313	-0.000336789804617556	0.129260356746038	-0.00122796786591907 - 0.000554388256683959	0.000454682684337508	0.469598648746324	all_D_0__Bacteria___D_1__Bacteroidetes___D_2__Chlorobia___D_3__Chlorobiales___D_4__Chlorobiaceae___D_5__Prosthecochloris	growth_rate_mm_per_year	FALSE
BM_Lambda	-	lambda=ML delta=1kappa=1	-38.239956886747	-37.439956886747	lambda	lambda : 1e-06 (95% CI  NA  -  0.92692578055112 )	0.000424981528888068	-7.5180167049725e-05	0.13884026460336	-0.00186175838989965 - 0.0017113980558002	0.000911519501454042	0.935289748830991	all_D_0__Bacteria___D_1__Bacteroidetes___D_2__Chlorobia___D_3__Chlorobiales___D_4__Chlorobiaceae___D_5__Prosthecochloris	growth_rate_mm_per_year	TRUE
BM_Kappa	-	lambda=1 delta=1kappa=ML	-34.9290204562037	-34.1290204562037	kappa	kappa : 0.146517312384254 (95% CI  NA  -  0.996988779775007 )	0.0130338233872079	0.000354540686358329	0.124784203165979	-0.00115720027282634 - 0.00186628164554299	0.000771296407747278	0.651938331607415	all_D_0__Bacteria___D_1__Bacteroidetes___D_2__Chlorobia___D_3__Chlorobiales___D_4__Chlorobiaceae___D_5__Prosthecochloris	growth_rate_mm_per_year	FALSE
BM_Delta	-	lambda=1 delta=MLkappa=1	-31.0602880233671	-30.2602880233671	delta	delta : 1 (95% CI  0.269838479871722  -  NA )	0.0331541793816313	-0.000336789804617556	0.129260356746038	-0.00122796786591907 - 0.000554388256683959	0.000454682684337508	0.469598648746324	all_D_0__Bacteria___D_1__Bacteroidetes___D_2__Chlorobia___D_3__Chlorobiales___D_4__Chlorobiaceae___D_5__Prosthecochloris	growth_rate_mm_per_year	FALSE
