model_name	compartment	branch_length_transformation	AIC	AICc	estimated_parameter	parameter_value	R2	slope	intercept	x_trait_slope_95CI	x_trait_slope_stdev	p	x_trait	y_trait	best_model
BM	-	lambda=1 delta=1kappa=1	-30.9006643720145	-29.9775874489376	None	All parameters fixed	0.0868624578184486	-0.00516827156930917	0.152328057908958	-0.0139461471677191 - 0.00360960402910079	0.00447850795837243	0.267813847304609	all_D_0__Bacteria___D_1__Proteobacteria___D_2__Alphaproteobacteria___D_3__Rhodobacterales___D_4__Rhodobacteraceae___D_5__Ruegeria	growth_rate_mm_per_year	FALSE
BM_Lambda	-	lambda=ML delta=1kappa=1	-42.2574255952305	-41.3343486721535	lambda	lambda : 0.352550839158173 (95% CI  NA  -  0.886619376707087 )	0.0867949981000621	-0.00313543153555319	0.138249839727872	-0.00846296476711769 - 0.00219210169601132	0.00271812919977781	0.268008496065664	all_D_0__Bacteria___D_1__Proteobacteria___D_2__Alphaproteobacteria___D_3__Rhodobacterales___D_4__Rhodobacteraceae___D_5__Ruegeria	growth_rate_mm_per_year	TRUE
BM_Kappa	-	lambda=1 delta=1kappa=ML	-41.2314358044781	-40.3083588814012	kappa	kappa : 1e-06 (95% CI  NA  -  0.512247890598337 )	0.0611218290846904	-0.00254493352881817	0.139014061048405	-0.0077697970029921 - 0.00267992994535575	0.0026657466704969	0.355934539468535	all_D_0__Bacteria___D_1__Proteobacteria___D_2__Alphaproteobacteria___D_3__Rhodobacterales___D_4__Rhodobacteraceae___D_5__Ruegeria	growth_rate_mm_per_year	FALSE
BM_Delta	-	lambda=1 delta=MLkappa=1	-30.9006643720145	-29.9775874489376	delta	delta : 1 (95% CI  0.291049866484358  -  NA )	0.0868624578184486	-0.00516827156930917	0.152328057908958	-0.0139461471677191 - 0.00360960402910079	0.00447850795837243	0.267813847304609	all_D_0__Bacteria___D_1__Proteobacteria___D_2__Alphaproteobacteria___D_3__Rhodobacterales___D_4__Rhodobacteraceae___D_5__Ruegeria	growth_rate_mm_per_year	FALSE
