model_name	compartment	branch_length_transformation	AIC	AICc	estimated_parameter	parameter_value	R2	slope	intercept	x_trait_slope_95CI	x_trait_slope_stdev	p	x_trait	y_trait	best_model
BM	-	lambda=1 delta=1kappa=1	-27.6819415775922	-26.6819415775922	None	All parameters fixed	0.126764010029945	0.000859883128912552	0.0957487276129161	-0.000366967393105348 - 0.00208673365093045	0.000625944143886683	0.192748759447924	mucus_D_0__Bacteria___D_1__Cyanobacteria___D_2__Oxyphotobacteria___D_3__Synechococcales___D_4__Cyanobiaceae___D_5__Synechococcus_CC9902	growth_rate_mm_per_year	FALSE
BM_Lambda	-	lambda=ML delta=1kappa=1	-38.8591085282232	-37.8591085282232	lambda	lambda : 0.391487441002574 (95% CI  NA  -  0.890072756220987 )	0.0656457241118537	0.000729454446452046	0.103606449877888	-0.000766557763823689 - 0.00222546665672778	0.000763271535854967	0.356661808953314	mucus_D_0__Bacteria___D_1__Cyanobacteria___D_2__Oxyphotobacteria___D_3__Synechococcales___D_4__Cyanobiaceae___D_5__Synechococcus_CC9902	growth_rate_mm_per_year	TRUE
BM_Kappa	-	lambda=1 delta=1kappa=ML	-38.8239511838465	-37.8239511838465	kappa	kappa : 1e-06 (95% CI  NA  -  0.476979358142251 )	0.106109310521713	0.000821402399905714	0.103821482501755	-0.000474600052136815 - 0.00211740485194824	0.000661225740838025	0.236090444893	mucus_D_0__Bacteria___D_1__Cyanobacteria___D_2__Oxyphotobacteria___D_3__Synechococcales___D_4__Cyanobiaceae___D_5__Synechococcus_CC9902	growth_rate_mm_per_year	FALSE
BM_Delta	-	lambda=1 delta=MLkappa=1	-27.6819415775922	-26.6819415775922	delta	delta : 1 (95% CI  0.290800594167716  -  NA )	0.126764010029945	0.000859883128912552	0.0957487276129161	-0.000366967393105348 - 0.00208673365093045	0.000625944143886683	0.192748759447924	mucus_D_0__Bacteria___D_1__Cyanobacteria___D_2__Oxyphotobacteria___D_3__Synechococcales___D_4__Cyanobiaceae___D_5__Synechococcus_CC9902	growth_rate_mm_per_year	FALSE
