model_name	compartment	branch_length_transformation	AIC	AICc	estimated_parameter	parameter_value	R2	slope	intercept	x_trait_slope_95CI	x_trait_slope_stdev	p	x_trait	y_trait	best_model
BM	-	lambda=1 delta=1kappa=1	265.858385104872	266.166077412564	None	All parameters fixed	0.00172705475444701	-0.00096074027803523	3.64073652219532	-0.00811893769039028 - 0.00619745713431982	0.00365214153691584	0.793852989464676	skeleton_D_0__Bacteria___D_1__Bacteroidetes___D_2__Bacteroidia___D_3__Bacteroidales___D_4__Rikenellaceae___D_5__Rikenellaceae_RC9_gut_group	perc_dis	FALSE
BM_Lambda	-	lambda=ML delta=1kappa=1	247.81229231393	248.119984621623	lambda	lambda : 1e-06 (95% CI  NA  -  0.241566856097325 )	0.0123375062713634	-0.00366527770683959	3.19831830195991	-0.0138283156916861 - 0.00649776027800693	0.00518522346165639	0.483745194865136	skeleton_D_0__Bacteria___D_1__Bacteroidetes___D_2__Bacteroidia___D_3__Bacteroidales___D_4__Rikenellaceae___D_5__Rikenellaceae_RC9_gut_group	perc_dis	TRUE
BM_Kappa	-	lambda=1 delta=1kappa=ML	264.23526040553	264.542952713223	kappa	kappa : 0.611196470971821 (95% CI  0.0423936499271495  -  NA )	0.00199544829283625	-0.00117617981822925	3.60997664004135	-0.00932783537604336 - 0.00697547573958487	0.00415900793766026	0.778786243114201	skeleton_D_0__Bacteria___D_1__Bacteroidetes___D_2__Bacteroidia___D_3__Bacteroidales___D_4__Rikenellaceae___D_5__Rikenellaceae_RC9_gut_group	perc_dis	FALSE
BM_Delta	-	lambda=1 delta=MLkappa=1	265.858385104872	266.166077412564	delta	delta : 1 (95% CI  0.383519206583849  -  NA )	0.00172705475444701	-0.00096074027803523	3.64073652219532	-0.00811893769039028 - 0.00619745713431982	0.00365214153691584	0.793852989464676	skeleton_D_0__Bacteria___D_1__Bacteroidetes___D_2__Bacteroidia___D_3__Bacteroidales___D_4__Rikenellaceae___D_5__Rikenellaceae_RC9_gut_group	perc_dis	FALSE
