model_name	compartment	branch_length_transformation	AIC	AICc	estimated_parameter	parameter_value	R2	slope	intercept	x_trait_slope_95CI	x_trait_slope_stdev	p	x_trait	y_trait	best_model
BM	-	lambda=1 delta=1kappa=1	110.365892162991	110.887631293426	None	All parameters fixed	0.0486374121485803	-0.00247388678551049	4.15680968521416	-0.00685130535622712 - 0.00190353178520614	0.0022333768217942	0.278974498420772	all_D_0__Bacteria___D_1__Proteobacteria___D_2__Alphaproteobacteria___D_3__Rhodospirillales___D_4__Terasakiellaceae___D_5__uncultured	depth	FALSE
BM_Lambda	-	lambda=ML delta=1kappa=1	105.74087047814	106.262609608575	lambda	lambda : 1e-06 (95% CI  NA  -  0.888731611133517 )	0.0898087085900472	-0.00861457315892003	4.13651302174	-0.0195867128031751 - 0.00235756648533508	0.0055980304307424	0.136920611712191	all_D_0__Bacteria___D_1__Proteobacteria___D_2__Alphaproteobacteria___D_3__Rhodospirillales___D_4__Terasakiellaceae___D_5__uncultured	depth	FALSE
BM_Kappa	-	lambda=1 delta=1kappa=ML	104.268146801863	104.789885932297	kappa	kappa : 0.0874327805380534 (95% CI  NA  -  0.798685045128085 )	0.00954228035702474	-0.00204443235478738	4.09220678652971	-0.0103776951998524 - 0.00628883049027768	0.00425166471686993	0.634974518529933	all_D_0__Bacteria___D_1__Proteobacteria___D_2__Alphaproteobacteria___D_3__Rhodospirillales___D_4__Terasakiellaceae___D_5__uncultured	depth	TRUE
BM_Delta	-	lambda=1 delta=MLkappa=1	110.365892162991	110.887631293426	delta	delta : 1 (95% CI  0.298334636292334  -  NA )	0.0486374121485803	-0.00247388678551049	4.15680968521416	-0.00685130535622712 - 0.00190353178520614	0.0022333768217942	0.278974498420772	all_D_0__Bacteria___D_1__Proteobacteria___D_2__Alphaproteobacteria___D_3__Rhodospirillales___D_4__Terasakiellaceae___D_5__uncultured	depth	FALSE
