model_name	compartment	branch_length_transformation	AIC	AICc	estimated_parameter	parameter_value	R2	slope	intercept	x_trait_slope_95CI	x_trait_slope_stdev	p	x_trait	y_trait	best_model
BM	-	lambda=1 delta=1kappa=1	-67.0298518249826	-66.7441375392684	None	All parameters fixed	0.0436685414360776	-0.000249053120042091	0.187719896478963	-0.000597417472696608 - 9.93112326124259e-05	0.000177736914619652	0.168316973616941	tissue_D_0__Bacteria___D_1__Proteobacteria___D_2__Gammaproteobacteria___D_3__Betaproteobacteriales___D_4__Burkholderiaceae___D_5__Aquabacterium	dominance_all	FALSE
BM_Lambda	-	lambda=ML delta=1kappa=1	-89.7346932524905	-89.4489789667762	lambda	lambda : 1e-06 (95% CI  NA  -  0.521402903326378 )	0.00830333285561682	-0.000152424864432099	0.165635217629969	-0.000650323417196032 - 0.000345473688331835	0.00025402987385915	0.551637220495786	tissue_D_0__Bacteria___D_1__Proteobacteria___D_2__Gammaproteobacteria___D_3__Betaproteobacteriales___D_4__Burkholderiaceae___D_5__Aquabacterium	dominance_all	TRUE
BM_Kappa	-	lambda=1 delta=1kappa=ML	-74.0400028043575	-73.7542885186432	kappa	kappa : 0.418275821598569 (95% CI  NA  -  0.845335825683715 )	0.0237074087031748	-0.000235392322037318	0.204860304859259	-0.000686896829201145 - 0.000216112185126509	0.000230359442430524	0.312567651016636	tissue_D_0__Bacteria___D_1__Proteobacteria___D_2__Gammaproteobacteria___D_3__Betaproteobacteriales___D_4__Burkholderiaceae___D_5__Aquabacterium	dominance_all	FALSE
BM_Delta	-	lambda=1 delta=MLkappa=1	-67.0298518249826	-66.7441375392684	delta	delta : 1 (95% CI  0.39707888024182  -  NA )	0.0436685414360776	-0.000249053120042091	0.187719896478963	-0.000597417472696608 - 9.93112326124259e-05	0.000177736914619652	0.168316973616941	tissue_D_0__Bacteria___D_1__Proteobacteria___D_2__Gammaproteobacteria___D_3__Betaproteobacteriales___D_4__Burkholderiaceae___D_5__Aquabacterium	dominance_all	FALSE
