model_name	compartment	branch_length_transformation	AIC	AICc	estimated_parameter	parameter_value	R2	slope	intercept	x_trait_slope_95CI	x_trait_slope_stdev	p	x_trait	y_trait	best_model
BM	-	lambda=1 delta=1kappa=1	-26.1534548608231	-25.1534548608231	None	All parameters fixed	0.0330904499104286	0.00657098548536851	0.104217485009072	-0.012737868212777 - 0.025879839183514	0.00985145596844159	0.516432802546958	mucus_D_0__Bacteria___D_1__Tenericutes___D_2__Mollicutes___D_3__Entomoplasmatales___D_4__Spiroplasmataceae___D_5__Spiroplasma	growth_rate_mm_per_year	FALSE
BM_Lambda	-	lambda=ML delta=1kappa=1	-37.8727885473411	-36.8727885473411	lambda	lambda : 0.321380578606883 (95% CI  NA  -  0.879121102110339 )	6.51977445725492e-06	4.74140264680716e-05	0.121938000263544	-0.0100468237630409 - 0.010141651815977	0.00515012132117802	0.992794249928474	mucus_D_0__Bacteria___D_1__Tenericutes___D_2__Mollicutes___D_3__Entomoplasmatales___D_4__Spiroplasmataceae___D_5__Spiroplasma	growth_rate_mm_per_year	TRUE
BM_Kappa	-	lambda=1 delta=1kappa=ML	-37.2170300592662	-36.2170300592662	kappa	kappa : 1e-06 (95% CI  NA  -  0.456852043216835 )	0.00503100945383402	0.00108488709706971	0.117408006729241	-0.00720877133525658 - 0.009378545529396	0.00423145838383994	0.801665301733023	mucus_D_0__Bacteria___D_1__Tenericutes___D_2__Mollicutes___D_3__Entomoplasmatales___D_4__Spiroplasmataceae___D_5__Spiroplasma	growth_rate_mm_per_year	FALSE
BM_Delta	-	lambda=1 delta=MLkappa=1	-26.1534548608231	-25.1534548608231	delta	delta : 1 (95% CI  0.281637750006013  -  NA )	0.0330904499104286	0.00657098548536851	0.104217485009072	-0.012737868212777 - 0.025879839183514	0.00985145596844159	0.516432802546958	mucus_D_0__Bacteria___D_1__Tenericutes___D_2__Mollicutes___D_3__Entomoplasmatales___D_4__Spiroplasmataceae___D_5__Spiroplasma	growth_rate_mm_per_year	FALSE
