model_name	compartment	branch_length_transformation	AIC	AICc	estimated_parameter	parameter_value	R2	slope	intercept	x_trait_slope_95CI	x_trait_slope_stdev	p	x_trait	y_trait	best_model
BM	-	lambda=1 delta=1kappa=1	-42.0800926156705	-41.0800926156705	None	All parameters fixed	0.665602935040695	0.00916085075153393	0.107894895588032	0.00563110180589196 - 0.0126905996971759	0.00180089231920508	0.000208501460132293	mucus_D_0__Bacteria___D_1__Proteobacteria___D_2__Alphaproteobacteria___D_3__Rhodospirillales___D_4__Terasakiellaceae___D_5__uncultured	growth_rate_mm_per_year	FALSE
BM_Lambda	-	lambda=ML delta=1kappa=1	-43.4133976061707	-42.4133976061707	lambda	lambda : 0.88036978157233 (95% CI  0.0288093387409877  -  NA )	0.471910769514988	0.00848094514105679	0.109249992378508	0.00360394957945922 - 0.0133579407026544	0.00248826304163141	0.00466658581498502	mucus_D_0__Bacteria___D_1__Proteobacteria___D_2__Alphaproteobacteria___D_3__Rhodospirillales___D_4__Terasakiellaceae___D_5__uncultured	growth_rate_mm_per_year	FALSE
BM_Kappa	-	lambda=1 delta=1kappa=ML	-43.5660597922119	-42.5660597922119	kappa	kappa : 0.466116328744313 (95% CI  NA  -  NA )	0.502440164250218	0.00869679719206894	0.11173573053125	0.00399218075971876 - 0.0134014136244191	0.00240031450630111	0.00309169375057361	mucus_D_0__Bacteria___D_1__Proteobacteria___D_2__Alphaproteobacteria___D_3__Rhodospirillales___D_4__Terasakiellaceae___D_5__uncultured	growth_rate_mm_per_year	TRUE
BM_Delta	-	lambda=1 delta=MLkappa=1	-42.0800926156705	-41.0800926156705	delta	delta : 1 (95% CI  0.209663381691699  -  NA )	0.665602935040695	0.00916085075153393	0.107894895588032	0.00563110180589196 - 0.0126905996971759	0.00180089231920508	0.000208501460132293	mucus_D_0__Bacteria___D_1__Proteobacteria___D_2__Alphaproteobacteria___D_3__Rhodospirillales___D_4__Terasakiellaceae___D_5__uncultured	growth_rate_mm_per_year	FALSE
