model_name	compartment	branch_length_transformation	AIC	AICc	estimated_parameter	parameter_value	R2	slope	intercept	x_trait_slope_95CI	x_trait_slope_stdev	p	x_trait	y_trait	best_model
BM	-	lambda=1 delta=1kappa=1	-56.4298653942948	-56.1571381215675	None	All parameters fixed	0.0335503686910433	-0.000482363030960294	0.173999996261848	-0.00123878614950495 - 0.000274060087584366	0.000385930162522785	0.217807901339664	skeleton_D_0__Bacteria___D_1__Proteobacteria___D_2__Deltaproteobacteria___D_3__Desulfobacterales___D_4__Desulfobacteraceae___D_5__Desulfobacter	dominance_all	FALSE
BM_Lambda	-	lambda=ML delta=1kappa=1	-93.8657280467222	-93.5930007739949	lambda	lambda : 1e-06 (95% CI  NA  -  0.417087566200347 )	0.0418192116275743	-0.000487135055381125	0.155760394853935	-0.00116842974975569 - 0.000194159638993436	0.000347599333864572	0.167945988588662	skeleton_D_0__Bacteria___D_1__Proteobacteria___D_2__Deltaproteobacteria___D_3__Desulfobacterales___D_4__Desulfobacteraceae___D_5__Desulfobacter	dominance_all	TRUE
BM_Kappa	-	lambda=1 delta=1kappa=ML	-70.4014357427533	-70.128708470026	kappa	kappa : 0.220196552896073 (95% CI  NA  -  0.619184784757954 )	0.0393461682758343	-0.000495375368054648	0.197428033568463	-0.00121055717741069 - 0.000219806441301397	0.00036488867824288	0.181357939041503	skeleton_D_0__Bacteria___D_1__Proteobacteria___D_2__Deltaproteobacteria___D_3__Desulfobacterales___D_4__Desulfobacteraceae___D_5__Desulfobacter	dominance_all	FALSE
BM_Delta	-	lambda=1 delta=MLkappa=1	-56.4298653942948	-56.1571381215675	delta	delta : 1 (95% CI  0.435413987347373  -  NA )	0.0335503686910433	-0.000482363030960294	0.173999996261848	-0.00123878614950495 - 0.000274060087584366	0.000385930162522785	0.217807901339664	skeleton_D_0__Bacteria___D_1__Proteobacteria___D_2__Deltaproteobacteria___D_3__Desulfobacterales___D_4__Desulfobacteraceae___D_5__Desulfobacter	dominance_all	FALSE
