model_name	compartment	branch_length_transformation	AIC	AICc	estimated_parameter	parameter_value	R2	slope	intercept	x_trait_slope_95CI	x_trait_slope_stdev	p	x_trait	y_trait	best_model
BM	-	lambda=1 delta=1kappa=1	91.2781353882419	92.2012123113188	None	All parameters fixed	0.0510363639004195	-2.82169705022734	6.27364376494426	-9.19533456459461 - 3.55194046413993	3.25185587467718	0.400177658691409	mucus_weighted_unifrac_ordination_PC1	perc_dis	TRUE
BM_Lambda	-	lambda=ML delta=1kappa=1	91.2781353882419	92.2012123113188	lambda	lambda : 1 (95% CI  0.70759688900053  -  NA )	0.0510363639004195	-2.82169705022734	6.27364376494426	-9.19533456459461 - 3.55194046413993	3.25185587467718	0.400177658691409	mucus_weighted_unifrac_ordination_PC1	perc_dis	FALSE
BM_Kappa	-	lambda=1 delta=1kappa=ML	91.2781353882419	92.2012123113188	kappa	kappa : 1 (95% CI  0.575181742352454  -  NA )	0.0510363639004197	-2.82169705022734	6.27364376494426	-9.19533456459461 - 3.55194046413993	3.25185587467718	0.400177658691409	mucus_weighted_unifrac_ordination_PC1	perc_dis	FALSE
BM_Delta	-	lambda=1 delta=MLkappa=1	91.2781353882419	92.2012123113188	delta	delta : 1 (95% CI  0.153512194086578  -  NA )	0.0510363639004195	-2.82169705022734	6.27364376494426	-9.19533456459461 - 3.55194046413993	3.25185587467718	0.400177658691409	mucus_weighted_unifrac_ordination_PC1	perc_dis	FALSE
