model_name	compartment	branch_length_transformation	AIC	AICc	estimated_parameter	parameter_value	R2	slope	intercept	x_trait_slope_95CI	x_trait_slope_stdev	p	x_trait	y_trait	best_model
BM	-	lambda=1 delta=1kappa=1	71.1480312836529	75.1480312836529	None	All parameters fixed	0.00307251000588591	-0.0191819219168505	114.073708513837	-0.357794687944213 - 0.319430844110512	0.172761615320083	0.916939815266234	skeleton_D_0__Bacteria___D_1__Proteobacteria___D_2__Alphaproteobacteria___D_3__Rickettsiales___D_4__Midichloriaceae___D_5__MD3_55	observed_features_all	FALSE
BM_Lambda	-	lambda=ML delta=1kappa=1	64.3956746509124	68.3956746509124	lambda	lambda : 1e-06 (95% CI  NA  -  0.763448571585058 )	0.00293544318263799	-0.00992280551405375	111.689664310528	-0.189142344092265 - 0.169296733064158	0.0914385400909241	0.918809925209613	skeleton_D_0__Bacteria___D_1__Proteobacteria___D_2__Alphaproteobacteria___D_3__Rickettsiales___D_4__Midichloriaceae___D_5__MD3_55	observed_features_all	TRUE
BM_Kappa	-	lambda=1 delta=1kappa=ML	66.4781464865891	70.4781464865891	kappa	kappa : 1e-06 (95% CI  NA  -  0.846739761699753 )	0.00109698015492128	-0.0059446421237266	105.160908534741	-0.181742697935746 - 0.169853413688293	0.0896928856183772	0.950337130264151	skeleton_D_0__Bacteria___D_1__Proteobacteria___D_2__Alphaproteobacteria___D_3__Rickettsiales___D_4__Midichloriaceae___D_5__MD3_55	observed_features_all	FALSE
BM_Delta	-	lambda=1 delta=MLkappa=1	71.1480312836529	75.1480312836529	delta	delta : 1 (95% CI  0.209074373030569  -  NA )	0.00307251000588591	-0.0191819219168505	114.073708513837	-0.357794687944213 - 0.319430844110512	0.172761615320083	0.916939815266234	skeleton_D_0__Bacteria___D_1__Proteobacteria___D_2__Alphaproteobacteria___D_3__Rickettsiales___D_4__Midichloriaceae___D_5__MD3_55	observed_features_all	FALSE
