model_name	compartment	branch_length_transformation	AIC	AICc	estimated_parameter	parameter_value	R2	slope	intercept	x_trait_slope_95CI	x_trait_slope_stdev	p	x_trait	y_trait	best_model
BM	-	lambda=1 delta=1kappa=1	-26.5785105525999	-25.5785105525999	None	All parameters fixed	0.0601052430155303	0.000230253592126988	0.0882389359038063	-0.000264711127583331 - 0.000725218311837306	0.000252533020260367	0.37848423592914	mucus_D_0__Bacteria___D_1__Proteobacteria___D_2__Gammaproteobacteria___D_3__Pseudomonadales___D_4__Pseudomonadaceae___D_5__Pseudomonas	growth_rate_mm_per_year	FALSE
BM_Lambda	-	lambda=ML delta=1kappa=1	-44.1426517111587	-43.1426517111587	lambda	lambda : 1e-06 (95% CI  NA  -  0.647971843690527 )	0.382018137066085	0.000576396176850691	0.0582548011716281	0.000177875040354003 - 0.000974917313347378	0.000203327110457494	0.014060082211691	mucus_D_0__Bacteria___D_1__Proteobacteria___D_2__Gammaproteobacteria___D_3__Pseudomonadales___D_4__Pseudomonadaceae___D_5__Pseudomonas	growth_rate_mm_per_year	TRUE
BM_Kappa	-	lambda=1 delta=1kappa=ML	-39.2878658196674	-38.2878658196674	kappa	kappa : 1e-06 (95% CI  NA  -  0.374074001657476 )	0.133332103800116	0.000347341507190306	0.0780234699219039	-0.000134051822710204 - 0.000828734837090816	0.000245608841785974	0.180802070169238	mucus_D_0__Bacteria___D_1__Proteobacteria___D_2__Gammaproteobacteria___D_3__Pseudomonadales___D_4__Pseudomonadaceae___D_5__Pseudomonas	growth_rate_mm_per_year	FALSE
BM_Delta	-	lambda=1 delta=MLkappa=1	-26.5785105525999	-25.5785105525999	delta	delta : 1 (95% CI  0.308467636668605  -  NA )	0.0601052430155303	0.000230253592126988	0.0882389359038063	-0.000264711127583331 - 0.000725218311837306	0.000252533020260367	0.37848423592914	mucus_D_0__Bacteria___D_1__Proteobacteria___D_2__Gammaproteobacteria___D_3__Pseudomonadales___D_4__Pseudomonadaceae___D_5__Pseudomonas	growth_rate_mm_per_year	FALSE
