model_name	compartment	branch_length_transformation	AIC	AICc	estimated_parameter	parameter_value	R2	slope	intercept	x_trait_slope_95CI	x_trait_slope_stdev	p	x_trait	y_trait	best_model
BM	-	lambda=1 delta=1kappa=1	111.021441601951	111.543180732385	None	All parameters fixed	0.024345332103586	0.00692134991133447	3.9786419085942	-0.0106086319985716 - 0.0244513318212405	0.00894386832138064	0.446566874611056	skeleton_D_0__Bacteria___D_1__Bacteroidetes___D_2__Bacteroidia___D_3__Cytophagales___D_4__Cyclobacteriaceae___D_5__uncultured	depth	FALSE
BM_Lambda	-	lambda=ML delta=1kappa=1	107.812708429449	108.334447559884	lambda	lambda : 1e-06 (95% CI  NA  -  NA )	0.0143110258411603	-0.00761895559657463	4.18456854355757	-0.0329166218860333 - 0.0176787106928841	0.0129069725966626	0.560508804819284	skeleton_D_0__Bacteria___D_1__Bacteroidetes___D_2__Bacteroidia___D_3__Cytophagales___D_4__Cyclobacteriaceae___D_5__uncultured	depth	FALSE
BM_Kappa	-	lambda=1 delta=1kappa=ML	103.61834093213	104.140080062565	kappa	kappa : 0.0498903083461582 (95% CI  NA  -  0.722980843816119 )	0.0337445718193371	0.009137695404283	3.81792809897534	-0.0104251102352097 - 0.0287005010437757	0.00998102328545544	0.369033194348349	skeleton_D_0__Bacteria___D_1__Bacteroidetes___D_2__Bacteroidia___D_3__Cytophagales___D_4__Cyclobacteriaceae___D_5__uncultured	depth	TRUE
BM_Delta	-	lambda=1 delta=MLkappa=1	111.021441601951	111.543180732385	delta	delta : 1 (95% CI  0.29790217977582  -  NA )	0.024345332103586	0.00692134991133447	3.9786419085942	-0.0106086319985716 - 0.0244513318212405	0.00894386832138064	0.446566874611056	skeleton_D_0__Bacteria___D_1__Bacteroidetes___D_2__Bacteroidia___D_3__Cytophagales___D_4__Cyclobacteriaceae___D_5__uncultured	depth	FALSE
