model_name	compartment	branch_length_transformation	AIC	AICc	estimated_parameter	parameter_value	R2	slope	intercept	x_trait_slope_95CI	x_trait_slope_stdev	p	x_trait	y_trait	best_model
BM	-	lambda=1 delta=1kappa=1	111.145115791433	111.666854921867	None	All parameters fixed	0.0196933807432465	0.00782064991383827	4.12912049708188	-0.0142550318483794 - 0.029896331676056	0.011263102939907	0.49412368566499	all_D_0__Bacteria___D_1__Proteobacteria___D_2__Gammaproteobacteria___D_3__Alteromonadales___D_4__Pseudoalteromonadaceae___D_5__Pseudoalteromonas	depth	FALSE
BM_Lambda	-	lambda=ML delta=1kappa=1	107.937383295654	108.459122426089	lambda	lambda : 1e-06 (95% CI  NA  -  NA )	0.00957311221408332	0.00963001006799381	3.90689680999152	-0.029558777538337 - 0.0488187976743246	0.0199942793909851	0.634425689185144	all_D_0__Bacteria___D_1__Proteobacteria___D_2__Gammaproteobacteria___D_3__Alteromonadales___D_4__Pseudoalteromonadaceae___D_5__Pseudoalteromonas	depth	FALSE
BM_Kappa	-	lambda=1 delta=1kappa=ML	104.107882683583	104.629621814018	kappa	kappa : 0.0695013314543124 (95% CI  NA  -  0.745656950817682 )	0.0153931800807358	0.00886590217793382	4.06997051042908	-0.0195028759338963 - 0.037234680289764	0.0144738663835868	0.545937632734179	all_D_0__Bacteria___D_1__Proteobacteria___D_2__Gammaproteobacteria___D_3__Alteromonadales___D_4__Pseudoalteromonadaceae___D_5__Pseudoalteromonas	depth	TRUE
BM_Delta	-	lambda=1 delta=MLkappa=1	111.145115791433	111.666854921867	delta	delta : 1 (95% CI  0.300966231410852  -  NA )	0.0196933807432465	0.00782064991383827	4.12912049708188	-0.0142550318483794 - 0.029896331676056	0.011263102939907	0.49412368566499	all_D_0__Bacteria___D_1__Proteobacteria___D_2__Gammaproteobacteria___D_3__Alteromonadales___D_4__Pseudoalteromonadaceae___D_5__Pseudoalteromonas	depth	FALSE
