model_name	compartment	branch_length_transformation	AIC	AICc	estimated_parameter	parameter_value	R2	slope	intercept	x_trait_slope_95CI	x_trait_slope_stdev	p	x_trait	y_trait	best_model
BM	-	lambda=1 delta=1kappa=1	80.9289427878038	82.0198518787129	None	All parameters fixed	0.0568372255992859	-0.00722781528462292	6.95696976040778	-0.0238868327629078 - 0.00943120219366198	0.00849949871341066	0.411759683306487	tissue_D_0__Bacteria___D_1__Proteobacteria___D_2__Alphaproteobacteria___D_3__Rickettsiales___D_4__Midichloriaceae___D_5__MD3_55	perc_dis	TRUE
BM_Lambda	-	lambda=ML delta=1kappa=1	80.9289427878038	82.0198518787129	lambda	lambda : 1 (95% CI  0.540634884103239  -  NA )	0.0568372255992859	-0.00722781528462292	6.95696976040778	-0.0238868327629078 - 0.00943120219366198	0.00849949871341066	0.411759683306487	tissue_D_0__Bacteria___D_1__Proteobacteria___D_2__Alphaproteobacteria___D_3__Rickettsiales___D_4__Midichloriaceae___D_5__MD3_55	perc_dis	FALSE
BM_Kappa	-	lambda=1 delta=1kappa=ML	80.9289427878038	82.0198518787129	kappa	kappa : 1 (95% CI  0.0310270887666642  -  NA )	0.0568372255992853	-0.00722781528462292	6.95696976040779	-0.0238868327629078 - 0.00943120219366198	0.00849949871341066	0.411759683306487	tissue_D_0__Bacteria___D_1__Proteobacteria___D_2__Alphaproteobacteria___D_3__Rickettsiales___D_4__Midichloriaceae___D_5__MD3_55	perc_dis	FALSE
BM_Delta	-	lambda=1 delta=MLkappa=1	80.9289427878038	82.0198518787129	delta	delta : 1 (95% CI  0.10869737181687  -  NA )	0.0568372255992859	-0.00722781528462292	6.95696976040778	-0.0238868327629078 - 0.00943120219366198	0.00849949871341066	0.411759683306487	tissue_D_0__Bacteria___D_1__Proteobacteria___D_2__Alphaproteobacteria___D_3__Rickettsiales___D_4__Midichloriaceae___D_5__MD3_55	perc_dis	FALSE
