model_name	compartment	branch_length_transformation	AIC	AICc	estimated_parameter	parameter_value	R2	slope	intercept	x_trait_slope_95CI	x_trait_slope_stdev	p	x_trait	y_trait	best_model
BM	-	lambda=1 delta=1kappa=1	56.0354068619802	57.749692576266	None	All parameters fixed	0.0767352033790304	0.0236919362138993	5.90785752798893	-0.0332559287555507 - 0.0806398011833493	0.0290550331476786	0.438434888370512	all_D_0__Bacteria___D_1__Proteobacteria___D_2__Deltaproteobacteria___D_3__Desulfobacterales___D_4__Desulfobacteraceae___D_5__Desulfobacter	perc_dis	FALSE
BM_Lambda	-	lambda=ML delta=1kappa=1	56.0354068619802	57.749692576266	lambda	lambda : 1 (95% CI  0.662239829748871  -  NA )	0.0767352033790304	0.0236919362138993	5.90785752798893	-0.0332559287555507 - 0.0806398011833493	0.0290550331476786	0.438434888370512	all_D_0__Bacteria___D_1__Proteobacteria___D_2__Deltaproteobacteria___D_3__Desulfobacterales___D_4__Desulfobacteraceae___D_5__Desulfobacter	perc_dis	FALSE
BM_Kappa	-	lambda=1 delta=1kappa=ML	56.0354068619802	57.749692576266	kappa	kappa : 1 (95% CI  0.325348259561259  -  NA )	0.0767352033790304	0.0236919362138993	5.90785752798894	-0.0332559287555507 - 0.0806398011833493	0.0290550331476786	0.438434888370512	all_D_0__Bacteria___D_1__Proteobacteria___D_2__Deltaproteobacteria___D_3__Desulfobacterales___D_4__Desulfobacteraceae___D_5__Desulfobacter	perc_dis	FALSE
BM_Delta	-	lambda=1 delta=MLkappa=1	55.9706124472377	57.6848981615234	delta	delta : 0.761869865276414 (95% CI  0.0404338443561853  -  NA )	0.0881318767562826	0.0247873303148753	5.89122618969437	-0.0304636947528418 - 0.0800383553825924	0.0281892985039373	0.404866790479907	all_D_0__Bacteria___D_1__Proteobacteria___D_2__Deltaproteobacteria___D_3__Desulfobacterales___D_4__Desulfobacteraceae___D_5__Desulfobacter	perc_dis	TRUE
