model_name	compartment	branch_length_transformation	AIC	AICc	estimated_parameter	parameter_value	R2	slope	intercept	x_trait_slope_95CI	x_trait_slope_stdev	p	x_trait	y_trait	best_model
BM	-	lambda=1 delta=1kappa=1	111.032408728241	111.554147858675	None	All parameters fixed	0.0239337019112932	-0.165190097081143	4.16693384634643	-0.587245222659177 - 0.256865028496891	0.215334247743895	0.450483452863914	all_D_0__Bacteria___D_1__Tenericutes___D_2__Mollicutes___D_3__Mycoplasmatales___D_4__Mycoplasmataceae___D_5__Mycoplasma	depth	FALSE
BM_Lambda	-	lambda=ML delta=1kappa=1	106.48006458856	107.001803718995	lambda	lambda : 1e-06 (95% CI  NA  -  0.969604912842023 )	0.0635601133309986	-0.486056824196628	4.10555317105065	-1.23248000079111 - 0.260366352397853	0.380828151323715	0.214057184675057	all_D_0__Bacteria___D_1__Tenericutes___D_2__Mollicutes___D_3__Mycoplasmatales___D_4__Mycoplasmataceae___D_5__Mycoplasma	depth	FALSE
BM_Kappa	-	lambda=1 delta=1kappa=ML	104.19858462316	104.720323753595	kappa	kappa : 0.0727736846621598 (95% CI  NA  -  0.758377464684559 )	0.0119795646302573	-0.163626126457905	4.101577860638	-0.758144862873502 - 0.430892609957691	0.303325885926325	0.59455310082539	all_D_0__Bacteria___D_1__Tenericutes___D_2__Mollicutes___D_3__Mycoplasmatales___D_4__Mycoplasmataceae___D_5__Mycoplasma	depth	TRUE
BM_Delta	-	lambda=1 delta=MLkappa=1	111.032408728241	111.554147858675	delta	delta : 1 (95% CI  0.302669035424083  -  NA )	0.0239337019112932	-0.165190097081143	4.16693384634643	-0.587245222659177 - 0.256865028496891	0.215334247743895	0.450483452863914	all_D_0__Bacteria___D_1__Tenericutes___D_2__Mollicutes___D_3__Mycoplasmatales___D_4__Mycoplasmataceae___D_5__Mycoplasma	depth	FALSE
