model_name	compartment	branch_length_transformation	AIC	AICc	estimated_parameter	parameter_value	R2	slope	intercept	x_trait_slope_95CI	x_trait_slope_stdev	p	x_trait	y_trait	best_model
BM	-	lambda=1 delta=1kappa=1	103.207725573425	104.064868430568	None	All parameters fixed	0.035597943441821	8.86786396169803	6.0693903588318	-14.4906964420194 - 32.2264243654154	11.9176328590395	0.468315500470408	tissue_unweighted_unifrac_ordination_PC3	perc_dis	FALSE
BM_Lambda	-	lambda=ML delta=1kappa=1	100.355055523373	101.212198380516	lambda	lambda : 1e-06 (95% CI  NA  -  NA )	0.0776091170107894	18.8909580488865	4.52749237280618	-14.0673990615368 - 51.8493151593098	16.8154883216445	0.278915690771781	tissue_unweighted_unifrac_ordination_PC3	perc_dis	TRUE
BM_Kappa	-	lambda=1 delta=1kappa=ML	101.916095793344	102.773238650486	kappa	kappa : 0.698811112562306 (95% CI  0.108925881745064  -  NA )	0.0449532695947293	10.7034475394196	6.22394542278727	-14.2635199224765 - 35.6704150013158	12.7382487050491	0.413955704399778	tissue_unweighted_unifrac_ordination_PC3	perc_dis	FALSE
BM_Delta	-	lambda=1 delta=MLkappa=1	103.207725573425	104.064868430568	delta	delta : 1 (95% CI  0.240941023814951  -  NA )	0.035597943441821	8.86786396169803	6.0693903588318	-14.4906964420194 - 32.2264243654154	11.9176328590395	0.468315500470408	tissue_unweighted_unifrac_ordination_PC3	perc_dis	FALSE
